datetime,open,high,low,close,volume
2026-07-09T14:15:00+00:00,1.4161299999999981,1.4166199999999982,1.4155899999999981,1.4157099999999982,3149
2026-07-09T14:30:00+00:00,1.4157099999999982,1.4164599999999983,1.4157099999999982,1.4160199999999983,3942
2026-07-09T14:45:00+00:00,1.4160199999999983,1.4164499999999982,1.4153699999999982,1.4157999999999982,4809
2026-07-09T15:00:00+00:00,1.4157999999999982,1.4161799999999982,1.4150899999999982,1.4155599999999982,2987
2026-07-09T15:15:00+00:00,1.4155599999999982,1.4158799999999983,1.4152599999999982,1.4153699999999982,2195
2026-07-09T15:30:00+00:00,1.4153699999999982,1.4154799999999983,1.4151699999999983,1.4152399999999983,2526
2026-07-09T15:45:00+00:00,1.4152399999999983,1.4154299999999982,1.4150299999999982,1.415039999999998,2760
2026-07-09T16:00:00+00:00,1.415039999999998,1.4151899999999982,1.4146499999999982,1.4146999999999983,2046
2026-07-09T16:15:00+00:00,1.4146999999999983,1.415009999999998,1.4144899999999982,1.4149899999999982,1535
2026-07-09T16:30:00+00:00,1.4149899999999982,1.415449999999998,1.4148499999999982,1.4149199999999982,1820
2026-07-09T16:45:00+00:00,1.4149199999999982,1.4150999999999982,1.4147799999999982,1.4150999999999982,1784
2026-07-09T17:00:00+00:00,1.4150999999999982,1.415279999999998,1.4149299999999982,1.4150999999999982,1799
2026-07-09T17:15:00+00:00,1.4150999999999982,1.4151399999999983,1.4146599999999983,1.4148299999999983,1747
2026-07-09T17:30:00+00:00,1.4148299999999983,1.4152299999999982,1.4148299999999983,1.4151699999999983,1570
2026-07-09T17:45:00+00:00,1.4151699999999983,1.4152599999999982,1.4149999999999983,1.4150999999999982,1344
2026-07-09T18:00:00+00:00,1.4150999999999982,1.4153399999999983,1.4150899999999982,1.4152399999999983,1340
2026-07-09T18:15:00+00:00,1.4152399999999983,1.4154599999999982,1.4151599999999982,1.4153399999999983,1101
2026-07-09T18:30:00+00:00,1.4153399999999983,1.4154799999999983,1.4152499999999981,1.4154799999999983,1421
2026-07-09T18:45:00+00:00,1.4154799999999983,1.4155999999999982,1.4153399999999983,1.415349999999998,1317
2026-07-09T19:00:00+00:00,1.415349999999998,1.4156799999999983,1.4153199999999981,1.415649999999998,1354
2026-07-09T19:15:00+00:00,1.415649999999998,1.4158699999999982,1.4154399999999983,1.4158499999999983,752
2026-07-09T19:30:00+00:00,1.4158499999999983,1.4159399999999982,1.4155399999999982,1.4157399999999982,1428
2026-07-09T19:45:00+00:00,1.4157399999999982,1.4159299999999981,1.4156599999999981,1.4158799999999983,1563
2026-07-09T20:00:00+00:00,1.4158799999999983,1.4159399999999982,1.415649999999998,1.4157699999999982,837
2026-07-09T20:15:00+00:00,1.4157699999999982,1.4158599999999981,1.4155099999999983,1.4156399999999982,492
2026-07-09T20:30:00+00:00,1.4156399999999982,1.415649999999998,1.415379999999998,1.4153999999999982,635
2026-07-09T20:45:00+00:00,1.4153999999999982,1.4154799999999983,1.4153299999999982,1.4153299999999982,503
2026-07-09T21:00:00+00:00,1.4153299999999982,1.4153299999999982,1.4139399999999982,1.4147999999999983,54.04303628224454
2026-07-09T21:15:00+00:00,1.4147999999999983,1.4151899999999982,1.4142099999999986,1.4150699999999983,163.20029648693034
2026-07-09T21:30:00+00:00,1.4150699999999983,1.4157799999999983,1.4148699999999983,1.4153399999999983,1228
2026-07-09T21:45:00+00:00,1.4153399999999983,1.4156299999999982,1.4151899999999982,1.4155299999999982,1046
2026-07-09T22:00:00+00:00,1.4155299999999982,1.4157999999999982,1.4151299999999982,1.4156899999999981,417
2026-07-09T22:15:00+00:00,1.4156899999999981,1.4156999999999982,1.4156299999999982,1.4156599999999981,198
2026-07-09T22:30:00+00:00,1.4156599999999981,1.4156799999999983,1.4155099999999983,1.4155199999999981,171
2026-07-09T22:45:00+00:00,1.4155199999999981,1.4155599999999982,1.4154499999999983,1.4155599999999982,202
2026-07-09T23:00:00+00:00,1.4155599999999982,1.4156499999999983,1.4154299999999982,1.4154499999999983,410
2026-07-09T23:15:00+00:00,1.4154499999999983,1.4155599999999982,1.4154499999999983,1.4155199999999981,176
2026-07-09T23:30:00+00:00,1.4155199999999981,1.4155599999999982,1.4153999999999982,1.4154199999999981,181
2026-07-09T23:45:00+00:00,1.4154199999999981,1.4154599999999982,1.4153399999999983,1.4153399999999983,429
2026-07-10T00:00:00+00:00,1.4153399999999983,1.4157999999999982,1.4153099999999983,1.4157799999999983,1455
2026-07-10T00:15:00+00:00,1.4157799999999983,1.4158399999999982,1.4156599999999981,1.415789999999998,992
2026-07-10T00:30:00+00:00,1.415789999999998,1.4158599999999981,1.4154699999999982,1.4154799999999983,1090
2026-07-10T00:45:00+00:00,1.4154799999999983,1.4154899999999981,1.4146099999999981,1.4147499999999982,1816
2026-07-10T01:00:00+00:00,1.4147499999999982,1.4148999999999983,1.4142699999999981,1.4143299999999983,2350
2026-07-10T01:15:00+00:00,1.4143299999999983,1.4144099999999982,1.4139099999999982,1.4143399999999982,2005
2026-07-10T01:30:00+00:00,1.4143399999999982,1.4143899999999983,1.4140199999999983,1.414229999999998,1863
2026-07-10T01:45:00+00:00,1.414229999999998,1.4142599999999983,1.4136099999999983,1.413789999999998,1933
2026-07-10T02:00:00+00:00,1.413789999999998,1.4138599999999981,1.4128299999999983,1.4129299999999982,2429
2026-07-10T02:15:00+00:00,1.4129299999999982,1.4129399999999983,1.4124399999999981,1.4126999999999983,2122
2026-07-10T02:30:00+00:00,1.4126999999999983,1.4129699999999983,1.4125199999999982,1.4125199999999982,2031
2026-07-10T02:45:00+00:00,1.4125199999999982,1.4126099999999981,1.4121699999999981,1.4124099999999982,1964
2026-07-10T03:00:00+00:00,1.4124099999999982,1.4126299999999983,1.4123099999999982,1.4125999999999983,1568
2026-07-10T03:15:00+00:00,1.4125999999999983,1.4128399999999983,1.4125999999999983,1.4126799999999982,1289
2026-07-10T03:30:00+00:00,1.4126799999999982,1.4128199999999982,1.4125899999999982,1.4127599999999982,896
2026-07-10T03:45:00+00:00,1.4127599999999982,1.4134399999999983,1.412739999999998,1.4133699999999982,1345
2026-07-10T04:00:00+00:00,1.4133699999999982,1.4137299999999982,1.4133699999999982,1.4134899999999981,989
2026-07-10T04:15:00+00:00,1.4134899999999981,1.4140299999999981,1.4134899999999981,1.4138399999999982,1078
2026-07-10T04:30:00+00:00,1.4138399999999982,1.4142099999999982,1.4138199999999983,1.4141999999999981,911
2026-07-10T04:45:00+00:00,1.4141999999999981,1.4144099999999982,1.4141599999999983,1.4141999999999981,873
2026-07-10T05:00:00+00:00,1.4141999999999981,1.4143699999999981,1.4139299999999981,1.4143699999999981,1268
2026-07-10T05:15:00+00:00,1.4143699999999981,1.4148699999999983,1.4142899999999983,1.4147499999999982,1202
2026-07-10T05:30:00+00:00,1.4147499999999982,1.4151499999999981,1.4147499999999982,1.4149099999999981,1268
2026-07-10T05:45:00+00:00,1.4149099999999981,1.4149299999999982,1.4145899999999982,1.4147299999999983,1430
2026-07-10T06:00:00+00:00,1.4147299999999983,1.4148899999999982,1.4144399999999981,1.4147299999999983,1704
2026-07-10T06:15:00+00:00,1.4147299999999983,1.4150199999999982,1.4144299999999983,1.4145099999999982,2362
2026-07-10T06:30:00+00:00,1.4145099999999982,1.414569999999998,1.4140399999999982,1.4144499999999982,2413
2026-07-10T06:45:00+00:00,1.4144499999999982,1.4145299999999983,1.4140699999999982,1.4141799999999982,1898
2026-07-10T07:00:00+00:00,1.4141799999999982,1.4147499999999982,1.4141499999999982,1.4146599999999983,2349
2026-07-10T07:15:00+00:00,1.4146599999999983,1.4150499999999981,1.4145499999999982,1.4148299999999983,2856
2026-07-10T07:30:00+00:00,1.4148299999999983,1.4150699999999983,1.4147199999999982,1.4149499999999982,1917
2026-07-10T07:45:00+00:00,1.4149499999999982,1.4152499999999981,1.4148299999999983,1.4150799999999981,2291
2026-07-10T08:00:00+00:00,1.4150799999999981,1.415349999999998,1.4148499999999982,1.4153299999999982,3394
2026-07-10T08:15:00+00:00,1.4153299999999982,1.4155099999999983,1.4152099999999983,1.4154199999999981,2481
2026-07-10T08:30:00+00:00,1.4154199999999981,1.4154399999999983,1.4151499999999981,1.415179999999998,2396
2026-07-10T08:45:00+00:00,1.415179999999998,1.4155399999999982,1.4151399999999983,1.4154899999999981,2105
2026-07-10T09:00:00+00:00,1.4154899999999981,1.4155399999999982,1.4151999999999982,1.4154399999999983,1534
2026-07-10T09:15:00+00:00,1.4154399999999983,1.4156599999999981,1.4153299999999982,1.4155499999999983,1205
2026-07-10T09:30:00+00:00,1.4155499999999983,1.4155899999999981,1.4152899999999982,1.4154199999999981,1559
2026-07-10T09:45:00+00:00,1.4154199999999981,1.4155999999999982,1.4152499999999981,1.4155999999999982,1620
2026-07-10T10:00:00+00:00,1.4155999999999982,1.4156499999999983,1.4153199999999981,1.4154099999999983,1611
2026-07-10T10:15:00+00:00,1.4154099999999983,1.4154399999999983,1.4147299999999983,1.4147799999999982,1457
2026-07-10T10:30:00+00:00,1.4147799999999982,1.4152699999999983,1.4147299999999983,1.4151599999999982,1402
2026-07-10T10:45:00+00:00,1.4151599999999982,1.4152699999999983,1.4149499999999982,1.4150699999999983,2081
2026-07-10T11:00:00+00:00,1.4150699999999983,1.4154799999999983,1.4150399999999983,1.4154599999999982,2161
2026-07-10T11:15:00+00:00,1.4154599999999982,1.4157799999999983,1.4153599999999982,1.4155699999999982,2366
2026-07-10T11:30:00+00:00,1.4155699999999982,1.4156899999999981,1.4147999999999983,1.4148399999999983,3021
2026-07-10T11:45:00+00:00,1.4148399999999983,1.4149899999999982,1.4140299999999981,1.4142599999999983,2771
2026-07-10T12:00:00+00:00,1.4142599999999983,1.4145299999999983,1.4131899999999982,1.4137199999999983,4617
2026-07-10T12:15:00+00:00,1.4137199999999983,1.4142399999999982,1.4134999999999982,1.4140899999999983,2099
2026-07-10T12:30:00+00:00,1.4140899999999983,1.4141499999999982,1.4124499999999982,1.4133599999999982,3323
2026-07-10T12:45:00+00:00,1.4133599999999982,1.4136099999999983,1.413009999999998,1.4130699999999983,2410
2026-07-10T13:00:00+00:00,1.4130699999999983,1.4143199999999982,1.4130599999999982,1.4138399999999982,3846
2026-07-10T13:15:00+00:00,1.4138399999999982,1.4144799999999982,1.4138199999999983,1.4144499999999982,3249
2026-07-10T13:30:00+00:00,1.4144499999999982,1.4144599999999983,1.4134399999999983,1.4140399999999982,4302
2026-07-10T13:45:00+00:00,1.4140399999999982,1.4152399999999983,1.4140299999999981,1.4149399999999983,3541
2026-07-10T14:00:00+00:00,1.4149399999999983,1.4155799999999983,1.4148399999999983,1.4151399999999983,3538
2026-07-10T14:15:00+00:00,1.4151399999999983,1.4152599999999982,1.4140399999999982,1.4142899999999983,4572
2026-07-10T14:30:00+00:00,1.4142899999999983,1.4151599999999982,1.4140199999999983,1.4144499999999982,7183
2026-07-10T14:45:00+00:00,1.4144499999999982,1.414569999999998,1.4135699999999982,1.4136799999999983,3363
2026-07-10T15:00:00+00:00,1.4136799999999983,1.4140899999999983,1.4130699999999983,1.4132699999999982,3310
2026-07-10T15:15:00+00:00,1.4132699999999982,1.4132799999999983,1.4120299999999981,1.4125199999999982,2835
2026-07-10T15:30:00+00:00,1.4125199999999982,1.4129099999999981,1.4122699999999981,1.4123399999999982,2541
2026-07-10T15:45:00+00:00,1.4123399999999982,1.4126799999999982,1.4118899999999983,1.4119399999999982,2239
2026-07-10T16:00:00+00:00,1.4119399999999982,1.4121399999999982,1.4110799999999981,1.4110899999999982,2982
2026-07-10T16:15:00+00:00,1.4110899999999982,1.4113599999999982,1.4106699999999983,1.4108799999999981,2504
2026-07-10T16:30:00+00:00,1.4108799999999981,1.4109499999999982,1.4103499999999982,1.4107899999999982,2638
2026-07-10T16:45:00+00:00,1.4107899999999982,1.4111299999999982,1.4106599999999982,1.4110199999999982,2115
2026-07-10T17:00:00+00:00,1.4110199999999982,1.4119099999999982,1.4108699999999983,1.4115699999999982,2256
2026-07-10T17:15:00+00:00,1.4115699999999982,1.4122299999999983,1.4115099999999983,1.4121099999999982,1809
2026-07-10T17:30:00+00:00,1.4121099999999982,1.4127299999999983,1.4119899999999983,1.4124599999999983,1853
2026-07-10T17:45:00+00:00,1.4124599999999983,1.4131199999999982,1.4123699999999981,1.4130899999999982,1492
2026-07-10T18:00:00+00:00,1.4130899999999982,1.4134299999999982,1.4129699999999983,1.4134099999999983,1852
2026-07-10T18:15:00+00:00,1.4134099999999983,1.4136099999999983,1.4133699999999982,1.4134999999999982,1623
2026-07-10T18:30:00+00:00,1.4134999999999982,1.413789999999998,1.4132399999999983,1.4137199999999983,1573
2026-07-10T18:45:00+00:00,1.4137199999999983,1.413959999999998,1.4135299999999982,1.4137599999999981,1860
2026-07-10T19:00:00+00:00,1.4137599999999981,1.4140799999999982,1.4136999999999982,1.413959999999998,1174
2026-07-10T19:15:00+00:00,1.413959999999998,1.4140899999999983,1.4138599999999981,1.4140799999999982,928
2026-07-10T19:30:00+00:00,1.4140799999999982,1.4142499999999982,1.4140299999999981,1.4141799999999982,840
2026-07-10T19:45:00+00:00,1.4141799999999982,1.414399999999998,1.4140399999999982,1.4142199999999983,1178
2026-07-10T20:00:00+00:00,1.4142199999999983,1.4145399999999981,1.4140099999999982,1.4144399999999981,834
2026-07-10T20:15:00+00:00,1.4144399999999981,1.4144699999999981,1.4140899999999983,1.4143699999999981,764
2026-07-10T20:30:00+00:00,1.4143699999999981,1.4145799999999982,1.4141999999999981,1.4142699999999981,534
2026-07-10T20:45:00+00:00,1.4142699999999981,1.4144399999999981,1.4126899999999982,1.4136699999999982,816.2831281679942
2026-07-12T21:00:00+00:00,1.4136699999999982,1.414129999999998,1.4136399999999982,1.414129999999998,54.357485211827836
2026-07-12T21:15:00+00:00,1.414129999999998,1.414159999999998,1.4139999999999984,1.4140999999999984,90.2345878874986
2026-07-12T21:30:00+00:00,1.4140999999999984,1.4141399999999982,1.4140299999999983,1.4141399999999982,172.58538993089832
2026-07-12T21:45:00+00:00,1.4141399999999982,1.414159999999998,1.414109999999998,1.414139999999998,131.80064163323803
2026-07-12T22:00:00+00:00,1.414139999999998,1.415139999999998,1.414129999999998,1.415029999999998,683
2026-07-12T22:15:00+00:00,1.415029999999998,1.415129999999998,1.414859999999998,1.414869999999998,429
2026-07-12T22:30:00+00:00,1.414869999999998,1.415179999999998,1.414829999999998,1.415129999999998,454
2026-07-12T22:45:00+00:00,1.415129999999998,1.415139999999998,1.414949999999998,1.415089999999998,341
2026-07-12T23:00:00+00:00,1.415089999999998,1.415189999999998,1.414829999999998,1.414839999999998,480
2026-07-12T23:15:00+00:00,1.414839999999998,1.414879999999998,1.414669999999998,1.414709999999998,557
2026-07-12T23:30:00+00:00,1.414709999999998,1.414959999999998,1.414669999999998,1.414779999999998,590
2026-07-12T23:45:00+00:00,1.414779999999998,1.414879999999998,1.414459999999998,1.414519999999998,1377
2026-07-13T00:00:00+00:00,1.414519999999998,1.4149799999999981,1.414449999999998,1.414899999999998,2909
2026-07-13T00:15:00+00:00,1.414899999999998,1.414999999999998,1.414429999999998,1.414759999999998,2106
2026-07-13T00:30:00+00:00,1.414759999999998,1.415269999999998,1.414619999999998,1.415059999999998,2090
2026-07-13T00:45:00+00:00,1.415059999999998,1.415169999999998,1.414939999999998,1.415029999999998,1983
2026-07-13T01:00:00+00:00,1.415029999999998,1.415389999999998,1.415029999999998,1.415369999999998,2520
2026-07-13T01:15:00+00:00,1.415369999999998,1.415599999999998,1.415129999999998,1.4152499999999981,2482
2026-07-13T01:30:00+00:00,1.4152499999999981,1.415299999999998,1.414669999999998,1.414699999999998,2514
2026-07-13T01:45:00+00:00,1.414699999999998,1.414729999999998,1.4142999999999981,1.4142999999999981,2655
2026-07-13T02:00:00+00:00,1.4142999999999981,1.414649999999998,1.414249999999998,1.414579999999998,2186
2026-07-13T02:15:00+00:00,1.414579999999998,1.414659999999998,1.414489999999998,1.414569999999998,1527
2026-07-13T02:30:00+00:00,1.414569999999998,1.414669999999998,1.414359999999998,1.414439999999998,1758
2026-07-13T02:45:00+00:00,1.414439999999998,1.414949999999998,1.414419999999998,1.414929999999998,1848
2026-07-13T03:00:00+00:00,1.414929999999998,1.415209999999998,1.414889999999998,1.414949999999998,1928
2026-07-13T03:15:00+00:00,1.414949999999998,1.415009999999998,1.414679999999998,1.414819999999998,1796
2026-07-13T03:30:00+00:00,1.414819999999998,1.414829999999998,1.414499999999998,1.414559999999998,1685
2026-07-13T03:45:00+00:00,1.414559999999998,1.414609999999998,1.414259999999998,1.414269999999998,1478
2026-07-13T04:00:00+00:00,1.414269999999998,1.414419999999998,1.414149999999998,1.414169999999998,1222
2026-07-13T04:15:00+00:00,1.414169999999998,1.414269999999998,1.413799999999998,1.413809999999998,1428
2026-07-13T04:30:00+00:00,1.413809999999998,1.413919999999998,1.413759999999998,1.413899999999998,1227
2026-07-13T04:45:00+00:00,1.413899999999998,1.413899999999998,1.413459999999998,1.413529999999998,1126
2026-07-13T05:00:00+00:00,1.413529999999998,1.4135899999999981,1.413229999999998,1.413379999999998,1980
2026-07-13T05:15:00+00:00,1.413379999999998,1.414219999999998,1.413379999999998,1.4141999999999981,1755
2026-07-13T05:30:00+00:00,1.4141999999999981,1.414269999999998,1.413769999999998,1.414019999999998,1981
2026-07-13T05:45:00+00:00,1.414019999999998,1.414609999999998,1.4138599999999981,1.414559999999998,2202
2026-07-13T06:00:00+00:00,1.414559999999998,1.414579999999998,1.414099999999998,1.414339999999998,3424
2026-07-13T06:15:00+00:00,1.414339999999998,1.414359999999998,1.413789999999998,1.414019999999998,2727
2026-07-13T06:30:00+00:00,1.414019999999998,1.414279999999998,1.413719999999998,1.414269999999998,3395
2026-07-13T06:45:00+00:00,1.414269999999998,1.4146399999999981,1.414269999999998,1.414359999999998,2487
2026-07-13T07:00:00+00:00,1.414359999999998,1.414499999999998,1.413909999999998,1.414159999999998,4347
2026-07-13T07:15:00+00:00,1.414159999999998,1.414159999999998,1.413349999999998,1.413439999999998,2645
2026-07-13T07:30:00+00:00,1.413439999999998,1.413649999999998,1.412719999999998,1.413089999999998,3265
2026-07-13T07:45:00+00:00,1.413089999999998,1.413139999999998,1.412379999999998,1.412489999999998,2252
2026-07-13T08:00:00+00:00,1.412489999999998,1.412559999999998,1.411359999999998,1.411679999999998,4180
2026-07-13T08:15:00+00:00,1.411679999999998,1.411889999999998,1.411389999999998,1.411779999999998,3261
2026-07-13T08:30:00+00:00,1.411779999999998,1.411909999999998,1.411569999999998,1.411629999999998,2543
2026-07-13T08:45:00+00:00,1.411629999999998,1.411979999999998,1.411629999999998,1.411669999999998,2780
2026-07-13T09:00:00+00:00,1.411669999999998,1.412189999999998,1.411649999999998,1.412049999999998,3213
2026-07-13T09:15:00+00:00,1.412049999999998,1.4124699999999981,1.411849999999998,1.412309999999998,3018
2026-07-13T09:30:00+00:00,1.412309999999998,1.4124699999999981,1.4120299999999981,1.412349999999998,1668
2026-07-13T09:45:00+00:00,1.412349999999998,1.412359999999998,1.412059999999998,1.412169999999998,2377
2026-07-13T10:00:00+00:00,1.412169999999998,1.412179999999998,1.411909999999998,1.412059999999998,2347
2026-07-13T10:15:00+00:00,1.412059999999998,1.412379999999998,1.412039999999998,1.412229999999998,2040
2026-07-13T10:30:00+00:00,1.412229999999998,1.412279999999998,1.4115899999999981,1.411709999999998,2605
2026-07-13T10:45:00+00:00,1.411709999999998,1.411779999999998,1.410919999999998,1.410939999999998,2548
2026-07-13T11:00:00+00:00,1.410939999999998,1.411369999999998,1.410759999999998,1.411259999999998,3477
2026-07-13T11:15:00+00:00,1.411259999999998,1.411509999999998,1.410939999999998,1.411069999999998,2669
2026-07-13T11:30:00+00:00,1.411069999999998,1.411229999999998,1.4106399999999981,1.410739999999998,2631
2026-07-13T11:45:00+00:00,1.410739999999998,1.411609999999998,1.410739999999998,1.411559999999998,2867
2026-07-13T12:00:00+00:00,1.411559999999998,1.412329999999998,1.411339999999998,1.412219999999998,3131
2026-07-13T12:15:00+00:00,1.412219999999998,1.412219999999998,1.411699999999998,1.412089999999998,2833
2026-07-13T12:30:00+00:00,1.412089999999998,1.412179999999998,1.4115899999999981,1.411879999999998,3103
2026-07-13T12:45:00+00:00,1.411879999999998,1.4122999999999981,1.4115899999999981,1.411609999999998,3209
2026-07-13T13:00:00+00:00,1.411609999999998,1.411949999999998,1.4112499999999981,1.411909999999998,3277
2026-07-13T13:15:00+00:00,1.411909999999998,1.412649999999998,1.411799999999998,1.412409999999998,2400
2026-07-13T13:30:00+00:00,1.412409999999998,1.412929999999998,1.411749999999998,1.412549999999998,5232
2026-07-13T13:45:00+00:00,1.412549999999998,1.412659999999998,1.411939999999998,1.412379999999998,5249
2026-07-13T14:00:00+00:00,1.412379999999998,1.412659999999998,1.412019999999998,1.412429999999998,4525
2026-07-13T14:15:00+00:00,1.412429999999998,1.413389999999998,1.411719999999998,1.411779999999998,5714
2026-07-13T14:30:00+00:00,1.411779999999998,1.412739999999998,1.411779999999998,1.412489999999998,4689
2026-07-13T14:45:00+00:00,1.412489999999998,1.412929999999998,1.412039999999998,1.412429999999998,4340
2026-07-13T15:00:00+00:00,1.412429999999998,1.412609999999998,1.411839999999998,1.412109999999998,3131
2026-07-13T15:15:00+00:00,1.412109999999998,1.412219999999998,1.411469999999998,1.411929999999998,2310
2026-07-13T15:30:00+00:00,1.411929999999998,1.412409999999998,1.411929999999998,1.412209999999998,2407
2026-07-13T15:45:00+00:00,1.412209999999998,1.412539999999998,1.412019999999998,1.412259999999998,2092
2026-07-13T16:00:00+00:00,1.412259999999998,1.412359999999998,1.411929999999998,1.412099999999998,1901
2026-07-13T16:15:00+00:00,1.412099999999998,1.412739999999998,1.412079999999998,1.412609999999998,2888
2026-07-13T16:30:00+00:00,1.412609999999998,1.413649999999998,1.412549999999998,1.413229999999998,3690
2026-07-13T16:45:00+00:00,1.413229999999998,1.4134199999999981,1.412999999999998,1.413009999999998,4388
2026-07-13T17:00:00+00:00,1.413009999999998,1.413349999999998,1.412939999999998,1.413309999999998,3046
2026-07-13T17:15:00+00:00,1.413309999999998,1.413399999999998,1.412859999999998,1.412929999999998,1846
2026-07-13T17:30:00+00:00,1.412929999999998,1.413129999999998,1.412709999999998,1.412879999999998,1785
2026-07-13T17:45:00+00:00,1.412879999999998,1.413139999999998,1.412679999999998,1.412879999999998,1777
2026-07-13T18:00:00+00:00,1.412879999999998,1.413169999999998,1.412769999999998,1.413169999999998,2194
2026-07-13T18:15:00+00:00,1.413169999999998,1.413189999999998,1.412849999999998,1.413019999999998,1856
2026-07-13T18:30:00+00:00,1.413019999999998,1.413139999999998,1.4129099999999981,1.413139999999998,1588
2026-07-13T18:45:00+00:00,1.413139999999998,1.413339999999998,1.413059999999998,1.413169999999998,2113
2026-07-13T19:00:00+00:00,1.413169999999998,1.413849999999998,1.413089999999998,1.413819999999998,1714
2026-07-13T19:15:00+00:00,1.413819999999998,1.413979999999998,1.413699999999998,1.413959999999998,2207
2026-07-13T19:30:00+00:00,1.413959999999998,1.414129999999998,1.413889999999998,1.413939999999998,1204
2026-07-13T19:45:00+00:00,1.413939999999998,1.414019999999998,1.4135899999999981,1.413679999999998,1669
2026-07-13T20:00:00+00:00,1.413679999999998,1.413839999999998,1.413509999999998,1.4136899999999981,1257
2026-07-13T20:15:00+00:00,1.4136899999999981,1.413939999999998,1.413549999999998,1.413909999999998,789
2026-07-13T20:30:00+00:00,1.413909999999998,1.414049999999998,1.413789999999998,1.413849999999998,591
2026-07-13T20:45:00+00:00,1.413849999999998,1.414049999999998,1.413369999999998,1.413369999999998,658
2026-07-13T21:00:00+00:00,1.413369999999998,1.413399999999998,1.4127499999999982,1.412899999999998,74.75682464556564
2026-07-13T21:15:00+00:00,1.412899999999998,1.412939999999998,1.4128899999999982,1.412939999999998,79.59785204648307
2026-07-13T21:30:00+00:00,1.412939999999998,1.4131599999999982,1.4126999999999983,1.4127499999999984,442.79558846384384
2026-07-13T21:45:00+00:00,1.4127499999999984,1.4129199999999984,1.4123999999999985,1.4126099999999984,346.29127765022145
2026-07-13T22:00:00+00:00,1.4126099999999984,1.4133399999999985,1.4126099999999984,1.4130899999999984,302
2026-07-13T22:15:00+00:00,1.4130899999999984,1.4131999999999985,1.4130899999999984,1.4131699999999985,221
2026-07-13T22:30:00+00:00,1.4131699999999985,1.4131699999999985,1.4129799999999983,1.4129899999999984,314.0266518600777
2026-07-13T22:45:00+00:00,1.4129899999999984,1.4131699999999985,1.4129899999999984,1.4131099999999985,195
2026-07-13T23:00:00+00:00,1.4131099999999985,1.4131999999999985,1.4130499999999984,1.4131499999999984,554
2026-07-13T23:15:00+00:00,1.4131499999999984,1.4132099999999985,1.4130399999999985,1.4131699999999985,320
2026-07-13T23:30:00+00:00,1.4131699999999985,1.4131999999999985,1.4126899999999984,1.4127499999999984,561
2026-07-13T23:45:00+00:00,1.4127499999999984,1.4128999999999985,1.4126299999999985,1.4127599999999985,1422
2026-07-14T00:00:00+00:00,1.4127599999999985,1.4131999999999985,1.4127099999999984,1.4129999999999985,3317
2026-07-14T00:15:00+00:00,1.4129999999999985,1.4132099999999985,1.4128999999999985,1.4131699999999985,2431
2026-07-14T00:30:00+00:00,1.4131699999999985,1.4132799999999985,1.4124499999999984,1.4125099999999984,2448
2026-07-14T00:45:00+00:00,1.4125099999999984,1.4126299999999985,1.4122999999999983,1.4126199999999984,2711
2026-07-14T01:00:00+00:00,1.4126199999999984,1.4127399999999983,1.4124199999999985,1.4124599999999985,2764
2026-07-14T01:15:00+00:00,1.4124599999999985,1.4125399999999984,1.4120899999999985,1.4124799999999984,2342
2026-07-14T01:30:00+00:00,1.4124799999999984,1.4125799999999984,1.4122399999999984,1.4122799999999984,3244
2026-07-14T01:45:00+00:00,1.4122799999999984,1.4123799999999984,1.4120399999999984,1.4121399999999984,2364
2026-07-14T02:00:00+00:00,1.4121399999999984,1.4121599999999985,1.4117399999999984,1.4117699999999984,1775
2026-07-14T02:15:00+00:00,1.4117699999999984,1.4117699999999984,1.4113399999999985,1.4113499999999983,1646
2026-07-14T02:30:00+00:00,1.4113499999999983,1.4114499999999985,1.4110499999999984,1.4111899999999984,1551
2026-07-14T02:45:00+00:00,1.4111899999999984,1.4112199999999984,1.4109599999999984,1.4111299999999984,1276
2026-07-14T03:00:00+00:00,1.4111299999999984,1.4114099999999985,1.4110499999999984,1.4112599999999984,1395
2026-07-14T03:15:00+00:00,1.4112599999999984,1.4112899999999984,1.4108799999999984,1.4109599999999984,1595
2026-07-14T03:30:00+00:00,1.4109599999999984,1.4109999999999985,1.4106799999999984,1.4109699999999985,1496
2026-07-14T03:45:00+00:00,1.4109699999999985,1.4110199999999984,1.4108699999999985,1.4109899999999984,1381
2026-07-14T04:00:00+00:00,1.4109899999999984,1.4111699999999985,1.4108499999999984,1.4109699999999985,1698
2026-07-14T04:15:00+00:00,1.4109699999999985,1.4109699999999985,1.4106999999999985,1.4108299999999985,1004
2026-07-14T04:30:00+00:00,1.4108299999999985,1.4109799999999983,1.4107299999999985,1.4109599999999984,1411
2026-07-14T04:45:00+00:00,1.4109599999999984,1.4112499999999983,1.4109399999999985,1.4109899999999984,1356
2026-07-14T05:00:00+00:00,1.4109899999999984,1.4110099999999983,1.4107499999999984,1.4109099999999983,1104
2026-07-14T05:15:00+00:00,1.4109099999999983,1.4110299999999985,1.4108599999999984,1.4109399999999985,1370
2026-07-14T05:30:00+00:00,1.4109399999999985,1.4110099999999983,1.4107199999999984,1.4109599999999984,1617
2026-07-14T05:45:00+00:00,1.4109599999999984,1.4111799999999983,1.4109499999999984,1.4109899999999984,1902
2026-07-14T06:00:00+00:00,1.4109899999999984,1.4110499999999984,1.4106599999999985,1.4108999999999985,1922
2026-07-14T06:15:00+00:00,1.4108999999999985,1.4113299999999984,1.4108699999999985,1.4112199999999984,1842
2026-07-14T06:30:00+00:00,1.4112199999999984,1.4112299999999984,1.4107799999999984,1.4112299999999984,2059
2026-07-14T06:45:00+00:00,1.4112299999999984,1.4113799999999985,1.4110499999999984,1.4112399999999985,2132
2026-07-14T07:00:00+00:00,1.4112399999999985,1.4113099999999985,1.4104399999999984,1.4105599999999985,2720
2026-07-14T07:15:00+00:00,1.4105599999999985,1.4105699999999983,1.4094299999999984,1.4094599999999984,2375
2026-07-14T07:30:00+00:00,1.4094599999999984,1.4096699999999984,1.4086599999999985,1.4086599999999985,3387
2026-07-14T07:45:00+00:00,1.4086599999999985,1.4087999999999985,1.4079899999999985,1.4083099999999984,3107
2026-07-14T08:00:00+00:00,1.4083099999999984,1.4084899999999985,1.4076199999999985,1.4080099999999984,3423
2026-07-14T08:15:00+00:00,1.4080099999999984,1.4085099999999984,1.4080099999999984,1.4084699999999983,2595
2026-07-14T08:30:00+00:00,1.4084699999999983,1.4084899999999985,1.4070499999999984,1.4070999999999985,2475
2026-07-14T08:45:00+00:00,1.4070999999999985,1.4073299999999984,1.4068499999999984,1.4070799999999983,2227
2026-07-14T09:00:00+00:00,1.4070799999999983,1.4070899999999984,1.4062299999999985,1.4062599999999985,3067
2026-07-14T09:15:00+00:00,1.4062599999999985,1.4066899999999984,1.4061599999999985,1.4063599999999985,2804
2026-07-14T09:30:00+00:00,1.4063599999999985,1.4065199999999984,1.4061899999999985,1.4064999999999985,1896
2026-07-14T09:45:00+00:00,1.4064999999999985,1.4065499999999984,1.4059799999999985,1.4063399999999984,2097
2026-07-14T10:00:00+00:00,1.4063399999999984,1.4068499999999984,1.4061999999999983,1.4068399999999985,2222
2026-07-14T10:15:00+00:00,1.4068399999999985,1.4075499999999985,1.4067999999999985,1.4074699999999984,2035
2026-07-14T10:30:00+00:00,1.4074699999999984,1.4079099999999984,1.4073499999999983,1.4077699999999984,2273
2026-07-14T10:45:00+00:00,1.4077699999999984,1.4085599999999985,1.4075899999999983,1.4085199999999984,2409
2026-07-14T11:00:00+00:00,1.4085199999999984,1.4091099999999985,1.4084899999999985,1.4088699999999985,3459
2026-07-14T11:15:00+00:00,1.4088699999999985,1.4093199999999984,1.4088699999999985,1.4092999999999984,2984
2026-07-14T11:30:00+00:00,1.4092999999999984,1.4094299999999984,1.4091699999999985,1.4092199999999984,2794
2026-07-14T11:45:00+00:00,1.4092199999999984,1.4094199999999983,1.4087399999999983,1.4092499999999983,2515
2026-07-14T12:00:00+00:00,1.4092499999999983,1.4093699999999985,1.4085799999999984,1.4088699999999985,3026
2026-07-14T12:15:00+00:00,1.4088699999999985,1.4088799999999984,1.4074999999999984,1.4075899999999983,3462
2026-07-14T12:30:00+00:00,1.4075899999999983,1.4075999999999984,1.4034199999999983,1.4035799999999985,14313
2026-07-14T12:45:00+00:00,1.4035799999999985,1.4054699999999984,1.4032599999999984,1.4051799999999983,8817
2026-07-14T13:00:00+00:00,1.4051799999999983,1.4052999999999984,1.4041399999999984,1.4044599999999985,7841
2026-07-14T13:15:00+00:00,1.4044599999999985,1.4045299999999985,1.4033199999999983,1.4037499999999985,4835
2026-07-14T13:30:00+00:00,1.4037499999999985,1.4045099999999984,1.4034099999999985,1.4042899999999985,6302
2026-07-14T13:45:00+00:00,1.4042899999999985,1.4048599999999984,1.4042499999999984,1.4048499999999984,5123
2026-07-14T14:00:00+00:00,1.4048499999999984,1.4048499999999984,1.4033899999999984,1.4035199999999983,3626
2026-07-14T14:15:00+00:00,1.4035199999999983,1.4046899999999984,1.4029799999999983,1.4046599999999985,6206
2026-07-14T14:30:00+00:00,1.4046599999999985,1.4046999999999985,1.4032099999999985,1.4035799999999985,7707
2026-07-14T14:45:00+00:00,1.4035799999999985,1.4038199999999985,1.4032199999999984,1.4035099999999985,4292
2026-07-14T15:00:00+00:00,1.4035099999999985,1.4036799999999985,1.4025699999999985,1.4025999999999985,5268
2026-07-14T15:15:00+00:00,1.4025999999999985,1.4035899999999983,1.4025999999999985,1.4033499999999983,3506
2026-07-14T15:30:00+00:00,1.4033499999999983,1.4044499999999984,1.4031599999999984,1.4041199999999985,5085
2026-07-14T15:45:00+00:00,1.4041199999999985,1.4048199999999984,1.4037199999999985,1.4046099999999984,4978
2026-07-14T16:00:00+00:00,1.4046099999999984,1.4051599999999984,1.4045799999999984,1.4048199999999984,4704
2026-07-14T16:15:00+00:00,1.4048199999999984,1.4050399999999985,1.4044499999999984,1.4045399999999983,2443
2026-07-14T16:30:00+00:00,1.4045399999999983,1.4045999999999985,1.4038299999999984,1.4040699999999984,2297
2026-07-14T16:45:00+00:00,1.4040699999999984,1.4041999999999983,1.4036399999999984,1.4038299999999984,2216
2026-07-14T17:00:00+00:00,1.4038299999999984,1.4048399999999985,1.4037299999999984,1.4047099999999983,3552
2026-07-14T17:15:00+00:00,1.4047099999999983,1.4051799999999983,1.4046199999999984,1.4047499999999984,3462
2026-07-14T17:30:00+00:00,1.4047499999999984,1.4049099999999983,1.4045999999999985,1.4047099999999983,1487
2026-07-14T17:45:00+00:00,1.4047099999999983,1.4048599999999984,1.4044199999999984,1.4047499999999984,2104
2026-07-14T18:00:00+00:00,1.4047499999999984,1.4049299999999985,1.4045399999999983,1.4048199999999984,1717
2026-07-14T18:15:00+00:00,1.4048199999999984,1.4051699999999985,1.4044599999999985,1.4049799999999983,2088
2026-07-14T18:30:00+00:00,1.4049799999999983,1.4052899999999984,1.4046499999999984,1.4050499999999984,2511
2026-07-14T18:45:00+00:00,1.4050499999999984,1.4050899999999984,1.4044499999999984,1.4044599999999985,1970
2026-07-14T19:00:00+00:00,1.4044599999999985,1.4048599999999984,1.4043699999999983,1.4044999999999985,1688
2026-07-14T19:15:00+00:00,1.4044999999999985,1.4046799999999984,1.4044399999999984,1.4045399999999983,1932
2026-07-14T19:30:00+00:00,1.4045399999999983,1.4046699999999985,1.4042399999999984,1.4042699999999984,2724
2026-07-14T19:45:00+00:00,1.4042699999999984,1.4045199999999984,1.4041599999999985,1.4045199999999984,1661
2026-07-14T20:00:00+00:00,1.4045199999999984,1.4047699999999985,1.4043599999999985,1.4044099999999984,1118
2026-07-14T20:15:00+00:00,1.4044099999999984,1.4044699999999983,1.4042199999999985,1.4042199999999985,841
2026-07-14T20:30:00+00:00,1.4042199999999985,1.4042499999999984,1.4036399999999984,1.4036399999999984,848
2026-07-14T20:45:00+00:00,1.4036399999999984,1.4038599999999983,1.4035399999999985,1.4036099999999985,859
2026-07-14T21:00:00+00:00,1.4036099999999985,1.4048199999999986,1.4035399999999985,1.4046699999999985,169.7575976456266
2026-07-14T21:15:00+00:00,1.4046699999999985,1.404749999999999,1.4045999999999987,1.404729999999999,110.98932871509975
2026-07-14T21:30:00+00:00,1.404729999999999,1.404819999999999,1.404449999999999,1.404799999999999,623
2026-07-14T21:45:00+00:00,1.404799999999999,1.404829999999999,1.404449999999999,1.404829999999999,479
2026-07-14T22:00:00+00:00,1.404829999999999,1.404829999999999,1.404619999999999,1.404669999999999,510
2026-07-14T22:15:00+00:00,1.404669999999999,1.4046899999999989,1.404469999999999,1.4045599999999991,188.49109061038797
2026-07-14T22:30:00+00:00,1.4045599999999991,1.404669999999999,1.404539999999999,1.404609999999999,220
2026-07-14T22:45:00+00:00,1.404609999999999,1.4047299999999991,1.404569999999999,1.404579999999999,253
2026-07-14T23:00:00+00:00,1.404579999999999,1.4047299999999991,1.4044899999999991,1.404499999999999,432
2026-07-14T23:15:00+00:00,1.404499999999999,1.4045899999999991,1.4043199999999991,1.404329999999999,411
2026-07-14T23:30:00+00:00,1.404329999999999,1.4043899999999991,1.404109999999999,1.404239999999999,862
2026-07-14T23:45:00+00:00,1.404239999999999,1.404269999999999,1.403649999999999,1.403869999999999,956
2026-07-15T00:00:00+00:00,1.403869999999999,1.404239999999999,1.4037099999999991,1.404159999999999,1837
2026-07-15T00:15:00+00:00,1.404159999999999,1.404159999999999,1.403739999999999,1.4038499999999992,1530
2026-07-15T00:30:00+00:00,1.4038499999999992,1.404129999999999,1.403719999999999,1.404039999999999,1086
2026-07-15T00:45:00+00:00,1.404039999999999,1.4040499999999991,1.403329999999999,1.403379999999999,1495
2026-07-15T01:00:00+00:00,1.403379999999999,1.403519999999999,1.403059999999999,1.403159999999999,2055
2026-07-15T01:15:00+00:00,1.403159999999999,1.403629999999999,1.403039999999999,1.403529999999999,1412
2026-07-15T01:30:00+00:00,1.403529999999999,1.403549999999999,1.403159999999999,1.403449999999999,1291
2026-07-15T01:45:00+00:00,1.403449999999999,1.403549999999999,1.403229999999999,1.403229999999999,1138
2026-07-15T02:00:00+00:00,1.403229999999999,1.4033399999999991,1.403039999999999,1.4032399999999992,980
2026-07-15T02:15:00+00:00,1.4032399999999992,1.403449999999999,1.403059999999999,1.403129999999999,1106
2026-07-15T02:30:00+00:00,1.403129999999999,1.403259999999999,1.402599999999999,1.402699999999999,1352
2026-07-15T02:45:00+00:00,1.402699999999999,1.402879999999999,1.402669999999999,1.402749999999999,1179
2026-07-15T03:00:00+00:00,1.402749999999999,1.403349999999999,1.4026299999999992,1.403329999999999,1311
2026-07-15T03:15:00+00:00,1.403329999999999,1.403649999999999,1.403329999999999,1.403489999999999,1116
2026-07-15T03:30:00+00:00,1.403489999999999,1.403589999999999,1.4032699999999991,1.403589999999999,861
2026-07-15T03:45:00+00:00,1.403589999999999,1.4036099999999991,1.403189999999999,1.403299999999999,899
2026-07-15T04:00:00+00:00,1.403299999999999,1.403389999999999,1.403149999999999,1.403319999999999,1155
2026-07-15T04:15:00+00:00,1.403319999999999,1.403419999999999,1.403209999999999,1.4033399999999991,895
2026-07-15T04:30:00+00:00,1.4033399999999991,1.403479999999999,1.403229999999999,1.403449999999999,932
2026-07-15T04:45:00+00:00,1.403449999999999,1.403599999999999,1.4033699999999991,1.403579999999999,745
2026-07-15T05:00:00+00:00,1.403579999999999,1.403769999999999,1.4034099999999992,1.403519999999999,1421
2026-07-15T05:15:00+00:00,1.403519999999999,1.403689999999999,1.403429999999999,1.403639999999999,792
2026-07-15T05:30:00+00:00,1.403639999999999,1.4038799999999991,1.403469999999999,1.403619999999999,1244
2026-07-15T05:45:00+00:00,1.403619999999999,1.403939999999999,1.403479999999999,1.403909999999999,1217
2026-07-15T06:00:00+00:00,1.403909999999999,1.404269999999999,1.4038799999999991,1.404249999999999,1572
2026-07-15T06:15:00+00:00,1.404249999999999,1.404259999999999,1.403629999999999,1.404029999999999,2398
2026-07-15T06:30:00+00:00,1.404029999999999,1.4042899999999992,1.4039499999999991,1.404109999999999,2394
2026-07-15T06:45:00+00:00,1.404109999999999,1.4045599999999991,1.404109999999999,1.4044899999999991,2558
2026-07-15T07:00:00+00:00,1.4044899999999991,1.4044899999999991,1.403019999999999,1.403079999999999,3155
2026-07-15T07:15:00+00:00,1.403079999999999,1.404439999999999,1.403049999999999,1.404259999999999,2876
2026-07-15T07:30:00+00:00,1.404259999999999,1.404369999999999,1.4036799999999992,1.403749999999999,2308
2026-07-15T07:45:00+00:00,1.403749999999999,1.4040499999999991,1.403689999999999,1.403899999999999,1631
2026-07-15T08:00:00+00:00,1.403899999999999,1.403929999999999,1.403279999999999,1.403819999999999,2241
2026-07-15T08:15:00+00:00,1.403819999999999,1.4040499999999991,1.4035399999999991,1.403639999999999,1969
2026-07-15T08:30:00+00:00,1.403639999999999,1.404059999999999,1.403459999999999,1.404059999999999,1887
2026-07-15T08:45:00+00:00,1.404059999999999,1.404469999999999,1.403999999999999,1.404179999999999,1745
2026-07-15T09:00:00+00:00,1.404179999999999,1.4044199999999991,1.404009999999999,1.404079999999999,1632
2026-07-15T09:15:00+00:00,1.404079999999999,1.4044199999999991,1.403999999999999,1.4043899999999991,1415
2026-07-15T09:30:00+00:00,1.4043899999999991,1.404769999999999,1.4043199999999991,1.4043899999999991,1389
2026-07-15T09:45:00+00:00,1.4043899999999991,1.404709999999999,1.404369999999999,1.404609999999999,1631
2026-07-15T10:00:00+00:00,1.404609999999999,1.404939999999999,1.404599999999999,1.404819999999999,1855
2026-07-15T10:15:00+00:00,1.404819999999999,1.405419999999999,1.404809999999999,1.405319999999999,1892
2026-07-15T10:30:00+00:00,1.405319999999999,1.405669999999999,1.405219999999999,1.4053399999999991,1869
2026-07-15T10:45:00+00:00,1.4053399999999991,1.405419999999999,1.4050999999999991,1.405219999999999,1429
2026-07-15T11:00:00+00:00,1.405219999999999,1.405349999999999,1.405009999999999,1.4052699999999991,1726
2026-07-15T11:15:00+00:00,1.4052699999999991,1.405559999999999,1.405219999999999,1.4055099999999991,1519
2026-07-15T11:30:00+00:00,1.4055099999999991,1.4057799999999991,1.405209999999999,1.405759999999999,1823
2026-07-15T11:45:00+00:00,1.405759999999999,1.405839999999999,1.405249999999999,1.405589999999999,3359
2026-07-15T12:00:00+00:00,1.405589999999999,1.406379999999999,1.4054399999999991,1.406099999999999,3267
2026-07-15T12:15:00+00:00,1.406099999999999,1.406139999999999,1.405449999999999,1.405459999999999,2626
2026-07-15T12:30:00+00:00,1.405459999999999,1.405479999999999,1.403919999999999,1.4039499999999991,4918
2026-07-15T12:45:00+00:00,1.4039499999999991,1.404429999999999,1.403899999999999,1.404009999999999,3261
2026-07-15T13:00:00+00:00,1.404009999999999,1.404369999999999,1.403719999999999,1.404329999999999,3603
2026-07-15T13:15:00+00:00,1.404329999999999,1.4049299999999991,1.403769999999999,1.4048999999999991,2793
2026-07-15T13:30:00+00:00,1.4048999999999991,1.4049999999999991,1.404209999999999,1.404689999999999,3682
2026-07-15T13:45:00+00:00,1.404689999999999,1.405449999999999,1.404309999999999,1.405259999999999,4144
2026-07-15T14:00:00+00:00,1.405259999999999,1.405429999999999,1.4046599999999991,1.405209999999999,3087
2026-07-15T14:15:00+00:00,1.405209999999999,1.405209999999999,1.403959999999999,1.404399999999999,3887
2026-07-15T14:30:00+00:00,1.404399999999999,1.4045899999999991,1.403959999999999,1.404199999999999,3700
2026-07-15T14:45:00+00:00,1.404199999999999,1.4046299999999992,1.403739999999999,1.403829999999999,5149
2026-07-15T15:00:00+00:00,1.403829999999999,1.404029999999999,1.4031999999999991,1.404029999999999,3479
2026-07-15T15:15:00+00:00,1.404029999999999,1.404409999999999,1.4034099999999992,1.4034399999999991,3697
2026-07-15T15:30:00+00:00,1.4034399999999991,1.403889999999999,1.4032699999999991,1.403689999999999,2468
2026-07-15T15:45:00+00:00,1.403689999999999,1.4037099999999991,1.403219999999999,1.403499999999999,2355
2026-07-15T16:00:00+00:00,1.403499999999999,1.403919999999999,1.403259999999999,1.403349999999999,4095
2026-07-15T16:15:00+00:00,1.403349999999999,1.403899999999999,1.403329999999999,1.403519999999999,3118
2026-07-15T16:30:00+00:00,1.403519999999999,1.404189999999999,1.403499999999999,1.404109999999999,2621
2026-07-15T16:45:00+00:00,1.404109999999999,1.404189999999999,1.4035399999999991,1.4035399999999991,2846
2026-07-15T17:00:00+00:00,1.4035399999999991,1.403579999999999,1.402889999999999,1.403059999999999,2452
2026-07-15T17:15:00+00:00,1.403059999999999,1.403149999999999,1.402699999999999,1.402769999999999,1937
2026-07-15T17:30:00+00:00,1.402769999999999,1.402799999999999,1.401789999999999,1.4018099999999991,2892
2026-07-15T17:45:00+00:00,1.4018099999999991,1.402249999999999,1.401769999999999,1.401869999999999,2495
2026-07-15T18:00:00+00:00,1.401869999999999,1.402139999999999,1.4016099999999991,1.402039999999999,2467
2026-07-15T18:15:00+00:00,1.402039999999999,1.402109999999999,1.401329999999999,1.4013399999999991,1813
2026-07-15T18:30:00+00:00,1.4013399999999991,1.401999999999999,1.401119999999999,1.4019499999999991,2288
2026-07-15T18:45:00+00:00,1.4019499999999991,1.402969999999999,1.401929999999999,1.402939999999999,2376
2026-07-15T19:00:00+00:00,1.402939999999999,1.402969999999999,1.402209999999999,1.402349999999999,2031
2026-07-15T19:15:00+00:00,1.402349999999999,1.4026299999999992,1.402309999999999,1.402619999999999,1581
2026-07-15T19:30:00+00:00,1.402619999999999,1.403179999999999,1.4025899999999991,1.402859999999999,2655
2026-07-15T19:45:00+00:00,1.402859999999999,1.403019999999999,1.402699999999999,1.402849999999999,2400
2026-07-15T20:00:00+00:00,1.402849999999999,1.403159999999999,1.402749999999999,1.403129999999999,760
2026-07-15T20:15:00+00:00,1.403129999999999,1.403189999999999,1.402969999999999,1.402989999999999,553
2026-07-15T20:30:00+00:00,1.402989999999999,1.403189999999999,1.402849999999999,1.402919999999999,666
2026-07-15T20:45:00+00:00,1.402919999999999,1.402939999999999,1.402469999999999,1.402749999999999,937
2026-07-15T21:00:00+00:00,1.402749999999999,1.402749999999999,1.402349999999999,1.4025099999999993,86.01068126139927
2026-07-15T21:15:00+00:00,1.4025099999999993,1.4029399999999994,1.4019199999999994,1.4019699999999995,481.12587343182474
2026-07-15T21:30:00+00:00,1.4019699999999995,1.4020099999999995,1.4009799999999994,1.4018499999999994,868
2026-07-15T21:45:00+00:00,1.4018499999999994,1.4019299999999995,1.4012399999999996,1.4016199999999996,1568.2359241966492
2026-07-15T22:00:00+00:00,1.4016199999999996,1.4021899999999996,1.4016199999999996,1.4020799999999995,807
2026-07-15T22:15:00+00:00,1.4020799999999995,1.4021499999999996,1.4020199999999996,1.4021299999999997,413
2026-07-15T22:30:00+00:00,1.4021299999999997,1.4022499999999996,1.4019199999999996,1.4022299999999996,356
2026-07-15T22:45:00+00:00,1.4022299999999996,1.4022499999999996,1.4019899999999996,1.4022199999999996,366
2026-07-15T23:00:00+00:00,1.4022199999999996,1.4022199999999996,1.4018599999999997,1.4018699999999995,327.9436005962847
2026-07-15T23:15:00+00:00,1.4018699999999995,1.4019999999999997,1.4018599999999997,1.4018899999999996,348.0263157894737
2026-07-15T23:30:00+00:00,1.4018899999999996,1.4020499999999996,1.4016699999999995,1.4016999999999995,532
2026-07-15T23:45:00+00:00,1.4016999999999995,1.4019199999999996,1.4016799999999996,1.4019099999999995,623
2026-07-16T00:00:00+00:00,1.4019099999999995,1.4021199999999996,1.4017699999999995,1.4019299999999997,2125
2026-07-16T00:15:00+00:00,1.4019299999999997,1.4020999999999997,1.4018299999999997,1.4020699999999997,1700
2026-07-16T00:30:00+00:00,1.4020699999999997,1.4025099999999997,1.4020199999999996,1.4022899999999996,1517
2026-07-16T00:45:00+00:00,1.4022899999999996,1.4024499999999995,1.4019699999999995,1.4019999999999997,2048
2026-07-16T01:00:00+00:00,1.4019999999999997,1.4024599999999996,1.4018399999999995,1.4020899999999996,2018
2026-07-16T01:15:00+00:00,1.4020899999999996,1.4025299999999996,1.4020799999999995,1.4025199999999995,1811
2026-07-16T01:30:00+00:00,1.4025199999999995,1.4028899999999995,1.4024799999999995,1.4027199999999995,1361
2026-07-16T01:45:00+00:00,1.4027199999999995,1.4030999999999996,1.4027199999999995,1.4029999999999996,1168
2026-07-16T02:00:00+00:00,1.4029999999999996,1.4032799999999996,1.4029699999999996,1.4032099999999996,1511
2026-07-16T02:15:00+00:00,1.4032099999999996,1.4033199999999997,1.4030399999999996,1.4030499999999997,1590
2026-07-16T02:30:00+00:00,1.4030499999999997,1.4034799999999996,1.4030399999999996,1.4032899999999997,1477
2026-07-16T02:45:00+00:00,1.4032899999999997,1.4033899999999997,1.4030899999999995,1.4031399999999996,1017
2026-07-16T03:00:00+00:00,1.4031399999999996,1.4032199999999997,1.4029199999999995,1.4029999999999996,1524
2026-07-16T03:15:00+00:00,1.4029999999999996,1.4030099999999996,1.4026499999999995,1.4026799999999997,1018
2026-07-16T03:30:00+00:00,1.4026799999999997,1.4028399999999996,1.4026099999999997,1.4028399999999996,1162
2026-07-16T03:45:00+00:00,1.4028399999999996,1.4029199999999995,1.4027599999999996,1.4027999999999996,950
2026-07-16T04:00:00+00:00,1.4027999999999996,1.4029099999999997,1.4026399999999997,1.4026699999999996,1232
2026-07-16T04:15:00+00:00,1.4026699999999996,1.4029199999999995,1.4026599999999996,1.4029099999999997,963
2026-07-16T04:30:00+00:00,1.4029099999999997,1.4029599999999995,1.4026499999999995,1.4026899999999995,1320
2026-07-16T04:45:00+00:00,1.4026899999999995,1.4028499999999997,1.4025099999999997,1.4027999999999996,806
2026-07-16T05:00:00+00:00,1.4027999999999996,1.4028899999999995,1.4026599999999996,1.4026599999999996,1343
2026-07-16T05:15:00+00:00,1.4026599999999996,1.4028999999999996,1.4025899999999996,1.4028799999999997,1311
2026-07-16T05:30:00+00:00,1.4028799999999997,1.4031099999999996,1.4026699999999996,1.4030499999999997,2389
2026-07-16T05:45:00+00:00,1.4030499999999997,1.4031899999999995,1.4029599999999995,1.4030799999999997,1284
2026-07-16T06:00:00+00:00,1.4030799999999997,1.4032599999999995,1.4028699999999996,1.4028999999999996,2264
2026-07-16T06:15:00+00:00,1.4028999999999996,1.4032099999999996,1.4026899999999995,1.4028099999999997,1989
2026-07-16T06:30:00+00:00,1.4028099999999997,1.4029199999999995,1.4027099999999997,1.4027699999999996,1859
2026-07-16T06:45:00+00:00,1.4027699999999996,1.4028199999999995,1.4022099999999995,1.4022999999999997,1996
2026-07-16T07:00:00+00:00,1.4022999999999997,1.4025299999999996,1.4022699999999997,1.4025199999999995,2687
2026-07-16T07:15:00+00:00,1.4025199999999995,1.4027099999999997,1.4021299999999997,1.4026499999999995,1808
2026-07-16T07:30:00+00:00,1.4026499999999995,1.4027499999999995,1.4025099999999997,1.4026399999999997,1109
2026-07-16T07:45:00+00:00,1.4026399999999997,1.4027899999999995,1.4023999999999996,1.4027599999999996,2030
2026-07-16T08:00:00+00:00,1.4027599999999996,1.4028699999999996,1.4024699999999997,1.4026699999999996,2102
2026-07-16T08:15:00+00:00,1.4026699999999996,1.4027999999999996,1.4024299999999996,1.4027399999999997,2080
2026-07-16T08:30:00+00:00,1.4027399999999997,1.4029899999999995,1.4025899999999996,1.4027999999999996,1690
2026-07-16T08:45:00+00:00,1.4027999999999996,1.4028499999999997,1.4022299999999996,1.4022999999999997,2013
2026-07-16T09:00:00+00:00,1.4022999999999997,1.4025399999999997,1.4022599999999996,1.4024799999999995,1617
2026-07-16T09:15:00+00:00,1.4024799999999995,1.4027099999999997,1.4022599999999996,1.4026699999999996,1664
2026-07-16T09:30:00+00:00,1.4026699999999996,1.4029099999999997,1.4024499999999995,1.4024699999999997,2118
2026-07-16T09:45:00+00:00,1.4024699999999997,1.4025199999999995,1.4021699999999997,1.4021999999999997,2181
2026-07-16T10:00:00+00:00,1.4021999999999997,1.4022499999999996,1.4019199999999996,1.4019399999999995,2009
2026-07-16T10:15:00+00:00,1.4019399999999995,1.4020099999999995,1.4015999999999995,1.4017799999999996,1972
2026-07-16T10:30:00+00:00,1.4017799999999996,1.4019699999999995,1.4017199999999996,1.4018199999999996,1802
2026-07-16T10:45:00+00:00,1.4018199999999996,1.4018999999999997,1.4016399999999996,1.4018499999999996,1319
2026-07-16T11:00:00+00:00,1.4018499999999996,1.4019399999999995,1.4013299999999995,1.4014399999999996,1949
2026-07-16T11:15:00+00:00,1.4014399999999996,1.4018099999999996,1.4011999999999996,1.4017199999999996,1806
2026-07-16T11:30:00+00:00,1.4017199999999996,1.4017499999999996,1.4012099999999996,1.4013399999999996,2356
2026-07-16T11:45:00+00:00,1.4013399999999996,1.4019099999999995,1.4011699999999996,1.4013499999999997,3395
2026-07-16T12:00:00+00:00,1.4013499999999997,1.4013899999999997,1.4004299999999996,1.4005999999999996,4048
2026-07-16T12:15:00+00:00,1.4005999999999996,1.4008999999999996,1.4003499999999995,1.4004099999999995,3778
2026-07-16T12:30:00+00:00,1.4004099999999995,1.4007199999999995,1.4001299999999997,1.4003899999999996,2584
2026-07-16T12:45:00+00:00,1.4003899999999996,1.4012399999999996,1.4002999999999997,1.4009499999999997,2481
2026-07-16T13:00:00+00:00,1.4009499999999997,1.4012599999999995,1.3999599999999996,1.4001399999999995,3634
2026-07-16T13:15:00+00:00,1.4001399999999995,1.4002399999999997,1.3992399999999996,1.3993299999999995,2862
2026-07-16T13:30:00+00:00,1.3993299999999995,1.3999599999999996,1.3991299999999995,1.3999299999999997,3586
2026-07-16T13:45:00+00:00,1.3999299999999997,1.4004699999999997,1.3994899999999997,1.4002899999999996,3543
2026-07-16T14:00:00+00:00,1.4002899999999996,1.4008699999999996,1.4001399999999995,1.4006799999999997,3014
2026-07-16T14:15:00+00:00,1.4006799999999997,1.4008099999999997,1.3999399999999995,1.4002699999999997,3150
2026-07-16T14:30:00+00:00,1.4002699999999997,1.4006399999999997,1.4000099999999995,1.4005999999999996,3378
2026-07-16T14:45:00+00:00,1.4005999999999996,1.4014699999999995,1.4002999999999997,1.4013399999999996,3842
2026-07-16T15:00:00+00:00,1.4013399999999996,1.4021199999999996,1.4013399999999996,1.4018999999999997,3533
2026-07-16T15:15:00+00:00,1.4018999999999997,1.4021599999999996,1.4016299999999995,1.4020099999999995,2686
2026-07-16T15:30:00+00:00,1.4020099999999995,1.4022699999999997,1.4015899999999997,1.4017799999999996,2789
2026-07-16T15:45:00+00:00,1.4017799999999996,1.4019799999999996,1.4013599999999995,1.4015399999999996,1860
2026-07-16T16:00:00+00:00,1.4015399999999996,1.4021499999999996,1.4014099999999996,1.4021299999999997,1779
2026-07-16T16:15:00+00:00,1.4021299999999997,1.4027199999999995,1.4020999999999997,1.4025699999999997,2884
2026-07-16T16:30:00+00:00,1.4025699999999997,1.4030599999999995,1.4023499999999995,1.4028499999999997,1854
2026-07-16T16:45:00+00:00,1.4028499999999997,1.4032399999999996,1.4027299999999996,1.4031399999999996,1514
2026-07-16T17:00:00+00:00,1.4031399999999996,1.4039399999999995,1.4030599999999995,1.4037199999999996,3104
2026-07-16T17:15:00+00:00,1.4037199999999996,1.4037399999999995,1.4032699999999996,1.4033499999999997,1587
2026-07-16T17:30:00+00:00,1.4033499999999997,1.4036199999999996,1.4032999999999995,1.4034899999999997,2255
2026-07-16T17:45:00+00:00,1.4034899999999997,1.4034999999999995,1.4031299999999995,1.4034299999999995,2189
2026-07-16T18:00:00+00:00,1.4034299999999995,1.4037599999999997,1.4032099999999996,1.4032499999999997,2573
2026-07-16T18:15:00+00:00,1.4032499999999997,1.4034599999999997,1.4030699999999996,1.4033899999999997,2202
2026-07-16T18:30:00+00:00,1.4033899999999997,1.4034899999999997,1.4031399999999996,1.4031499999999997,1625
2026-07-16T18:45:00+00:00,1.4031499999999997,1.4032299999999995,1.4029099999999997,1.4029399999999996,1070
2026-07-16T19:00:00+00:00,1.4029399999999996,1.4030299999999996,1.4027199999999995,1.4030199999999995,1472
2026-07-16T19:15:00+00:00,1.4030199999999995,1.4033099999999996,1.4028999999999996,1.4031499999999997,1223
2026-07-16T19:30:00+00:00,1.4031499999999997,1.4032699999999996,1.4030299999999996,1.4030799999999997,1239
2026-07-16T19:45:00+00:00,1.4030799999999997,1.4031599999999995,1.4027399999999997,1.4029499999999997,1632
2026-07-16T20:00:00+00:00,1.4029499999999997,1.4031699999999996,1.4028899999999995,1.4031599999999995,790
2026-07-16T20:15:00+00:00,1.4031599999999995,1.4033999999999995,1.4031499999999997,1.4031699999999996,610
2026-07-16T20:30:00+00:00,1.4031699999999996,1.4031899999999995,1.4024299999999996,1.4024399999999997,849
2026-07-16T20:45:00+00:00,1.4024399999999997,1.4024699999999997,1.4022199999999996,1.4022599999999996,707
2026-07-16T21:00:00+00:00,1.4022599999999996,1.4022799999999995,1.4017499999999994,1.4018699999999995,86.94828198315923
2026-07-16T21:15:00+00:00,1.4018699999999995,1.4019899999999996,1.4017499999999994,1.4018899999999996,105.37737070927983
2026-07-16T21:30:00+00:00,1.4018899999999996,1.4023799999999995,1.4018899999999996,1.4021599999999996,509
2026-07-16T21:45:00+00:00,1.4021599999999996,1.4021599999999996,1.4015799999999996,1.4020099999999995,358
2026-07-16T22:00:00+00:00,1.4020099999999995,1.4022099999999995,1.4019599999999997,1.4020499999999996,316
2026-07-16T22:15:00+00:00,1.4020499999999996,1.4021599999999996,1.4020299999999997,1.4021299999999997,226
2026-07-16T22:30:00+00:00,1.4021299999999997,1.4023499999999995,1.4021199999999996,1.4023499999999995,203
2026-07-16T22:45:00+00:00,1.4023499999999995,1.4024299999999996,1.4022899999999996,1.4023599999999996,196
2026-07-16T23:00:00+00:00,1.4023599999999996,1.4023699999999997,1.4021699999999995,1.4021999999999997,283
2026-07-16T23:15:00+00:00,1.4021999999999997,1.4023499999999995,1.4018099999999996,1.4019899999999996,471
2026-07-16T23:30:00+00:00,1.4019899999999996,1.4020299999999997,1.4018699999999995,1.4019799999999996,468
2026-07-16T23:45:00+00:00,1.4019799999999996,1.4021699999999995,1.4019099999999995,1.4019399999999995,900
2026-07-17T00:00:00+00:00,1.4019399999999995,1.4021599999999996,1.4018499999999996,1.4020499999999996,2069
2026-07-17T00:15:00+00:00,1.4020499999999996,1.4021299999999997,1.4018899999999996,1.4020699999999995,1649
2026-07-17T00:30:00+00:00,1.4020699999999995,1.4021299999999997,1.4017599999999997,1.4020299999999997,2257
2026-07-17T00:45:00+00:00,1.4020299999999997,1.4020399999999995,1.4015099999999996,1.4015899999999997,2329
2026-07-17T01:00:00+00:00,1.4015899999999997,1.4016499999999996,1.4012799999999996,1.4014499999999996,1888
2026-07-17T01:15:00+00:00,1.4014499999999996,1.4014499999999996,1.4010499999999995,1.4011299999999995,2053
2026-07-17T01:30:00+00:00,1.4011299999999995,1.4014599999999995,1.4010899999999995,1.4013599999999995,1908
2026-07-17T01:45:00+00:00,1.4013599999999995,1.4021699999999995,1.4013399999999996,1.4019699999999995,2206
2026-07-17T02:00:00+00:00,1.4019699999999995,1.4020699999999995,1.4018199999999996,1.4018799999999996,1975
2026-07-17T02:15:00+00:00,1.4018799999999996,1.4020499999999996,1.4017899999999996,1.4020199999999996,1436
2026-07-17T02:30:00+00:00,1.4020199999999996,1.4022599999999996,1.4019099999999995,1.4021099999999995,2247
2026-07-17T02:45:00+00:00,1.4021099999999995,1.4022499999999996,1.4019499999999996,1.4022199999999996,1613
2026-07-17T03:00:00+00:00,1.4022199999999996,1.4022499999999996,1.4019299999999997,1.4020499999999996,2062
2026-07-17T03:15:00+00:00,1.4020499999999996,1.4020499999999996,1.4017599999999997,1.4019699999999995,1943
2026-07-17T03:30:00+00:00,1.4019699999999995,1.4022199999999996,1.4019399999999995,1.4021899999999996,2668
2026-07-17T03:45:00+00:00,1.4021899999999996,1.4022099999999995,1.4017199999999996,1.4017699999999995,2386
2026-07-17T04:00:00+00:00,1.4017699999999995,1.4018699999999995,1.4017099999999996,1.4017499999999996,2399
2026-07-17T04:15:00+00:00,1.4017499999999996,1.4018699999999995,1.4016299999999995,1.4018299999999995,1628
2026-07-17T04:30:00+00:00,1.4018299999999995,1.4018999999999995,1.4014999999999995,1.4018399999999995,2630
2026-07-17T04:45:00+00:00,1.4018399999999995,1.4019499999999996,1.4017099999999996,1.4018599999999997,1997
2026-07-17T05:00:00+00:00,1.4018599999999997,1.4019099999999995,1.4016099999999996,1.4017899999999996,1774
2026-07-17T05:15:00+00:00,1.4017899999999996,1.4018599999999997,1.4016199999999996,1.4017499999999996,2189
2026-07-17T05:30:00+00:00,1.4017499999999996,1.4017599999999997,1.4012699999999996,1.4016199999999996,2079
2026-07-17T05:45:00+00:00,1.4016199999999996,1.4018499999999996,1.4014299999999995,1.4017999999999995,2388
2026-07-17T06:00:00+00:00,1.4017999999999995,1.4021299999999997,1.4016399999999996,1.4017399999999995,2747
2026-07-17T06:15:00+00:00,1.4017399999999995,1.4017599999999997,1.4013199999999997,1.4015499999999996,1651
2026-07-17T06:30:00+00:00,1.4015499999999996,1.4015899999999997,1.4012199999999995,1.4012599999999995,1683
2026-07-17T06:45:00+00:00,1.4012599999999995,1.4014699999999995,1.4010099999999996,1.4012499999999997,2241
2026-07-17T07:00:00+00:00,1.4012499999999997,1.4014399999999996,1.4008899999999995,1.4012399999999996,2200
2026-07-17T07:15:00+00:00,1.4012399999999996,1.4014999999999995,1.4010099999999996,1.4010099999999996,1787
2026-07-17T07:30:00+00:00,1.4010099999999996,1.4012699999999996,1.4008499999999995,1.4011399999999996,1813
2026-07-17T07:45:00+00:00,1.4011399999999996,1.4011799999999996,1.4006999999999996,1.4010299999999996,1822
2026-07-17T08:00:00+00:00,1.4010299999999996,1.4016799999999996,1.4008299999999996,1.4015599999999995,2199
2026-07-17T08:15:00+00:00,1.4015599999999995,1.4019399999999995,1.4013099999999996,1.4013399999999996,3287
2026-07-17T08:30:00+00:00,1.4013399999999996,1.4014499999999996,1.4011299999999995,1.4011599999999995,2249
2026-07-17T08:45:00+00:00,1.4011599999999995,1.4012599999999995,1.4009899999999995,1.4012499999999997,2146
2026-07-17T09:00:00+00:00,1.4012499999999997,1.4016699999999995,1.4011799999999996,1.4015399999999996,2135
2026-07-17T09:15:00+00:00,1.4015399999999996,1.4015699999999995,1.4010199999999995,1.4010699999999996,1699
2026-07-17T09:30:00+00:00,1.4010699999999996,1.4016799999999996,1.4010599999999995,1.4016199999999996,1925
2026-07-17T09:45:00+00:00,1.4016199999999996,1.4016699999999995,1.4011599999999995,1.4012199999999995,1755
2026-07-17T10:00:00+00:00,1.4012199999999995,1.4015699999999995,1.4008299999999996,1.4008499999999995,2031
2026-07-17T10:15:00+00:00,1.4008499999999995,1.4011599999999995,1.4007699999999996,1.4009999999999996,2183
2026-07-17T10:30:00+00:00,1.4009999999999996,1.4015099999999996,1.4009599999999995,1.4014099999999996,1593
2026-07-17T10:45:00+00:00,1.4014099999999996,1.4020099999999995,1.4013899999999995,1.4018899999999996,2228
2026-07-17T11:00:00+00:00,1.4018899999999996,1.4021499999999996,1.4014299999999995,1.4016299999999995,2112
2026-07-17T11:15:00+00:00,1.4016299999999995,1.4018199999999996,1.4012599999999995,1.4012699999999996,1915
2026-07-17T11:30:00+00:00,1.4012699999999996,1.4013599999999995,1.4006199999999995,1.4006499999999995,1550
2026-07-17T11:45:00+00:00,1.4006499999999995,1.4007799999999995,1.4002399999999995,1.4007599999999996,1772
2026-07-17T12:00:00+00:00,1.4007599999999996,1.4007999999999996,1.4003999999999996,1.4006299999999996,2448
2026-07-17T12:15:00+00:00,1.4006299999999996,1.4009099999999997,1.4002599999999996,1.4003199999999996,1677
2026-07-17T12:30:00+00:00,1.4003199999999996,1.4007899999999995,1.4001399999999995,1.4007899999999995,2309
2026-07-17T12:45:00+00:00,1.4007899999999995,1.4010799999999997,1.4005999999999996,1.4006699999999996,3019
2026-07-17T13:00:00+00:00,1.4006699999999996,1.4007999999999996,1.4000899999999996,1.4001399999999995,3144
2026-07-17T13:15:00+00:00,1.4001399999999995,1.4003999999999996,1.3994599999999995,1.3997299999999995,2875
2026-07-17T13:30:00+00:00,1.3997299999999995,1.4002599999999996,1.3995699999999995,1.3999099999999995,4065
2026-07-17T13:45:00+00:00,1.3999099999999995,1.4001299999999997,1.3989699999999996,1.3991799999999996,3519
2026-07-17T14:00:00+00:00,1.3991799999999996,1.3993699999999996,1.3989699999999996,1.3993099999999996,3816
2026-07-17T14:15:00+00:00,1.3993099999999996,1.3996699999999995,1.3987599999999996,1.3995699999999995,2719
2026-07-17T14:30:00+00:00,1.3995699999999995,1.3999099999999995,1.3991699999999996,1.3991999999999996,3175
2026-07-17T14:45:00+00:00,1.3991999999999996,1.3995699999999995,1.3989699999999996,1.3994099999999996,3746
2026-07-17T15:00:00+00:00,1.3994099999999996,1.3996099999999996,1.3987699999999996,1.3989899999999995,3852
2026-07-17T15:15:00+00:00,1.3989899999999995,1.3994999999999995,1.3989599999999995,1.3991399999999996,2801
2026-07-17T15:30:00+00:00,1.3991399999999996,1.3998799999999996,1.3990299999999996,1.3998099999999996,2010
2026-07-17T15:45:00+00:00,1.3998099999999996,1.4001999999999997,1.3995899999999997,1.3996999999999995,2247
2026-07-17T16:00:00+00:00,1.3996999999999995,1.3999999999999995,1.3988899999999995,1.3989999999999996,4604
2026-07-17T16:15:00+00:00,1.3989999999999996,1.3990499999999997,1.3986599999999996,1.3987799999999995,2091
2026-07-17T16:30:00+00:00,1.3987799999999995,1.3990999999999996,1.3986599999999996,1.3990099999999996,1680
2026-07-17T16:45:00+00:00,1.3990099999999996,1.3994599999999995,1.3989799999999997,1.3991199999999995,1792
2026-07-17T17:00:00+00:00,1.3991199999999995,1.3996599999999997,1.3990699999999996,1.3994999999999995,1525
2026-07-17T17:15:00+00:00,1.3994999999999995,1.3997099999999996,1.3993299999999995,1.3993699999999996,1521
2026-07-17T17:30:00+00:00,1.3993699999999996,1.3997199999999996,1.3993599999999995,1.3995899999999997,1309
2026-07-17T17:45:00+00:00,1.3995899999999997,1.3997799999999996,1.3994499999999996,1.3996699999999995,1458
2026-07-17T18:00:00+00:00,1.3996699999999995,1.3997799999999996,1.3994299999999995,1.3995899999999997,1615
2026-07-17T18:15:00+00:00,1.3995899999999997,1.3996999999999995,1.3991899999999995,1.3992099999999996,1739
2026-07-17T18:30:00+00:00,1.3992099999999996,1.3995999999999995,1.3991999999999996,1.3995099999999996,1454
2026-07-17T18:45:00+00:00,1.3995099999999996,1.3995799999999996,1.3989699999999996,1.3992799999999996,1581
2026-07-17T19:00:00+00:00,1.3992799999999996,1.3994599999999995,1.3991799999999996,1.3993699999999996,1096
2026-07-17T19:15:00+00:00,1.3993699999999996,1.4003399999999995,1.3991599999999995,1.3992999999999995,1540
2026-07-17T19:30:00+00:00,1.3992999999999995,1.3996899999999997,1.3991899999999995,1.3992999999999995,1161
2026-07-17T19:45:00+00:00,1.3992999999999995,1.3993099999999996,1.3990199999999995,1.3991999999999996,1258
2026-07-17T20:00:00+00:00,1.3991999999999996,1.3993999999999995,1.3989899999999995,1.3993699999999996,956
2026-07-17T20:15:00+00:00,1.3993699999999996,1.3999699999999995,1.3993599999999995,1.3997599999999997,576
2026-07-17T20:30:00+00:00,1.3997599999999997,1.4000699999999995,1.3996699999999995,1.3999199999999996,578
2026-07-17T20:45:00+00:00,1.3999199999999996,1.4002199999999996,1.3998699999999995,1.4001799999999998,1302.996905346281
2026-07-19T21:00:00+00:00,1.4001799999999998,1.4001799999999998,1.3996299999999997,1.3998299999999995,82.45451784873566
2026-07-19T21:15:00+00:00,1.3998299999999995,1.4000699999999995,1.3995999999999995,1.3996799999999994,219.43322099041887
2026-07-19T21:30:00+00:00,1.3996799999999994,1.4001499999999993,1.3996799999999994,1.4001299999999992,222.1574961436477
2026-07-19T21:45:00+00:00,1.4001299999999992,1.4002999999999994,1.3999599999999992,1.4000999999999995,527.9860360352639
2026-07-19T22:00:00+00:00,1.4000999999999995,1.4018399999999995,1.4000999999999995,1.4017299999999995,982
2026-07-19T22:15:00+00:00,1.4017299999999995,1.4018799999999996,1.4015899999999994,1.4017499999999996,780
2026-07-19T22:30:00+00:00,1.4017499999999996,1.4017599999999995,1.4013599999999995,1.4014299999999995,619
2026-07-19T22:45:00+00:00,1.4014299999999995,1.4015599999999995,1.4013999999999995,1.4015299999999995,235
2026-07-19T23:00:00+00:00,1.4015299999999995,1.4016299999999995,1.4013899999999995,1.4015399999999996,437
2026-07-19T23:15:00+00:00,1.4015399999999996,1.4016299999999995,1.4014399999999996,1.4014499999999996,467
2026-07-19T23:30:00+00:00,1.4014499999999996,1.4018699999999995,1.4014499999999996,1.4014799999999996,712
2026-07-19T23:45:00+00:00,1.4014799999999996,1.4016699999999995,1.4014499999999996,1.4015199999999997,1175
2026-07-20T00:00:00+00:00,1.4015199999999997,1.4016599999999995,1.4011699999999996,1.4013099999999996,1545
2026-07-20T00:15:00+00:00,1.4013099999999996,1.4013099999999996,1.4009299999999996,1.4010399999999996,1243
2026-07-20T00:30:00+00:00,1.4010399999999996,1.4011999999999996,1.4009299999999996,1.4010299999999996,1457
2026-07-20T00:45:00+00:00,1.4010299999999996,1.4010799999999997,1.4007899999999995,1.4008199999999995,1396
2026-07-20T01:00:00+00:00,1.4008199999999995,1.4008499999999995,1.4005199999999995,1.4007499999999995,2287
2026-07-20T01:15:00+00:00,1.4007499999999995,1.4008699999999996,1.4005499999999995,1.4005599999999996,2099
2026-07-20T01:30:00+00:00,1.4005599999999996,1.4006899999999995,1.4003699999999997,1.4005699999999996,1612
2026-07-20T01:45:00+00:00,1.4005699999999996,1.4006299999999996,1.4002699999999995,1.4002799999999995,1695
2026-07-20T02:00:00+00:00,1.4002799999999995,1.4003599999999996,1.4001599999999996,1.4002199999999996,2089
2026-07-20T02:15:00+00:00,1.4002199999999996,1.4003799999999995,1.4001899999999996,1.4002599999999996,1641
2026-07-20T02:30:00+00:00,1.4002599999999996,1.4004899999999996,1.4000699999999995,1.4001699999999995,1774
2026-07-20T02:45:00+00:00,1.4001699999999995,1.4003399999999995,1.4001399999999995,1.4002999999999997,1063
2026-07-20T03:00:00+00:00,1.4002999999999997,1.4004699999999997,1.4002999999999997,1.4004399999999995,1226
2026-07-20T03:15:00+00:00,1.4004399999999995,1.4005199999999995,1.4003199999999996,1.4003899999999996,1346
2026-07-20T03:30:00+00:00,1.4003899999999996,1.4004499999999995,1.4002899999999996,1.4003299999999996,818
2026-07-20T03:45:00+00:00,1.4003299999999996,1.4004299999999996,1.4001299999999997,1.4002099999999995,1027
2026-07-20T04:00:00+00:00,1.4002099999999995,1.4003599999999996,1.4001099999999995,1.4001899999999996,1035
2026-07-20T04:15:00+00:00,1.4001899999999996,1.4002099999999995,1.3999899999999996,1.4000499999999996,1042
2026-07-20T04:30:00+00:00,1.4000499999999996,1.4000899999999996,1.3999899999999996,1.4000199999999996,831
2026-07-20T04:45:00+00:00,1.4000199999999996,1.4000999999999995,1.3999699999999995,1.4000799999999995,791
2026-07-20T05:00:00+00:00,1.4000799999999995,1.4004699999999997,1.4000499999999996,1.4004499999999995,1032
2026-07-20T05:15:00+00:00,1.4004499999999995,1.4005599999999996,1.4003199999999996,1.4004999999999996,1223
2026-07-20T05:30:00+00:00,1.4004999999999996,1.4005799999999995,1.4004499999999995,1.4005799999999995,1208
2026-07-20T05:45:00+00:00,1.4005799999999995,1.4006799999999995,1.4004399999999995,1.4006199999999995,979
2026-07-20T06:00:00+00:00,1.4006199999999995,1.4006699999999996,1.4002399999999995,1.4002799999999995,1471
2026-07-20T06:15:00+00:00,1.4002799999999995,1.4005799999999995,1.4001599999999996,1.4005699999999996,1985
2026-07-20T06:30:00+00:00,1.4005699999999996,1.4005899999999996,1.4001699999999995,1.4003299999999996,1365
2026-07-20T06:45:00+00:00,1.4003299999999996,1.4005099999999995,1.4000699999999995,1.4004799999999995,1306
2026-07-20T07:00:00+00:00,1.4004799999999995,1.4005299999999996,1.4000699999999995,1.4003699999999997,1743
2026-07-20T07:15:00+00:00,1.4003699999999997,1.4005399999999995,1.4001899999999996,1.4003899999999996,2226
2026-07-20T07:30:00+00:00,1.4003899999999996,1.4004999999999996,1.3998699999999995,1.4004699999999997,2353
2026-07-20T07:45:00+00:00,1.4004699999999997,1.4011199999999995,1.4002799999999995,1.4010499999999995,2147
2026-07-20T08:00:00+00:00,1.4010499999999995,1.4013199999999995,1.4008599999999996,1.4012499999999997,1388
2026-07-20T08:15:00+00:00,1.4012499999999997,1.4020699999999995,1.4011399999999996,1.4020299999999997,1550
2026-07-20T08:30:00+00:00,1.4020299999999997,1.4021699999999995,1.4017099999999996,1.4018899999999996,1353
2026-07-20T08:45:00+00:00,1.4018899999999996,1.4020599999999996,1.4017399999999995,1.4018199999999996,1462
2026-07-20T09:00:00+00:00,1.4018199999999996,1.4021099999999995,1.4017699999999995,1.4020299999999997,1853
2026-07-20T09:15:00+00:00,1.4020299999999997,1.4023499999999995,1.4019299999999995,1.4023399999999995,1636
2026-07-20T09:30:00+00:00,1.4023399999999995,1.4026699999999996,1.4022199999999996,1.4025999999999996,1408
2026-07-20T09:45:00+00:00,1.4025999999999996,1.4030599999999995,1.4025999999999996,1.4026199999999995,1578
2026-07-20T10:00:00+00:00,1.4026199999999995,1.4026499999999995,1.4020799999999995,1.4021399999999995,1597
2026-07-20T10:15:00+00:00,1.4021399999999995,1.4021499999999996,1.4017499999999996,1.4018899999999996,1478
2026-07-20T10:30:00+00:00,1.4018899999999996,1.4021599999999996,1.4018299999999995,1.4019999999999995,1491
2026-07-20T10:45:00+00:00,1.4019999999999995,1.4023899999999996,1.4019999999999995,1.4021499999999996,1735
2026-07-20T11:00:00+00:00,1.4021499999999996,1.4025499999999995,1.4019699999999995,1.4021899999999996,2138
2026-07-20T11:15:00+00:00,1.4021899999999996,1.4021999999999997,1.4015399999999996,1.4015399999999996,1499
2026-07-20T11:30:00+00:00,1.4015399999999996,1.4027099999999995,1.4014299999999995,1.4025599999999996,3687
2026-07-20T11:45:00+00:00,1.4025599999999996,1.4032599999999995,1.4024999999999996,1.4031299999999995,2415
2026-07-20T12:00:00+00:00,1.4031299999999995,1.4032499999999997,1.4024699999999997,1.4028999999999996,2868
2026-07-20T12:15:00+00:00,1.4028999999999996,1.4037199999999996,1.4028999999999996,1.4035499999999996,2448
2026-07-20T12:30:00+00:00,1.4035499999999996,1.4047899999999995,1.4035499999999996,1.4042199999999996,3400
2026-07-20T12:45:00+00:00,1.4042199999999996,1.4042499999999996,1.4038199999999996,1.4040799999999996,2368
2026-07-20T13:00:00+00:00,1.4040799999999996,1.4047899999999995,1.4037799999999996,1.4038199999999996,2572
2026-07-20T13:15:00+00:00,1.4038199999999996,1.4041199999999996,1.4035799999999996,1.4038999999999995,1611
2026-07-20T13:30:00+00:00,1.4038999999999995,1.4043999999999996,1.4037199999999996,1.4043499999999995,2436
2026-07-20T13:45:00+00:00,1.4043499999999995,1.4043899999999996,1.4037299999999995,1.4037899999999996,1883
2026-07-20T14:00:00+00:00,1.4037899999999996,1.4041199999999996,1.4036599999999995,1.4036899999999997,2202
2026-07-20T14:15:00+00:00,1.4036899999999997,1.4040899999999996,1.4034999999999995,1.4036099999999996,2564
2026-07-20T14:30:00+00:00,1.4036099999999996,1.4045099999999995,1.4035899999999994,1.4043899999999996,2604
2026-07-20T14:45:00+00:00,1.4043899999999996,1.4053399999999996,1.4039899999999996,1.4052699999999996,3670
2026-07-20T15:00:00+00:00,1.4052699999999996,1.4059299999999995,1.4049499999999995,1.4056699999999995,3756
2026-07-20T15:15:00+00:00,1.4056699999999995,1.4060199999999996,1.4054099999999996,1.4054999999999995,2260
2026-07-20T15:30:00+00:00,1.4054999999999995,1.4061299999999997,1.4052799999999996,1.4060899999999996,2304
2026-07-20T15:45:00+00:00,1.4060899999999996,1.4061699999999995,1.4053799999999996,1.4055699999999995,2144
2026-07-20T16:00:00+00:00,1.4055699999999995,1.4056299999999995,1.4048799999999995,1.4048799999999995,2517
2026-07-20T16:15:00+00:00,1.4048799999999995,1.4051899999999995,1.4046499999999995,1.4051099999999996,1497
2026-07-20T16:30:00+00:00,1.4051099999999996,1.4055799999999996,1.4049299999999996,1.4053699999999996,2077
2026-07-20T16:45:00+00:00,1.4053699999999996,1.4055499999999996,1.4052099999999996,1.4052899999999995,1513
2026-07-20T17:00:00+00:00,1.4052899999999995,1.4055599999999995,1.4050099999999996,1.4055099999999996,1778
2026-07-20T17:15:00+00:00,1.4055099999999996,1.4055199999999997,1.4052699999999996,1.4054099999999996,1214
2026-07-20T17:30:00+00:00,1.4054099999999996,1.4055799999999996,1.4052799999999996,1.4054699999999996,987
2026-07-20T17:45:00+00:00,1.4054699999999996,1.4055099999999996,1.4050099999999996,1.4051999999999996,1352
2026-07-20T18:00:00+00:00,1.4051999999999996,1.4054699999999996,1.4050499999999995,1.4051299999999995,1412
2026-07-20T18:15:00+00:00,1.4051299999999995,1.4053599999999995,1.4048899999999995,1.4052899999999995,1756
2026-07-20T18:30:00+00:00,1.4052899999999995,1.4055899999999995,1.4052799999999996,1.4054699999999996,1395
2026-07-20T18:45:00+00:00,1.4054699999999996,1.4056099999999996,1.4053299999999995,1.4054399999999996,1474
2026-07-20T19:00:00+00:00,1.4054399999999996,1.4056599999999995,1.4052999999999995,1.4056599999999995,1304
2026-07-20T19:15:00+00:00,1.4056599999999995,1.4057899999999997,1.4054599999999995,1.4055099999999996,1309
2026-07-20T19:30:00+00:00,1.4055099999999996,1.4060999999999995,1.4054399999999996,1.4060699999999995,1495
2026-07-20T19:45:00+00:00,1.4060699999999995,1.4061899999999996,1.4058499999999996,1.4060799999999996,1557
2026-07-20T20:00:00+00:00,1.4060799999999996,1.4065899999999996,1.4058999999999995,1.4064899999999996,1395
2026-07-20T20:15:00+00:00,1.4064899999999996,1.4067699999999996,1.4062099999999995,1.4062999999999997,630
2026-07-20T20:30:00+00:00,1.4062999999999997,1.4065799999999995,1.4062399999999995,1.4064699999999997,611
2026-07-20T20:45:00+00:00,1.4064699999999997,1.4065899999999996,1.4064399999999995,1.4064799999999995,568
2026-07-20T21:00:00+00:00,1.4064799999999995,1.4077399999999995,1.4056399999999996,1.4075399999999996,638
2026-07-20T21:15:00+00:00,1.4075399999999996,1.4078099999999996,1.4072799999999996,1.4078099999999996,345
2026-07-20T21:30:00+00:00,1.4078099999999996,1.4079499999999996,1.4075899999999995,1.4078699999999995,530
2026-07-20T21:45:00+00:00,1.4078699999999995,1.4079799999999996,1.4075199999999997,1.4076999999999995,354
2026-07-20T22:00:00+00:00,1.4076999999999995,1.4080599999999996,1.4076199999999996,1.4078999999999995,1105
2026-07-20T22:15:00+00:00,1.4078999999999995,1.4079799999999996,1.4075699999999995,1.4076499999999996,279
2026-07-20T22:30:00+00:00,1.4076499999999996,1.4076699999999995,1.4074799999999996,1.4075099999999996,304
2026-07-20T22:45:00+00:00,1.4075099999999996,1.4075099999999996,1.4071599999999995,1.4073799999999996,480
2026-07-20T23:00:00+00:00,1.4073799999999996,1.4074599999999995,1.4072199999999995,1.4072599999999995,571
2026-07-20T23:15:00+00:00,1.4072599999999995,1.4073699999999998,1.4071499999999995,1.4073499999999997,297.4814331858473
2026-07-20T23:30:00+00:00,1.4073499999999997,1.4073499999999997,1.4072099999999996,1.4072599999999995,169.8449440366337
2026-07-20T23:45:00+00:00,1.4072599999999995,1.4072699999999996,1.4066199999999995,1.4067099999999995,743
2026-07-21T00:00:00+00:00,1.4067099999999995,1.4069999999999996,1.4065399999999995,1.4069399999999996,1134
2026-07-21T00:15:00+00:00,1.4069399999999996,1.4072799999999996,1.4068199999999995,1.4072399999999996,826
2026-07-21T00:30:00+00:00,1.4072399999999996,1.4073999999999995,1.4069899999999995,1.4070099999999996,1069
2026-07-21T00:45:00+00:00,1.4070099999999996,1.4070099999999996,1.4067199999999995,1.4070099999999996,1463
2026-07-21T01:00:00+00:00,1.4070099999999996,1.4071899999999995,1.4069099999999997,1.4071599999999995,1418
2026-07-21T01:15:00+00:00,1.4071599999999995,1.4072499999999997,1.4068099999999994,1.4069399999999996,1950
2026-07-21T01:30:00+00:00,1.4069399999999996,1.4072299999999995,1.4067899999999995,1.4071499999999995,2018
2026-07-21T01:45:00+00:00,1.4071499999999995,1.4072099999999996,1.4068599999999996,1.4070099999999996,1534
2026-07-21T02:00:00+00:00,1.4070099999999996,1.4071399999999996,1.4067299999999996,1.4071399999999996,1591
2026-07-21T02:15:00+00:00,1.4071399999999996,1.4074199999999994,1.4071299999999995,1.4074199999999994,1353
2026-07-21T02:30:00+00:00,1.4074199999999994,1.4074199999999994,1.4069699999999996,1.4072099999999996,1132
2026-07-21T02:45:00+00:00,1.4072099999999996,1.4075999999999995,1.4071399999999996,1.4075999999999995,1355
2026-07-21T03:00:00+00:00,1.4075999999999995,1.4076699999999995,1.4071999999999996,1.4075599999999995,1463
2026-07-21T03:15:00+00:00,1.4075599999999995,1.4075599999999995,1.4072699999999996,1.4073599999999995,1011
2026-07-21T03:30:00+00:00,1.4073599999999995,1.4075399999999996,1.4071999999999996,1.4075299999999995,1017
2026-07-21T03:45:00+00:00,1.4075299999999995,1.4075299999999995,1.4072899999999995,1.4074899999999995,746
2026-07-21T04:00:00+00:00,1.4074899999999995,1.4075099999999996,1.4072199999999995,1.4072599999999995,1068
2026-07-21T04:15:00+00:00,1.4072599999999995,1.4073099999999996,1.4071899999999995,1.4072999999999996,1246
2026-07-21T04:30:00+00:00,1.4072999999999996,1.4072999999999996,1.4067399999999997,1.4068599999999996,1083
2026-07-21T04:45:00+00:00,1.4068599999999996,1.4069399999999996,1.4066999999999996,1.4067099999999995,827
2026-07-21T05:00:00+00:00,1.4067099999999995,1.4068599999999996,1.4065599999999996,1.4068299999999996,975
2026-07-21T05:15:00+00:00,1.4068299999999996,1.4068399999999996,1.4066099999999995,1.4066199999999995,849
2026-07-21T05:30:00+00:00,1.4066199999999995,1.4066299999999996,1.4063099999999995,1.4063599999999996,1286
2026-07-21T05:45:00+00:00,1.4063599999999996,1.4067099999999995,1.4063299999999996,1.4066299999999996,1191
2026-07-21T06:00:00+00:00,1.4066299999999996,1.4071099999999996,1.4064199999999996,1.4070799999999997,1293
2026-07-21T06:15:00+00:00,1.4070799999999997,1.4073299999999995,1.4065599999999996,1.4065799999999995,2404
2026-07-21T06:30:00+00:00,1.4065799999999995,1.4066499999999995,1.4062699999999995,1.4065599999999996,2799
2026-07-21T06:45:00+00:00,1.4065599999999996,1.4065599999999996,1.4057999999999995,1.4059499999999996,2371
2026-07-21T07:00:00+00:00,1.4059499999999996,1.4059499999999996,1.4053699999999996,1.4057699999999995,1980
2026-07-21T07:15:00+00:00,1.4057699999999995,1.4058599999999997,1.4053799999999996,1.4058499999999996,1786
2026-07-21T07:30:00+00:00,1.4058499999999996,1.4062399999999995,1.4056099999999996,1.4061499999999996,2487
2026-07-21T07:45:00+00:00,1.4061499999999996,1.4062699999999995,1.4058799999999996,1.4060699999999995,2186
2026-07-21T08:00:00+00:00,1.4060699999999995,1.4062599999999996,1.4059299999999995,1.4061999999999995,2736
2026-07-21T08:15:00+00:00,1.4061999999999995,1.4063399999999995,1.4059899999999996,1.4062599999999996,2825
2026-07-21T08:30:00+00:00,1.4062599999999996,1.4064699999999997,1.4061399999999995,1.4061899999999996,3194
2026-07-21T08:45:00+00:00,1.4061899999999996,1.4063199999999996,1.4060599999999996,1.4061599999999996,2297
2026-07-21T09:00:00+00:00,1.4061599999999996,1.4062499999999996,1.4059299999999995,1.4059499999999996,2155
2026-07-21T09:15:00+00:00,1.4059499999999996,1.4060699999999995,1.4057199999999996,1.4060399999999995,1369
2026-07-21T09:30:00+00:00,1.4060399999999995,1.4060399999999995,1.4051399999999996,1.4052199999999995,1616
2026-07-21T09:45:00+00:00,1.4052199999999995,1.4054999999999995,1.4051199999999995,1.4052999999999995,1661
2026-07-21T10:00:00+00:00,1.4052999999999995,1.4054599999999995,1.4049999999999996,1.4054499999999996,1665
2026-07-21T10:15:00+00:00,1.4054499999999996,1.4054699999999996,1.4051499999999995,1.4053299999999995,1017
2026-07-21T10:30:00+00:00,1.4053299999999995,1.4057599999999995,1.4052199999999995,1.4057399999999995,984
2026-07-21T10:45:00+00:00,1.4057399999999995,1.4058299999999995,1.4055099999999996,1.4056199999999996,1274
2026-07-21T11:00:00+00:00,1.4056199999999996,1.4059199999999996,1.4052999999999995,1.4056299999999995,2329
2026-07-21T11:15:00+00:00,1.4056299999999995,1.4062199999999996,1.4053699999999996,1.4061099999999995,2232
2026-07-21T11:30:00+00:00,1.4061099999999995,1.4062599999999996,1.4058299999999995,1.4061499999999996,1976
2026-07-21T11:45:00+00:00,1.4061499999999996,1.4065699999999997,1.4061499999999996,1.4061599999999996,1429
2026-07-21T12:00:00+00:00,1.4061599999999996,1.4074299999999995,1.4061099999999995,1.4072099999999996,2283
2026-07-21T12:15:00+00:00,1.4072099999999996,1.4076999999999995,1.4068399999999996,1.4072399999999996,2978
2026-07-21T12:30:00+00:00,1.4072399999999996,1.4073699999999996,1.4068899999999995,1.4072799999999996,2279
2026-07-21T12:45:00+00:00,1.4072799999999996,1.4074099999999996,1.4068799999999995,1.4071299999999995,2397
2026-07-21T13:00:00+00:00,1.4071299999999995,1.4075099999999996,1.4069999999999996,1.4074899999999995,2657
2026-07-21T13:15:00+00:00,1.4074899999999995,1.4085299999999996,1.4074399999999996,1.4082899999999996,2280
2026-07-21T13:30:00+00:00,1.4082899999999996,1.4082899999999996,1.4074399999999996,1.4079399999999995,3740
2026-07-21T13:45:00+00:00,1.4079399999999995,1.4084499999999995,1.4073699999999996,1.4083999999999997,3695
2026-07-21T14:00:00+00:00,1.4083999999999997,1.4084299999999996,1.4072199999999995,1.4074299999999995,3294
2026-07-21T14:15:00+00:00,1.4074299999999995,1.4088199999999995,1.4074299999999995,1.4087799999999995,3179
2026-07-21T14:30:00+00:00,1.4087799999999995,1.4091399999999996,1.4084899999999996,1.4086199999999995,2590
2026-07-21T14:45:00+00:00,1.4086199999999995,1.4095099999999996,1.4085699999999997,1.4087099999999995,3908
2026-07-21T15:00:00+00:00,1.4087099999999995,1.4093499999999997,1.4085299999999996,1.4092899999999995,2811
2026-07-21T15:15:00+00:00,1.4092899999999995,1.4093499999999997,1.4088899999999995,1.4090899999999995,3855
2026-07-21T15:30:00+00:00,1.4090899999999995,1.4092199999999995,1.4086699999999996,1.4091999999999996,3133
2026-07-21T15:45:00+00:00,1.4091999999999996,1.4097399999999995,1.4091799999999997,1.4093299999999995,2062
2026-07-21T16:00:00+00:00,1.4093299999999995,1.4097999999999995,1.4093099999999996,1.4096599999999995,1678
2026-07-21T16:15:00+00:00,1.4096599999999995,1.4096899999999997,1.4094299999999995,1.4096399999999996,996
2026-07-21T16:30:00+00:00,1.4096399999999996,1.4100399999999995,1.4094799999999996,1.4095199999999997,1412
2026-07-21T16:45:00+00:00,1.4095199999999997,1.4095499999999996,1.4092499999999997,1.4093699999999996,1365
2026-07-21T17:00:00+00:00,1.4093699999999996,1.4097299999999995,1.4090899999999995,1.4096299999999995,1505
2026-07-21T17:15:00+00:00,1.4096299999999995,1.4097899999999997,1.4094499999999996,1.4094499999999996,1295
2026-07-21T17:30:00+00:00,1.4094499999999996,1.4100199999999996,1.4094499999999996,1.4098199999999996,1098
2026-07-21T17:45:00+00:00,1.4098199999999996,1.4100899999999996,1.4097399999999995,1.4097499999999996,1036
2026-07-21T18:00:00+00:00,1.4097499999999996,1.4103999999999997,1.4097499999999996,1.4103299999999996,2010
2026-07-21T18:15:00+00:00,1.4103299999999996,1.4104499999999995,1.4101399999999995,1.4101599999999996,1316
2026-07-21T18:30:00+00:00,1.4101599999999996,1.4106299999999996,1.4101099999999995,1.4104999999999996,1535
2026-07-21T18:45:00+00:00,1.4104999999999996,1.4105499999999995,1.4102299999999997,1.4102899999999996,1400
2026-07-21T19:00:00+00:00,1.4102899999999996,1.4104499999999995,1.4101299999999997,1.4104399999999995,1673
2026-07-21T19:15:00+00:00,1.4104399999999995,1.4105199999999996,1.4100899999999996,1.4101099999999995,1194
2026-07-21T19:30:00+00:00,1.4101099999999995,1.4106599999999996,1.4100999999999995,1.4105599999999996,1284
2026-07-21T19:45:00+00:00,1.4105599999999996,1.4105799999999995,1.4100899999999996,1.4101299999999997,1631
2026-07-21T20:00:00+00:00,1.4101299999999997,1.4102299999999997,1.4099699999999995,1.4101099999999995,864
2026-07-21T20:15:00+00:00,1.4101099999999995,1.4104099999999995,1.4100699999999995,1.4100699999999995,444
2026-07-21T20:30:00+00:00,1.4100699999999995,1.4102299999999997,1.4100599999999996,1.4101699999999995,322
2026-07-21T20:45:00+00:00,1.4101699999999995,1.4106199999999995,1.4099399999999995,1.4102699999999995,993
2026-07-21T21:00:00+00:00,1.4102699999999995,1.4102699999999995,1.4099499999999996,1.4100299999999995,62.0284395095416
2026-07-21T21:15:00+00:00,1.4100299999999995,1.4103099999999995,1.4099799999999996,1.4102599999999994,92.80103002367787
2026-07-21T21:30:00+00:00,1.4102599999999994,1.4104199999999996,1.4101999999999995,1.4103699999999995,291
2026-07-21T21:45:00+00:00,1.4103699999999995,1.4104199999999996,1.4102399999999995,1.4103199999999996,338
2026-07-21T22:00:00+00:00,1.4103199999999996,1.4105399999999995,1.4100999999999995,1.4102999999999994,524
2026-07-21T22:15:00+00:00,1.4102999999999994,1.4103499999999995,1.4102199999999996,1.4102499999999996,245
2026-07-21T22:30:00+00:00,1.4102499999999996,1.4103199999999996,1.4102199999999996,1.4103199999999996,217
2026-07-21T22:45:00+00:00,1.4103199999999996,1.4105399999999995,1.4102799999999995,1.4104699999999994,290
2026-07-21T23:00:00+00:00,1.4104699999999994,1.4106699999999994,1.4104699999999994,1.4105499999999995,345
2026-07-21T23:15:00+00:00,1.4105499999999995,1.4106599999999996,1.4104699999999994,1.4105899999999996,418
2026-07-21T23:30:00+00:00,1.4105899999999996,1.4105899999999996,1.4102999999999994,1.4103599999999994,419
2026-07-21T23:45:00+00:00,1.4103599999999994,1.4105099999999995,1.4100699999999995,1.4100999999999995,678
2026-07-22T00:00:00+00:00,1.4100999999999995,1.4103299999999994,1.4099299999999995,1.4099499999999996,1789
2026-07-22T00:15:00+00:00,1.4099499999999996,1.4100099999999995,1.4096699999999995,1.4097099999999996,1446
2026-07-22T00:30:00+00:00,1.4097099999999996,1.4102099999999995,1.4096799999999996,1.4101599999999994,1036
2026-07-22T00:45:00+00:00,1.4101599999999994,1.4103399999999995,1.4099899999999994,1.4100499999999996,1410
2026-07-22T01:00:00+00:00,1.4100499999999996,1.4100599999999994,1.4094399999999996,1.4095199999999994,2003
2026-07-22T01:15:00+00:00,1.4095199999999994,1.4099899999999994,1.4094799999999994,1.4098799999999996,1178
2026-07-22T01:30:00+00:00,1.4098799999999996,1.4101899999999994,1.4098799999999996,1.4100399999999995,1036
2026-07-22T01:45:00+00:00,1.4100399999999995,1.4100799999999996,1.4098899999999994,1.4099499999999996,809
2026-07-22T02:00:00+00:00,1.4099499999999996,1.4102099999999995,1.4098599999999994,1.4100799999999996,1242
2026-07-22T02:15:00+00:00,1.4100799999999996,1.4101899999999994,1.4097799999999996,1.4099199999999994,995
2026-07-22T02:30:00+00:00,1.4099199999999994,1.4101799999999995,1.4098599999999994,1.4101399999999995,1143
2026-07-22T02:45:00+00:00,1.4101399999999995,1.4102599999999994,1.4099699999999995,1.4100399999999995,940
2026-07-22T03:00:00+00:00,1.4100399999999995,1.4101899999999994,1.4098399999999995,1.4100699999999995,1041
2026-07-22T03:15:00+00:00,1.4100699999999995,1.4100899999999994,1.4097999999999995,1.4099799999999996,1008
2026-07-22T03:30:00+00:00,1.4099799999999996,1.4102199999999996,1.4099499999999996,1.4101799999999995,722
2026-07-22T03:45:00+00:00,1.4101799999999995,1.4101799999999995,1.4100399999999995,1.4100599999999994,1056
2026-07-22T04:00:00+00:00,1.4100599999999994,1.4103699999999995,1.4100099999999995,1.4102699999999995,1034
2026-07-22T04:15:00+00:00,1.4102699999999995,1.4103199999999996,1.4101499999999996,1.4101699999999995,1193
2026-07-22T04:30:00+00:00,1.4101699999999995,1.4101899999999994,1.4099899999999994,1.4099999999999995,940
2026-07-22T04:45:00+00:00,1.4099999999999995,1.4101499999999996,1.4099999999999995,1.4100599999999994,855
2026-07-22T05:00:00+00:00,1.4100599999999994,1.4101099999999995,1.4099699999999995,1.4100399999999995,841
2026-07-22T05:15:00+00:00,1.4100399999999995,1.4101099999999995,1.4098699999999995,1.4100899999999994,777
2026-07-22T05:30:00+00:00,1.4100899999999994,1.4101799999999995,1.4099799999999996,1.4100699999999995,989
2026-07-22T05:45:00+00:00,1.4100699999999995,1.4101999999999995,1.4098399999999995,1.4098599999999994,1254
2026-07-22T06:00:00+00:00,1.4098599999999994,1.4098899999999994,1.4093699999999996,1.4097399999999995,1878
2026-07-22T06:15:00+00:00,1.4097399999999995,1.4098799999999996,1.4094299999999995,1.4098499999999996,2443
2026-07-22T06:30:00+00:00,1.4098499999999996,1.4099899999999994,1.4093499999999994,1.4093699999999996,2074
2026-07-22T06:45:00+00:00,1.4093699999999996,1.4096699999999995,1.4093299999999995,1.4093799999999994,1295
2026-07-22T07:00:00+00:00,1.4093799999999994,1.4094799999999994,1.4084299999999994,1.4084399999999995,1558
2026-07-22T07:15:00+00:00,1.4084399999999995,1.4085499999999995,1.4080699999999995,1.4080699999999995,1456
2026-07-22T07:30:00+00:00,1.4080699999999995,1.4088299999999996,1.4077899999999994,1.4086999999999994,2346
2026-07-22T07:45:00+00:00,1.4086999999999994,1.4088899999999995,1.4081999999999995,1.4085399999999995,2611
2026-07-22T08:00:00+00:00,1.4085399999999995,1.4091599999999995,1.4085099999999995,1.4089599999999995,2938
2026-07-22T08:15:00+00:00,1.4089599999999995,1.4091899999999995,1.4088799999999995,1.4089299999999996,1503
2026-07-22T08:30:00+00:00,1.4089299999999996,1.4089399999999994,1.4086299999999996,1.4087399999999994,1860
2026-07-22T08:45:00+00:00,1.4087399999999994,1.4090299999999996,1.4087099999999995,1.4089599999999995,1457
2026-07-22T09:00:00+00:00,1.4089599999999995,1.4090299999999996,1.4087199999999995,1.4088499999999995,1911
2026-07-22T09:15:00+00:00,1.4088499999999995,1.4091799999999994,1.4087999999999994,1.4090599999999995,1871
2026-07-22T09:30:00+00:00,1.4090599999999995,1.4092799999999994,1.4089299999999996,1.4092299999999995,1411
2026-07-22T09:45:00+00:00,1.4092299999999995,1.4095499999999994,1.4090799999999994,1.4091199999999995,1632
2026-07-22T10:00:00+00:00,1.4091199999999995,1.4097299999999995,1.4090999999999996,1.4096799999999996,1848
2026-07-22T10:15:00+00:00,1.4096799999999996,1.4100699999999995,1.4094999999999995,1.4099999999999995,2041
2026-07-22T10:30:00+00:00,1.4099999999999995,1.4100299999999995,1.4094799999999994,1.4094899999999995,1518
2026-07-22T10:45:00+00:00,1.4094899999999995,1.4097099999999996,1.4093799999999994,1.4096599999999995,1959
2026-07-22T11:00:00+00:00,1.4096599999999995,1.4096999999999995,1.4092699999999996,1.4094199999999995,1864
2026-07-22T11:15:00+00:00,1.4094199999999995,1.4094299999999995,1.4089499999999995,1.4090499999999995,1813
2026-07-22T11:30:00+00:00,1.4090499999999995,1.4090999999999996,1.4086599999999996,1.4087699999999994,2614
2026-07-22T11:45:00+00:00,1.4087699999999994,1.4090299999999996,1.4085299999999994,1.4085699999999994,2247
2026-07-22T12:00:00+00:00,1.4085699999999994,1.4085699999999994,1.4078899999999994,1.4079299999999995,2327
2026-07-22T12:15:00+00:00,1.4079299999999995,1.4082199999999996,1.4077199999999994,1.4081699999999995,2302
2026-07-22T12:30:00+00:00,1.4081699999999995,1.4081799999999995,1.4076499999999994,1.4080199999999996,2655
2026-07-22T12:45:00+00:00,1.4080199999999996,1.4089499999999995,1.4080099999999995,1.4086899999999996,2930
2026-07-22T13:00:00+00:00,1.4086899999999996,1.4086999999999994,1.4081099999999995,1.4083699999999995,2106
2026-07-22T13:15:00+00:00,1.4083699999999995,1.4087499999999995,1.4080399999999995,1.4081599999999994,2821
2026-07-22T13:30:00+00:00,1.4081599999999994,1.4081599999999994,1.4071899999999995,1.4075799999999994,3780
2026-07-22T13:45:00+00:00,1.4075799999999994,1.4088399999999994,1.4075699999999995,1.4085299999999994,3530
2026-07-22T14:00:00+00:00,1.4085299999999994,1.4085899999999996,1.4077799999999996,1.4079999999999995,3115
2026-07-22T14:15:00+00:00,1.4079999999999995,1.4081799999999995,1.4076799999999996,1.4077999999999995,2509
2026-07-22T14:30:00+00:00,1.4077999999999995,1.4084199999999996,1.4077999999999995,1.4080799999999996,2363
2026-07-22T14:45:00+00:00,1.4080799999999996,1.4084299999999994,1.4074499999999994,1.4079899999999994,3446
2026-07-22T15:00:00+00:00,1.4079899999999994,1.4082199999999996,1.4076399999999996,1.4079199999999994,2951
2026-07-22T15:15:00+00:00,1.4079199999999994,1.4083099999999995,1.4078599999999994,1.4079899999999994,1732
2026-07-22T15:30:00+00:00,1.4079899999999994,1.4083099999999995,1.4078999999999995,1.4080799999999996,1939
2026-07-22T15:45:00+00:00,1.4080799999999996,1.4082199999999996,1.4079599999999994,1.4080699999999995,1559
2026-07-22T16:00:00+00:00,1.4080699999999995,1.4085599999999996,1.4079899999999994,1.4085399999999995,1438
2026-07-22T16:15:00+00:00,1.4085399999999995,1.4088899999999995,1.4084999999999994,1.4085799999999995,1530
2026-07-22T16:30:00+00:00,1.4085799999999995,1.4089699999999994,1.4085699999999994,1.4087999999999994,1450
2026-07-22T16:45:00+00:00,1.4087999999999994,1.4090099999999994,1.4087999999999994,1.4088699999999994,1146
2026-07-22T17:00:00+00:00,1.4088699999999994,1.4088999999999996,1.4085899999999996,1.4086099999999995,1400
2026-07-22T17:15:00+00:00,1.4086099999999995,1.4087199999999995,1.4085599999999996,1.4086399999999994,1039
2026-07-22T17:30:00+00:00,1.4086399999999994,1.4090199999999995,1.4086399999999994,1.4089399999999994,982
2026-07-22T17:45:00+00:00,1.4089399999999994,1.4089399999999994,1.4087599999999996,1.4087899999999995,749
2026-07-22T18:00:00+00:00,1.4087899999999995,1.4088999999999996,1.4086599999999996,1.4087699999999994,830
2026-07-22T18:15:00+00:00,1.4087699999999994,1.4088099999999995,1.4084499999999995,1.4084799999999995,953
2026-07-22T18:30:00+00:00,1.4084799999999995,1.4085499999999995,1.4082799999999995,1.4083099999999995,1402
2026-07-22T18:45:00+00:00,1.4083099999999995,1.4083299999999994,1.4080599999999994,1.4080899999999994,939
2026-07-22T19:00:00+00:00,1.4080899999999994,1.4083299999999994,1.4080199999999996,1.4082999999999994,1029
2026-07-22T19:15:00+00:00,1.4082999999999994,1.4083299999999994,1.4081799999999995,1.4082199999999996,871
2026-07-22T19:30:00+00:00,1.4082199999999996,1.4083699999999995,1.4081099999999995,1.4081199999999996,792
2026-07-22T19:45:00+00:00,1.4081199999999996,1.4082899999999996,1.4079699999999995,1.4079799999999996,1068
2026-07-22T20:00:00+00:00,1.4079799999999996,1.4080899999999994,1.4076899999999994,1.4076999999999995,997
2026-07-22T20:15:00+00:00,1.4076999999999995,1.4078999999999995,1.4076099999999996,1.4078099999999996,463
2026-07-22T20:30:00+00:00,1.4078099999999996,1.4080699999999995,1.4077699999999995,1.4080399999999995,385
2026-07-22T20:45:00+00:00,1.4080399999999995,1.4083299999999994,1.4080199999999996,1.4082199999999996,893
2026-07-22T21:00:00+00:00,1.4082199999999996,1.4083899999999996,1.4081399999999995,1.4082899999999996,56.587829887954996
2026-07-22T21:15:00+00:00,1.4082899999999996,1.4083599999999996,1.40731,1.4074400000000002,163.20596643961437
2026-07-22T21:30:00+00:00,1.4074400000000002,1.4079300000000001,1.40724,1.40785,1791
2026-07-22T21:45:00+00:00,1.40785,1.4079300000000001,1.4075600000000001,1.40765,701
2026-07-22T22:00:00+00:00,1.40765,1.40826,1.40765,1.40826,241
2026-07-22T22:15:00+00:00,1.40826,1.40829,1.4082200000000002,1.4082800000000002,177
2026-07-22T22:30:00+00:00,1.4082800000000002,1.4084500000000002,1.4082500000000002,1.4083700000000001,263
2026-07-22T22:45:00+00:00,1.4083700000000001,1.4084100000000002,1.4082400000000002,1.4082500000000002,258
2026-07-22T23:00:00+00:00,1.4082500000000002,1.4083,1.4081700000000001,1.4082000000000001,501
2026-07-22T23:15:00+00:00,1.4082000000000001,1.4082500000000002,1.4080400000000002,1.4082100000000002,539.9533622559653
2026-07-22T23:30:00+00:00,1.4082100000000002,1.4082200000000002,1.4080600000000003,1.4081200000000003,403
2026-07-22T23:45:00+00:00,1.4081200000000003,1.4082400000000002,1.4080500000000002,1.4080700000000002,902
2026-07-23T00:00:00+00:00,1.4080700000000002,1.40813,1.4079400000000002,1.4081000000000001,2187
2026-07-23T00:15:00+00:00,1.4081000000000001,1.4081700000000001,1.4078700000000002,1.4080200000000003,1558
2026-07-23T00:30:00+00:00,1.4080200000000003,1.4080200000000003,1.4077400000000002,1.4077700000000002,1100
2026-07-23T00:45:00+00:00,1.4077700000000002,1.4079900000000003,1.4074400000000002,1.4074500000000003,1657
2026-07-23T01:00:00+00:00,1.4074500000000003,1.4074500000000003,1.4069800000000001,1.4071000000000002,1819
2026-07-23T01:15:00+00:00,1.4071000000000002,1.40735,1.4070600000000002,1.4072900000000002,1193
2026-07-23T01:30:00+00:00,1.4072900000000002,1.4072900000000002,1.4067200000000002,1.4069000000000003,2807
2026-07-23T01:45:00+00:00,1.4069000000000003,1.4070700000000003,1.4067800000000001,1.4069500000000001,2002
2026-07-23T02:00:00+00:00,1.4069500000000001,1.4069700000000003,1.4067800000000001,1.4068500000000002,1781
2026-07-23T02:15:00+00:00,1.4068500000000002,1.4068800000000001,1.4067100000000001,1.4067700000000003,1322
2026-07-23T02:30:00+00:00,1.4067700000000003,1.4067800000000001,1.4063600000000003,1.4064200000000002,1543
2026-07-23T02:45:00+00:00,1.4064200000000002,1.4064300000000003,1.4059600000000003,1.4060000000000001,1470
2026-07-23T03:00:00+00:00,1.4060000000000001,1.4064200000000002,1.4058900000000003,1.4064200000000002,1717
2026-07-23T03:15:00+00:00,1.4064200000000002,1.4064500000000002,1.4059100000000002,1.4059500000000003,1819
2026-07-23T03:30:00+00:00,1.4059500000000003,1.4060000000000001,1.4057100000000002,1.4057800000000003,1415
2026-07-23T03:45:00+00:00,1.4057800000000003,1.4059900000000003,1.4057600000000001,1.4059200000000003,1865
2026-07-23T04:00:00+00:00,1.4059200000000003,1.4060300000000001,1.4055800000000003,1.4056600000000001,1709
2026-07-23T04:15:00+00:00,1.4056600000000001,1.4059200000000003,1.4056300000000002,1.4057200000000003,2213
2026-07-23T04:30:00+00:00,1.4057200000000003,1.4058800000000002,1.4056300000000002,1.40586,2073
2026-07-23T04:45:00+00:00,1.40586,1.4060500000000002,1.4057700000000002,1.4059500000000003,1493
2026-07-23T05:00:00+00:00,1.4059500000000003,1.4060000000000001,1.4057900000000003,1.4060000000000001,971
2026-07-23T05:15:00+00:00,1.4060000000000001,1.4064600000000003,1.4059900000000003,1.4062600000000003,1475
2026-07-23T05:30:00+00:00,1.4062600000000003,1.4064200000000002,1.4060200000000003,1.4061200000000003,1513
2026-07-23T05:45:00+00:00,1.4061200000000003,1.4061600000000003,1.4058400000000002,1.4059100000000002,1359
2026-07-23T06:00:00+00:00,1.4059100000000002,1.4059300000000001,1.4051600000000002,1.4053900000000001,1976
2026-07-23T06:15:00+00:00,1.4053900000000001,1.4057700000000002,1.4052900000000002,1.4057200000000003,1859
2026-07-23T06:30:00+00:00,1.4057200000000003,1.4062300000000003,1.4057000000000002,1.4059200000000003,1576
2026-07-23T06:45:00+00:00,1.4059200000000003,1.4061900000000003,1.4055600000000001,1.40613,1836
2026-07-23T07:00:00+00:00,1.40613,1.4062100000000002,1.4052700000000002,1.4054300000000002,2751
2026-07-23T07:15:00+00:00,1.4054300000000002,1.4061600000000003,1.4052900000000002,1.4061600000000003,1996
2026-07-23T07:30:00+00:00,1.4061600000000003,1.4064800000000002,1.4059200000000003,1.4064400000000001,1807
2026-07-23T07:45:00+00:00,1.4064400000000001,1.4068600000000002,1.4063100000000002,1.4064600000000003,3184
2026-07-23T08:00:00+00:00,1.4064600000000003,1.4069400000000003,1.4062800000000002,1.4069200000000002,2562
2026-07-23T08:15:00+00:00,1.4069200000000002,1.4072400000000003,1.4067000000000003,1.4069400000000003,1980
2026-07-23T08:30:00+00:00,1.4069400000000003,1.4072200000000001,1.4068800000000001,1.4071100000000003,1947
2026-07-23T08:45:00+00:00,1.4071100000000003,1.4072500000000001,1.4069400000000003,1.40708,1844
2026-07-23T09:00:00+00:00,1.40708,1.4075400000000002,1.4068100000000001,1.4075400000000002,1780
2026-07-23T09:15:00+00:00,1.4075400000000002,1.4077200000000003,1.4073100000000003,1.4076400000000002,1213
2026-07-23T09:30:00+00:00,1.4076400000000002,1.4076500000000003,1.4072800000000003,1.4074100000000003,1554
2026-07-23T09:45:00+00:00,1.4074100000000003,1.4076400000000002,1.4073600000000002,1.4076000000000002,1465
2026-07-23T10:00:00+00:00,1.4076000000000002,1.4079700000000002,1.4075800000000003,1.4077700000000002,1792
2026-07-23T10:15:00+00:00,1.4077700000000002,1.4080400000000002,1.4077300000000001,1.4080400000000002,1954
2026-07-23T10:30:00+00:00,1.4080400000000002,1.4081600000000003,1.4078300000000001,1.4080300000000001,2625
2026-07-23T10:45:00+00:00,1.4080300000000001,1.4082600000000003,1.4076800000000003,1.4078900000000003,2042
2026-07-23T11:00:00+00:00,1.4078900000000003,1.4079800000000002,1.4072600000000002,1.40735,1896
2026-07-23T11:15:00+00:00,1.40735,1.4076800000000003,1.4069700000000003,1.4071900000000002,2405
2026-07-23T11:30:00+00:00,1.4071900000000002,1.4086200000000002,1.4071800000000003,1.4081500000000002,3150
2026-07-23T11:45:00+00:00,1.4081500000000002,1.4081600000000003,1.4073100000000003,1.4073900000000001,2835
2026-07-23T12:00:00+00:00,1.4073900000000001,1.4077400000000002,1.4065800000000002,1.4066500000000002,2693
2026-07-23T12:15:00+00:00,1.4066500000000002,1.4078800000000002,1.4066500000000002,1.4076100000000002,2318
2026-07-23T12:30:00+00:00,1.4076100000000002,1.4085200000000002,1.4075700000000002,1.4082800000000002,3595
2026-07-23T12:45:00+00:00,1.4082800000000002,1.4084800000000002,1.4076600000000001,1.4077900000000003,3813
2026-07-23T13:00:00+00:00,1.4077900000000003,1.4083300000000003,1.4074200000000001,1.4078700000000002,5148
2026-07-23T13:15:00+00:00,1.4078700000000002,1.4079700000000002,1.4073700000000002,1.4076100000000002,3602
2026-07-23T13:30:00+00:00,1.4076100000000002,1.4076400000000002,1.4064600000000003,1.4071000000000002,4998
2026-07-23T13:45:00+00:00,1.4071000000000002,1.4074600000000002,1.4068500000000002,1.4074100000000003,3762
2026-07-23T14:00:00+00:00,1.4074100000000003,1.4080600000000003,1.4071100000000003,1.4078800000000002,4689
2026-07-23T14:15:00+00:00,1.4078800000000002,1.4086700000000003,1.4077600000000001,1.4083100000000002,5927
2026-07-23T14:30:00+00:00,1.4083100000000002,1.4086200000000002,1.4079300000000001,1.4083800000000002,4689
2026-07-23T14:45:00+00:00,1.4083800000000002,1.4086100000000001,1.4080800000000002,1.4080900000000003,4045
2026-07-23T15:00:00+00:00,1.4080900000000003,1.4086600000000002,1.4080400000000002,1.4084400000000001,3596
2026-07-23T15:15:00+00:00,1.4084400000000001,1.4087700000000003,1.4081400000000002,1.4087000000000003,3450
2026-07-23T15:30:00+00:00,1.4087000000000003,1.4094600000000002,1.4082500000000002,1.4083600000000003,3875
2026-07-23T15:45:00+00:00,1.4083600000000003,1.4088000000000003,1.4079100000000002,1.4082800000000002,2550
2026-07-23T16:00:00+00:00,1.4082800000000002,1.4085000000000003,1.4078900000000003,1.4079400000000002,2220
2026-07-23T16:15:00+00:00,1.4079400000000002,1.4082800000000002,1.4078300000000001,1.4080500000000002,2183
2026-07-23T16:30:00+00:00,1.4080500000000002,1.4080900000000003,1.4077300000000001,1.4077900000000003,2169
2026-07-23T16:45:00+00:00,1.4077900000000003,1.4078600000000001,1.4071500000000001,1.4071800000000003,1747
2026-07-23T17:00:00+00:00,1.4071800000000003,1.4073800000000003,1.4070300000000002,1.4073700000000002,2179
2026-07-23T17:15:00+00:00,1.4073700000000002,1.4074600000000002,1.4070200000000002,1.4073300000000002,1746
2026-07-23T17:30:00+00:00,1.4073300000000002,1.4076000000000002,1.4073100000000003,1.4074500000000003,1425
2026-07-23T17:45:00+00:00,1.4074500000000003,1.4076000000000002,1.4072600000000002,1.4075700000000002,1535
2026-07-23T18:00:00+00:00,1.4075700000000002,1.4076100000000002,1.4072300000000002,1.4074000000000002,1338
2026-07-23T18:15:00+00:00,1.4074000000000002,1.4077800000000003,1.4073400000000003,1.4075700000000002,1778
2026-07-23T18:30:00+00:00,1.4075700000000002,1.4075800000000003,1.4072600000000002,1.4073400000000003,1744
2026-07-23T18:45:00+00:00,1.4073400000000003,1.4074600000000002,1.4070600000000002,1.4070900000000002,1771
2026-07-23T19:00:00+00:00,1.4070900000000002,1.4075000000000002,1.4070500000000001,1.4073700000000002,1236
2026-07-23T19:15:00+00:00,1.4073700000000002,1.4077900000000003,1.40735,1.4075300000000002,1627
2026-07-23T19:30:00+00:00,1.4075300000000002,1.4077300000000001,1.4072500000000001,1.4077300000000001,1932
2026-07-23T19:45:00+00:00,1.4077300000000001,1.4079100000000002,1.4074700000000002,1.4078200000000003,1976
2026-07-23T20:00:00+00:00,1.4078200000000003,1.4080100000000002,1.40769,1.4080100000000002,1328
2026-07-23T20:15:00+00:00,1.4080100000000002,1.4084400000000001,1.4080100000000002,1.4082300000000003,499
2026-07-23T20:30:00+00:00,1.4082300000000003,1.4083700000000001,1.4079800000000002,1.4081900000000003,583
2026-07-23T20:45:00+00:00,1.4081900000000003,1.4081900000000003,1.4078700000000002,1.4078900000000003,660
2026-07-23T21:00:00+00:00,1.4078900000000003,1.4078900000000003,1.40721,1.4072900000000002,73.98115039672976
2026-07-23T21:15:00+00:00,1.4072900000000002,1.4073600000000002,1.4070500000000001,1.4072900000000002,195
2026-07-23T21:30:00+00:00,1.4072900000000002,1.4074400000000002,1.4069400000000003,1.40735,678
2026-07-23T21:45:00+00:00,1.40735,1.4076500000000003,1.4071900000000002,1.4073300000000002,489
2026-07-23T22:00:00+00:00,1.4073300000000002,1.4078600000000001,1.4073300000000002,1.4077700000000002,260
2026-07-23T22:15:00+00:00,1.4077700000000002,1.4078600000000001,1.4076700000000002,1.4078300000000001,205
2026-07-23T22:30:00+00:00,1.4078300000000001,1.4079400000000002,1.4078000000000002,1.4079400000000002,265
2026-07-23T22:45:00+00:00,1.4079400000000002,1.4079400000000002,1.4076500000000003,1.4077600000000001,291
2026-07-23T23:00:00+00:00,1.4077600000000001,1.4079400000000002,1.4077400000000002,1.4079100000000002,501
2026-07-23T23:15:00+00:00,1.4079100000000002,1.4079100000000002,1.4077500000000003,1.4078000000000002,330
2026-07-23T23:30:00+00:00,1.4078000000000002,1.4079800000000002,1.4076800000000003,1.4078700000000002,576
2026-07-23T23:45:00+00:00,1.4078700000000002,1.4081400000000002,1.4077800000000003,1.4080300000000001,850
2026-07-24T00:00:00+00:00,1.4080300000000001,1.40813,1.4070500000000001,1.4072100000000003,2704
2026-07-24T00:15:00+00:00,1.4072100000000003,1.4072600000000002,1.4069800000000001,1.4071000000000002,2822
2026-07-24T00:30:00+00:00,1.4071000000000002,1.4072200000000001,1.4070200000000002,1.4072200000000001,1897
2026-07-24T00:45:00+00:00,1.4072200000000001,1.4072600000000002,1.4065400000000001,1.4065400000000001,1345
2026-07-24T01:00:00+00:00,1.4065400000000001,1.4066800000000002,1.4062700000000001,1.4065100000000001,4280
2026-07-24T01:15:00+00:00,1.4065100000000001,1.4068000000000003,1.4064500000000002,1.4067800000000001,3480
2026-07-24T01:30:00+00:00,1.4067800000000001,1.4068400000000003,1.4063900000000003,1.4064600000000003,3228
2026-07-24T01:45:00+00:00,1.4064600000000003,1.4068400000000003,1.4064000000000003,1.4067500000000002,2343
2026-07-24T02:00:00+00:00,1.4067500000000002,1.4069900000000002,1.40674,1.4068400000000003,2924
2026-07-24T02:15:00+00:00,1.4068400000000003,1.4069400000000003,1.4068000000000003,1.4068900000000002,2569
2026-07-24T02:30:00+00:00,1.4068900000000002,1.4070300000000002,1.4067100000000001,1.4070200000000002,1781
2026-07-24T02:45:00+00:00,1.4070200000000002,1.40735,1.4070000000000003,1.4073300000000002,2700
2026-07-24T03:00:00+00:00,1.4073300000000002,1.4074500000000003,1.4072000000000002,1.4072900000000002,2106
2026-07-24T03:15:00+00:00,1.4072900000000002,1.4074300000000002,1.4072100000000003,1.4073700000000002,2107
2026-07-24T03:30:00+00:00,1.4073700000000002,1.4073700000000002,1.4071000000000002,1.4071700000000003,2168
2026-07-24T03:45:00+00:00,1.4071700000000003,1.4073400000000003,1.4071500000000001,1.4071700000000003,1520
2026-07-24T04:00:00+00:00,1.4071700000000003,1.4072500000000001,1.4070600000000002,1.4071600000000002,1543
2026-07-24T04:15:00+00:00,1.4071600000000002,1.4074600000000002,1.4071100000000003,1.4074600000000002,1469
2026-07-24T04:30:00+00:00,1.4074600000000002,1.4077400000000002,1.4074100000000003,1.4077200000000003,2030
2026-07-24T04:45:00+00:00,1.4077200000000003,1.4078600000000001,1.4076300000000002,1.4076700000000002,1875
2026-07-24T05:00:00+00:00,1.4076700000000002,1.4077000000000002,1.4074100000000003,1.4075000000000002,2866
2026-07-24T05:15:00+00:00,1.4075000000000002,1.4075100000000003,1.4072600000000002,1.40735,2802
2026-07-24T05:30:00+00:00,1.40735,1.4076100000000002,1.4071100000000003,1.4075500000000003,2733
2026-07-24T05:45:00+00:00,1.4075500000000003,1.4078300000000001,1.4075000000000002,1.4077600000000001,2079
2026-07-24T06:00:00+00:00,1.4077600000000001,1.4079200000000003,1.4076700000000002,1.4077100000000002,3083
2026-07-24T06:15:00+00:00,1.4077100000000002,1.4077300000000001,1.4071000000000002,1.4071400000000003,2265
2026-07-24T06:30:00+00:00,1.4071400000000003,1.4072700000000002,1.40691,1.4070600000000002,2100
2026-07-24T06:45:00+00:00,1.4070600000000002,1.4072600000000002,1.4069600000000002,1.4070000000000003,2433
2026-07-24T07:00:00+00:00,1.4070000000000003,1.4072200000000001,1.4064500000000002,1.4065900000000002,3679
2026-07-24T07:15:00+00:00,1.4065900000000002,1.4068400000000003,1.4062100000000002,1.4064000000000003,2129
2026-07-24T07:30:00+00:00,1.4064000000000003,1.4070300000000002,1.4060900000000003,1.4068300000000002,2834
2026-07-24T07:45:00+00:00,1.4068300000000002,1.4071300000000002,1.4067900000000002,1.4070900000000002,1796
2026-07-24T08:00:00+00:00,1.4070900000000002,1.4072600000000002,1.4068800000000001,1.4070200000000002,2559
2026-07-24T08:15:00+00:00,1.4070200000000002,1.4072800000000003,1.4069400000000003,1.4071900000000002,2996
2026-07-24T08:30:00+00:00,1.4071900000000002,1.4074300000000002,1.4070600000000002,1.4072000000000002,2003
2026-07-24T08:45:00+00:00,1.4072000000000002,1.4074800000000003,1.4072000000000002,1.4073700000000002,1649
2026-07-24T09:00:00+00:00,1.4073700000000002,1.4076100000000002,1.4073100000000003,1.4076000000000002,2049
2026-07-24T09:15:00+00:00,1.4076000000000002,1.4077100000000002,1.4073000000000002,1.4073100000000003,1955
2026-07-24T09:30:00+00:00,1.4073100000000003,1.4082300000000003,1.4073100000000003,1.4080900000000003,1692
2026-07-24T09:45:00+00:00,1.4080900000000003,1.4081100000000002,1.4074900000000001,1.4075100000000003,1959
2026-07-24T10:00:00+00:00,1.4075100000000003,1.4076600000000001,1.4072900000000002,1.4073900000000001,2491
2026-07-24T10:15:00+00:00,1.4073900000000001,1.4074500000000003,1.4068600000000002,1.4070200000000002,1999
2026-07-24T10:30:00+00:00,1.4070200000000002,1.4070900000000002,1.4067300000000003,1.40708,1827
2026-07-24T10:45:00+00:00,1.40708,1.4074200000000001,1.4069800000000001,1.40735,2178
2026-07-24T11:00:00+00:00,1.40735,1.4076400000000002,1.4072200000000001,1.4074900000000001,2065
2026-07-24T11:15:00+00:00,1.4074900000000001,1.4080300000000001,1.4074800000000003,1.4080100000000002,1308
2026-07-24T11:30:00+00:00,1.4080100000000002,1.4083800000000002,1.4079100000000002,1.4080300000000001,1464
2026-07-24T11:45:00+00:00,1.4080300000000001,1.4085400000000001,1.4079700000000002,1.4083,2264
2026-07-24T12:00:00+00:00,1.4083,1.4085400000000001,1.4079000000000002,1.4081200000000003,2319
2026-07-24T12:15:00+00:00,1.4081200000000003,1.4086800000000002,1.4080900000000003,1.4086000000000003,1932
2026-07-24T12:30:00+00:00,1.4086000000000003,1.4100500000000002,1.4085400000000001,1.4099000000000002,3525
2026-07-24T12:45:00+00:00,1.4099000000000002,1.41013,1.40969,1.4101100000000002,3453
2026-07-24T13:00:00+00:00,1.4101100000000002,1.4109800000000001,1.4100700000000002,1.4106500000000002,3837
2026-07-24T13:15:00+00:00,1.4106500000000002,1.4106800000000002,1.4096100000000003,1.4096100000000003,3194
2026-07-24T13:30:00+00:00,1.4096100000000003,1.4102000000000001,1.4091100000000003,1.4093400000000003,3621
2026-07-24T13:45:00+00:00,1.4093400000000003,1.40969,1.4091700000000003,1.4092600000000002,2298
2026-07-24T14:00:00+00:00,1.4092600000000002,1.4094100000000003,1.4086900000000002,1.4088900000000002,3508
2026-07-24T14:15:00+00:00,1.4088900000000002,1.4091100000000003,1.4083,1.4087100000000001,4615
2026-07-24T14:30:00+00:00,1.4087100000000001,1.4087900000000002,1.4080500000000002,1.4083900000000003,3056
2026-07-24T14:45:00+00:00,1.4083900000000003,1.4084800000000002,1.4073800000000003,1.4076800000000003,3252
2026-07-24T15:00:00+00:00,1.4076800000000003,1.4077200000000003,1.4069200000000002,1.4071700000000003,3563
2026-07-24T15:15:00+00:00,1.4071700000000003,1.4077900000000003,1.4069200000000002,1.4077800000000003,3437
2026-07-24T15:30:00+00:00,1.4077800000000003,1.40813,1.4074300000000002,1.4079900000000003,2387
2026-07-24T15:45:00+00:00,1.4079900000000003,1.4079900000000003,1.4073700000000002,1.4074600000000002,1849
2026-07-24T16:00:00+00:00,1.4074600000000002,1.4077200000000003,1.4073800000000003,1.4073800000000003,1428
2026-07-24T16:15:00+00:00,1.4073800000000003,1.4077600000000001,1.4072900000000002,1.4073000000000002,1602
2026-07-24T16:30:00+00:00,1.4073000000000002,1.4081400000000002,1.4072900000000002,1.4080400000000002,1829
2026-07-24T16:45:00+00:00,1.4080400000000002,1.4082900000000003,1.4079200000000003,1.4080000000000001,1449
2026-07-24T17:00:00+00:00,1.4080000000000001,1.4088500000000002,1.4080000000000001,1.4087300000000003,2335
2026-07-24T17:15:00+00:00,1.4087300000000003,1.4090200000000002,1.4086100000000001,1.40891,1450
2026-07-24T17:30:00+00:00,1.40891,1.4091900000000002,1.4087100000000001,1.4091400000000003,1785
2026-07-24T17:45:00+00:00,1.4091400000000003,1.4094500000000003,1.4091300000000002,1.4092300000000002,1283
2026-07-24T18:00:00+00:00,1.4092300000000002,1.4093700000000002,1.4091100000000003,1.4092000000000002,1183
2026-07-24T18:15:00+00:00,1.4092000000000002,1.4093400000000003,1.4091100000000003,1.4092100000000003,1415
2026-07-24T18:30:00+00:00,1.4092100000000003,1.4093700000000002,1.4091000000000002,1.4092400000000003,1528
2026-07-24T18:45:00+00:00,1.4092400000000003,1.4092700000000002,1.4090000000000003,1.4091200000000002,1352
2026-07-24T19:00:00+00:00,1.4091200000000002,1.4093400000000003,1.4090600000000002,1.4091300000000002,1194
2026-07-24T19:15:00+00:00,1.4091300000000002,1.4093300000000002,1.4091100000000003,1.4092900000000002,1136
2026-07-24T19:30:00+00:00,1.4092900000000002,1.4094600000000002,1.4090900000000002,1.4093100000000003,1414
2026-07-24T19:45:00+00:00,1.4093100000000003,1.4097300000000001,1.4092400000000003,1.4095700000000002,1537
2026-07-24T20:00:00+00:00,1.4095700000000002,1.4098500000000003,1.4095600000000001,1.4096500000000003,1102
2026-07-24T20:15:00+00:00,1.4096500000000003,1.4098700000000002,1.4096000000000002,1.40969,507
2026-07-24T20:30:00+00:00,1.40969,1.4097900000000003,1.4092500000000001,1.4092800000000003,604
2026-07-24T20:45:00+00:00,1.4092800000000003,1.4093200000000001,1.4085900000000002,1.4086800000000002,530.5146275020727
2026-07-26T21:00:00+00:00,1.4086800000000002,1.40887,1.40813,1.40823,62.69013282268235
2026-07-26T21:15:00+00:00,1.40823,1.4082500000000002,1.40816,1.4082100000000002,53.8918917562531
2026-07-26T21:30:00+00:00,1.4082100000000002,1.4083800000000002,1.4078900000000003,1.4079100000000002,291.7781411566956
2026-07-26T21:45:00+00:00,1.4079100000000002,1.4080000000000001,1.4075900000000001,1.4077000000000002,212.93290845347735
2026-07-26T22:00:00+00:00,1.4077000000000002,1.40873,1.4077000000000002,1.4084200000000002,818
2026-07-26T22:15:00+00:00,1.4084200000000002,1.4088,1.4084100000000002,1.4086200000000002,696
2026-07-26T22:30:00+00:00,1.4086200000000002,1.4089300000000002,1.40856,1.4087600000000002,373
2026-07-26T22:45:00+00:00,1.4087600000000002,1.4089900000000002,1.40873,1.4088800000000001,490
2026-07-26T23:00:00+00:00,1.4088800000000001,1.40891,1.40849,1.40863,917
2026-07-26T23:15:00+00:00,1.40863,1.40884,1.4086,1.40873,614
2026-07-26T23:30:00+00:00,1.40873,1.4087900000000002,1.4085200000000002,1.4086100000000001,747
2026-07-26T23:45:00+00:00,1.4086100000000001,1.4088500000000002,1.40847,1.4085400000000001,1160
2026-07-27T00:00:00+00:00,1.4085400000000001,1.4085400000000001,1.40734,1.4073700000000002,3302
2026-07-27T00:15:00+00:00,1.4073700000000002,1.4077700000000002,1.4073000000000002,1.4075400000000002,2521
2026-07-27T00:30:00+00:00,1.4075400000000002,1.4079300000000001,1.40717,1.40792,2297
2026-07-27T00:45:00+00:00,1.40792,1.40805,1.4076600000000001,1.4079700000000002,2015
2026-07-27T01:00:00+00:00,1.4079700000000002,1.4079800000000002,1.4074300000000002,1.4075400000000002,2532
2026-07-27T01:15:00+00:00,1.4075400000000002,1.4077400000000002,1.4073900000000001,1.4076400000000002,1856
2026-07-27T01:30:00+00:00,1.4076400000000002,1.4079400000000002,1.4074000000000002,1.4076700000000002,2431
2026-07-27T01:45:00+00:00,1.4076700000000002,1.4076700000000002,1.40697,1.4069800000000001,2293
2026-07-27T02:00:00+00:00,1.4069800000000001,1.4073300000000002,1.4069,1.4073200000000001,2593
2026-07-27T02:15:00+00:00,1.4073200000000001,1.40768,1.4072900000000002,1.4073600000000002,1463
2026-07-27T02:30:00+00:00,1.4073600000000002,1.40769,1.40734,1.40762,1530
2026-07-27T02:45:00+00:00,1.40762,1.4077000000000002,1.4075300000000002,1.4076300000000002,1257
2026-07-27T03:00:00+00:00,1.4076300000000002,1.4081700000000001,1.40751,1.4081400000000002,1667
2026-07-27T03:15:00+00:00,1.4081400000000002,1.40823,1.40792,1.40809,1374
2026-07-27T03:30:00+00:00,1.40809,1.40836,1.4080800000000002,1.40822,1966
2026-07-27T03:45:00+00:00,1.40822,1.40823,1.40792,1.40809,1167
2026-07-27T04:00:00+00:00,1.40809,1.4082700000000001,1.40809,1.4081100000000002,1096
2026-07-27T04:15:00+00:00,1.4081100000000002,1.40846,1.4080400000000002,1.4084200000000002,673
2026-07-27T04:30:00+00:00,1.4084200000000002,1.4084500000000002,1.4082400000000002,1.40843,1167
2026-07-27T04:45:00+00:00,1.40843,1.4085100000000002,1.4081500000000002,1.40819,1088
2026-07-27T05:00:00+00:00,1.40819,1.4084,1.4079400000000002,1.40796,1876
2026-07-27T05:15:00+00:00,1.40796,1.40819,1.40792,1.40813,1829
2026-07-27T05:30:00+00:00,1.40813,1.4084100000000002,1.4080400000000002,1.4082800000000002,1455
2026-07-27T05:45:00+00:00,1.4082800000000002,1.4083700000000001,1.4080800000000002,1.40836,1400
2026-07-27T06:00:00+00:00,1.40836,1.40952,1.40829,1.4094700000000002,2261
2026-07-27T06:15:00+00:00,1.4094700000000002,1.4101000000000001,1.4091900000000002,1.40924,2629
2026-07-27T06:30:00+00:00,1.40924,1.40955,1.4091200000000002,1.4093300000000002,1955
2026-07-27T06:45:00+00:00,1.4093300000000002,1.4097700000000002,1.4093000000000002,1.4095400000000002,1982
2026-07-27T07:00:00+00:00,1.4095400000000002,1.4099300000000001,1.4092000000000002,1.4092000000000002,2555
2026-07-27T07:15:00+00:00,1.4092000000000002,1.4094600000000002,1.4090900000000002,1.4093300000000002,2055
2026-07-27T07:30:00+00:00,1.4093300000000002,1.40955,1.4091200000000002,1.40924,1842
2026-07-27T07:45:00+00:00,1.40924,1.40962,1.4091900000000002,1.40961,1685
2026-07-27T08:00:00+00:00,1.40961,1.40961,1.40897,1.4093000000000002,2107
2026-07-27T08:15:00+00:00,1.4093000000000002,1.40982,1.4092600000000002,1.40982,1412
2026-07-27T08:30:00+00:00,1.40982,1.4098400000000002,1.40941,1.40968,1531
2026-07-27T08:45:00+00:00,1.40968,1.4097400000000002,1.4093700000000002,1.4097400000000002,1912
2026-07-27T09:00:00+00:00,1.4097400000000002,1.4104,1.4095900000000001,1.4102100000000002,1754
2026-07-27T09:15:00+00:00,1.4102100000000002,1.4103700000000001,1.4100000000000001,1.41033,1526
2026-07-27T09:30:00+00:00,1.41033,1.4104,1.4100700000000002,1.4101800000000002,1805
2026-07-27T09:45:00+00:00,1.4101800000000002,1.4104400000000001,1.4100100000000002,1.4104400000000001,1188
2026-07-27T10:00:00+00:00,1.4104400000000001,1.4105100000000002,1.41009,1.41022,2474
2026-07-27T10:15:00+00:00,1.41022,1.41053,1.4100400000000002,1.4105100000000002,2059
2026-07-27T10:30:00+00:00,1.4105100000000002,1.4105200000000002,1.4099800000000002,1.4101500000000002,2071
2026-07-27T10:45:00+00:00,1.4101500000000002,1.4106100000000001,1.41013,1.4105100000000002,2133
2026-07-27T11:00:00+00:00,1.4105100000000002,1.41073,1.4102000000000001,1.4102800000000002,1405
2026-07-27T11:15:00+00:00,1.4102800000000002,1.41043,1.40992,1.4102000000000001,1098
2026-07-27T11:30:00+00:00,1.4102000000000001,1.41032,1.4098400000000002,1.41032,1698
2026-07-27T11:45:00+00:00,1.41032,1.41077,1.4102400000000002,1.4106500000000002,1570
2026-07-27T12:00:00+00:00,1.4106500000000002,1.4106500000000002,1.41026,1.4104200000000002,1830
2026-07-27T12:15:00+00:00,1.4104200000000002,1.4106500000000002,1.4101800000000002,1.41046,1650
2026-07-27T12:30:00+00:00,1.41046,1.41077,1.4104,1.4104,1466
2026-07-27T12:45:00+00:00,1.4104,1.4107200000000002,1.4101800000000002,1.4107,2001
2026-07-27T13:00:00+00:00,1.4107,1.4109,1.41039,1.41073,2589
2026-07-27T13:15:00+00:00,1.41073,1.4111200000000002,1.4106900000000002,1.4106900000000002,2165
2026-07-27T13:30:00+00:00,1.4106900000000002,1.4107500000000002,1.41009,1.4102000000000001,3101
2026-07-27T13:45:00+00:00,1.4102000000000001,1.41033,1.40979,1.40995,3277
2026-07-27T14:00:00+00:00,1.40995,1.4106800000000002,1.40995,1.4104700000000001,3852
2026-07-27T14:15:00+00:00,1.4104700000000001,1.4114000000000002,1.4104500000000002,1.4114000000000002,2895
2026-07-27T14:30:00+00:00,1.4114000000000002,1.41168,1.41114,1.4113900000000001,3094
2026-07-27T14:45:00+00:00,1.4113900000000001,1.41154,1.4109800000000001,1.4111900000000002,2859
2026-07-27T15:00:00+00:00,1.4111900000000002,1.41135,1.41087,1.4111300000000002,3591
2026-07-27T15:15:00+00:00,1.4111300000000002,1.41114,1.41067,1.4110200000000002,2668
2026-07-27T15:30:00+00:00,1.4110200000000002,1.4113300000000002,1.4109900000000002,1.4110200000000002,2760
2026-07-27T15:45:00+00:00,1.4110200000000002,1.4111500000000001,1.4106200000000002,1.41104,3000
2026-07-27T16:00:00+00:00,1.41104,1.41138,1.4110200000000002,1.4112200000000001,2455
2026-07-27T16:15:00+00:00,1.4112200000000001,1.4112900000000002,1.4106400000000001,1.4108200000000002,3080
2026-07-27T16:30:00+00:00,1.4108200000000002,1.4110500000000001,1.41063,1.41091,1794
2026-07-27T16:45:00+00:00,1.41091,1.4111200000000002,1.4108500000000002,1.41107,1291
2026-07-27T17:00:00+00:00,1.41107,1.4117700000000002,1.41107,1.4116300000000002,2129
2026-07-27T17:15:00+00:00,1.4116300000000002,1.4117400000000002,1.4114900000000001,1.4117300000000002,1563
2026-07-27T17:30:00+00:00,1.4117300000000002,1.4119100000000002,1.41158,1.41182,1381
2026-07-27T17:45:00+00:00,1.41182,1.4119300000000001,1.41172,1.41192,1116
2026-07-27T18:00:00+00:00,1.41192,1.41213,1.4119100000000002,1.41196,1167
2026-07-27T18:15:00+00:00,1.41196,1.4121100000000002,1.4119100000000002,1.4120000000000001,1002
2026-07-27T18:30:00+00:00,1.4120000000000001,1.4123100000000002,1.41189,1.4123100000000002,1409
2026-07-27T18:45:00+00:00,1.4123100000000002,1.4124700000000001,1.4122000000000001,1.41233,1403
2026-07-27T19:00:00+00:00,1.41233,1.41236,1.4121100000000002,1.41222,1469
2026-07-27T19:15:00+00:00,1.41222,1.4122400000000002,1.41189,1.4119100000000002,1606
2026-07-27T19:30:00+00:00,1.4119100000000002,1.41212,1.4118100000000002,1.41192,1094
2026-07-27T19:45:00+00:00,1.41192,1.4121500000000002,1.4118100000000002,1.4120000000000001,1255
2026-07-27T20:00:00+00:00,1.4120000000000001,1.4122100000000002,1.41192,1.41219,758
2026-07-27T20:15:00+00:00,1.41219,1.4123,1.41213,1.4122500000000002,426
2026-07-27T20:30:00+00:00,1.4122500000000002,1.4124700000000001,1.4122400000000002,1.4124700000000001,371
2026-07-27T20:45:00+00:00,1.4124700000000001,1.41249,1.4121400000000002,1.4121400000000002,349
2026-07-27T21:00:00+00:00,1.4121400000000002,1.4121400000000002,1.41148,1.41194,83.72017341028781
2026-07-27T21:15:00+00:00,1.41194,1.41207,1.4116,1.41188,80.04825145963224
2026-07-27T21:30:00+00:00,1.41188,1.4120700000000002,1.41184,1.41204,351
2026-07-27T21:45:00+00:00,1.41204,1.41204,1.4116900000000001,1.41171,161
2026-07-27T22:00:00+00:00,1.41171,1.41218,1.41171,1.41215,395
2026-07-27T22:15:00+00:00,1.41215,1.41218,1.41198,1.41205,215
2026-07-27T22:30:00+00:00,1.41205,1.41206,1.4119700000000002,1.41206,193.09155816883663
2026-07-27T22:45:00+00:00,1.41206,1.41216,1.41201,1.4121000000000001,358
2026-07-27T23:00:00+00:00,1.4121000000000001,1.41226,1.41199,1.41213,459
2026-07-27T23:15:00+00:00,1.41213,1.4122000000000001,1.41212,1.4121400000000002,249
2026-07-27T23:30:00+00:00,1.4121400000000002,1.41243,1.4121400000000002,1.4122400000000002,421
2026-07-27T23:45:00+00:00,1.4122400000000002,1.41248,1.4122000000000001,1.41231,843
2026-07-28T00:00:00+00:00,1.41231,1.41273,1.41229,1.41259,1811
2026-07-28T00:15:00+00:00,1.41259,1.41262,1.41229,1.41229,1248
2026-07-28T00:30:00+00:00,1.41229,1.41232,1.4120300000000001,1.41208,1065
2026-07-28T00:45:00+00:00,1.41208,1.41209,1.41154,1.41158,918
2026-07-28T01:00:00+00:00,1.41158,1.41158,1.41113,1.41155,1914
2026-07-28T01:15:00+00:00,1.41155,1.41178,1.4114600000000002,1.4117,1389
2026-07-28T01:30:00+00:00,1.4117,1.41201,1.4115900000000001,1.41199,868
2026-07-28T01:45:00+00:00,1.41199,1.41209,1.41187,1.41196,1367
2026-07-28T02:00:00+00:00,1.41196,1.41204,1.4115900000000001,1.41167,1456
2026-07-28T02:15:00+00:00,1.41167,1.4120000000000001,1.41167,1.4119700000000002,998
2026-07-28T02:30:00+00:00,1.4119700000000002,1.41199,1.41177,1.41185,1065
2026-07-28T02:45:00+00:00,1.41185,1.4119000000000002,1.41134,1.41152,1307
2026-07-28T03:00:00+00:00,1.41152,1.41179,1.4114,1.41157,1385
2026-07-28T03:15:00+00:00,1.41157,1.4116900000000001,1.41138,1.4113900000000001,1250
2026-07-28T03:30:00+00:00,1.4113900000000001,1.41152,1.41096,1.4114200000000001,1647
2026-07-28T03:45:00+00:00,1.4114200000000001,1.41155,1.4113600000000002,1.41143,1268
2026-07-28T04:00:00+00:00,1.41143,1.41177,1.4114200000000001,1.41151,1767
2026-07-28T04:15:00+00:00,1.41151,1.41168,1.41137,1.41157,1589
2026-07-28T04:30:00+00:00,1.41157,1.4117300000000002,1.41153,1.4115600000000001,1102
2026-07-28T04:45:00+00:00,1.4115600000000001,1.4118300000000001,1.41152,1.4116900000000001,1165
2026-07-28T05:00:00+00:00,1.4116900000000001,1.4124400000000001,1.4116900000000001,1.4124400000000001,1379
2026-07-28T05:15:00+00:00,1.4124400000000001,1.4125100000000002,1.4121400000000002,1.41215,1151
2026-07-28T05:30:00+00:00,1.41215,1.41215,1.41155,1.41162,1498
2026-07-28T05:45:00+00:00,1.41162,1.41195,1.41152,1.41165,1406
2026-07-28T06:00:00+00:00,1.41165,1.4120000000000001,1.41144,1.4114900000000001,1670
2026-07-28T06:15:00+00:00,1.4114900000000001,1.41168,1.41123,1.41126,3039
2026-07-28T06:30:00+00:00,1.41126,1.4117300000000002,1.4111500000000001,1.41171,2377
2026-07-28T06:45:00+00:00,1.41171,1.41208,1.41143,1.41205,1741
2026-07-28T07:00:00+00:00,1.41205,1.41228,1.41134,1.4113600000000002,2224
2026-07-28T07:15:00+00:00,1.4113600000000002,1.41148,1.41104,1.41117,2275
2026-07-28T07:30:00+00:00,1.41117,1.4112900000000002,1.41084,1.41118,1275
2026-07-28T07:45:00+00:00,1.41118,1.41175,1.41117,1.41167,2339
2026-07-28T08:00:00+00:00,1.41167,1.4117,1.4110200000000002,1.4112500000000001,2106
2026-07-28T08:15:00+00:00,1.4112500000000001,1.4114900000000001,1.4110200000000002,1.41123,1727
2026-07-28T08:30:00+00:00,1.41123,1.41137,1.4111200000000002,1.41124,1334
2026-07-28T08:45:00+00:00,1.41124,1.4113200000000001,1.41096,1.41096,1280
2026-07-28T09:00:00+00:00,1.41096,1.41099,1.4106100000000001,1.4107500000000002,1293
2026-07-28T09:15:00+00:00,1.4107500000000002,1.41084,1.41065,1.41077,1134
2026-07-28T09:30:00+00:00,1.41077,1.41104,1.41073,1.4110200000000002,1256
2026-07-28T09:45:00+00:00,1.4110200000000002,1.41154,1.41097,1.41143,1649
2026-07-28T10:00:00+00:00,1.41143,1.41162,1.41127,1.41134,1709
2026-07-28T10:15:00+00:00,1.41134,1.4114200000000001,1.41116,1.4112200000000001,1710
2026-07-28T10:30:00+00:00,1.4112200000000001,1.41134,1.41094,1.41117,1306
2026-07-28T10:45:00+00:00,1.41117,1.41118,1.41059,1.4107,1403
2026-07-28T11:00:00+00:00,1.4107,1.41117,1.41066,1.41109,1420
2026-07-28T11:15:00+00:00,1.41109,1.41124,1.41072,1.41072,1636
2026-07-28T11:30:00+00:00,1.41072,1.4108100000000001,1.41026,1.41048,1660
2026-07-28T11:45:00+00:00,1.41048,1.4106,1.41026,1.41059,1912
2026-07-28T12:00:00+00:00,1.41059,1.41099,1.41046,1.41094,1776
2026-07-28T12:15:00+00:00,1.41094,1.4113200000000001,1.41087,1.41127,1371
2026-07-28T12:30:00+00:00,1.41127,1.41157,1.41114,1.41117,1657
2026-07-28T12:45:00+00:00,1.41117,1.4113600000000002,1.41096,1.41118,1933
2026-07-28T13:00:00+00:00,1.41118,1.41118,1.40999,1.41015,2133
2026-07-28T13:15:00+00:00,1.41015,1.4105800000000002,1.4100000000000001,1.41052,2262
2026-07-28T13:30:00+00:00,1.41052,1.41083,1.41031,1.41036,4343
2026-07-28T13:45:00+00:00,1.41036,1.4104700000000001,1.4097300000000001,1.40975,3098
2026-07-28T14:00:00+00:00,1.40975,1.41008,1.4094600000000002,1.40999,2842
2026-07-28T14:15:00+00:00,1.40999,1.4106400000000001,1.40981,1.40998,2743
2026-07-28T14:30:00+00:00,1.40998,1.41015,1.40972,1.40982,2402
2026-07-28T14:45:00+00:00,1.40982,1.41043,1.40982,1.41032,3058
2026-07-28T15:00:00+00:00,1.41032,1.41045,1.40924,1.40937,3092
2026-07-28T15:15:00+00:00,1.40937,1.40969,1.4086,1.40886,3853
2026-07-28T15:30:00+00:00,1.40886,1.40909,1.4085,1.40877,2589
2026-07-28T15:45:00+00:00,1.40877,1.4092500000000001,1.40874,1.40907,1846
2026-07-28T16:00:00+00:00,1.40907,1.4091900000000002,1.4086100000000001,1.4086100000000001,1993
2026-07-28T16:15:00+00:00,1.4086100000000001,1.40879,1.40846,1.40865,1627
2026-07-28T16:30:00+00:00,1.40865,1.4090500000000001,1.40865,1.40877,1378
2026-07-28T16:45:00+00:00,1.40877,1.40899,1.40852,1.4086800000000002,1524
2026-07-28T17:00:00+00:00,1.4086800000000002,1.40968,1.40863,1.40968,2182
2026-07-28T17:15:00+00:00,1.40968,1.40999,1.40941,1.40998,1528
2026-07-28T17:30:00+00:00,1.40998,1.41039,1.40995,1.4103700000000001,892
2026-07-28T17:45:00+00:00,1.4103700000000001,1.4104700000000001,1.4101700000000001,1.4103700000000001,1172
2026-07-28T18:00:00+00:00,1.4103700000000001,1.4105800000000002,1.41031,1.41032,1487
2026-07-28T18:15:00+00:00,1.41032,1.41032,1.4099300000000001,1.41018,1485
2026-07-28T18:30:00+00:00,1.41018,1.41018,1.40995,1.41006,1106
2026-07-28T18:45:00+00:00,1.41006,1.41042,1.4100300000000001,1.4103700000000001,1030
2026-07-28T19:00:00+00:00,1.4103700000000001,1.41069,1.41008,1.41062,1105
2026-07-28T19:15:00+00:00,1.41062,1.41063,1.4104,1.41057,1143
2026-07-28T19:30:00+00:00,1.41057,1.4106100000000001,1.4104400000000001,1.41046,785
2026-07-28T19:45:00+00:00,1.41046,1.4109,1.4102400000000002,1.41087,1265
2026-07-28T20:00:00+00:00,1.41087,1.41099,1.4106100000000001,1.4107100000000001,899
2026-07-28T20:15:00+00:00,1.4107100000000001,1.41087,1.41065,1.41069,535
2026-07-28T20:30:00+00:00,1.41069,1.4109,1.4104700000000001,1.4104700000000001,582
2026-07-28T20:45:00+00:00,1.4104700000000001,1.41066,1.41042,1.41049,614
2026-07-28T21:00:00+00:00,1.41049,1.41049,1.40955,1.4096799999999998,51.279420335174024
2026-07-28T21:15:00+00:00,1.4096799999999998,1.4100599999999999,1.4096199999999999,1.40973,341
2026-07-28T21:30:00+00:00,1.40973,1.41014,1.40973,1.4100499999999998,586
2026-07-28T21:45:00+00:00,1.4100499999999998,1.4101,1.40984,1.4101,693
2026-07-28T22:00:00+00:00,1.4101,1.4103899999999998,1.41008,1.4102999999999999,287.04103343465044
2026-07-28T22:15:00+00:00,1.4102999999999999,1.41044,1.4100499999999998,1.41017,293
2026-07-28T22:30:00+00:00,1.41017,1.4104899999999998,1.4100899999999998,1.41044,319
2026-07-28T22:45:00+00:00,1.41044,1.4104899999999998,1.4103299999999999,1.41038,281.7593947949849
2026-07-28T23:00:00+00:00,1.41038,1.41052,1.41028,1.4103599999999998,551
2026-07-28T23:15:00+00:00,1.4103599999999998,1.41044,1.41035,1.41038,483
2026-07-28T23:30:00+00:00,1.41038,1.41054,1.41035,1.4104299999999999,466
2026-07-28T23:45:00+00:00,1.4104299999999999,1.4106299999999998,1.4103899999999998,1.4104999999999999,1126
2026-07-29T00:00:00+00:00,1.4104999999999999,1.41082,1.4104999999999999,1.41072,1903
2026-07-29T00:15:00+00:00,1.41072,1.41075,1.41017,1.4102199999999998,1628
2026-07-29T00:30:00+00:00,1.4102199999999998,1.4102199999999998,1.4099499999999998,1.40998,1235
2026-07-29T00:45:00+00:00,1.40998,1.4102199999999998,1.4099199999999998,1.4099499999999998,1932
2026-07-29T01:00:00+00:00,1.4099499999999998,1.4099899999999999,1.4095499999999999,1.40981,1727
2026-07-29T01:15:00+00:00,1.40981,1.4098899999999999,1.4094799999999998,1.4098,1761
2026-07-29T01:30:00+00:00,1.4098,1.4103999999999999,1.4097199999999999,1.4102299999999999,3405
2026-07-29T01:45:00+00:00,1.4102299999999999,1.4102599999999998,1.40967,1.4096899999999999,1906
2026-07-29T02:00:00+00:00,1.4096899999999999,1.40993,1.40953,1.4095799999999998,1907
2026-07-29T02:15:00+00:00,1.4095799999999998,1.4096899999999999,1.4091099999999999,1.40943,1934
2026-07-29T02:30:00+00:00,1.40943,1.4097199999999999,1.40943,1.4096199999999999,1581
2026-07-29T02:45:00+00:00,1.4096199999999999,1.4098,1.4094799999999998,1.40956,1416
2026-07-29T03:00:00+00:00,1.40956,1.40957,1.40926,1.40942,1792
2026-07-29T03:15:00+00:00,1.40942,1.40947,1.40922,1.4093399999999998,2188
2026-07-29T03:30:00+00:00,1.4093399999999998,1.40939,1.4089699999999998,1.40909,1746
2026-07-29T03:45:00+00:00,1.40909,1.40922,1.4088999999999998,1.40913,1854
2026-07-29T04:00:00+00:00,1.40913,1.40926,1.40898,1.40902,1856
2026-07-29T04:15:00+00:00,1.40902,1.4091799999999999,1.40885,1.4091699999999998,1543
2026-07-29T04:30:00+00:00,1.4091699999999998,1.40923,1.40864,1.40879,1863
2026-07-29T04:45:00+00:00,1.40879,1.40906,1.4086999999999998,1.4088699999999998,2078
2026-07-29T05:00:00+00:00,1.4088699999999998,1.40892,1.4086599999999998,1.40879,1089
2026-07-29T05:15:00+00:00,1.40879,1.40905,1.4086599999999998,1.4090399999999998,1089
2026-07-29T05:30:00+00:00,1.4090399999999998,1.4092399999999998,1.4088299999999998,1.40893,1613
2026-07-29T05:45:00+00:00,1.40893,1.4090699999999998,1.4087699999999999,1.4089699999999998,1466
2026-07-29T06:00:00+00:00,1.4089699999999998,1.4089699999999998,1.40845,1.40845,1533
2026-07-29T06:15:00+00:00,1.40845,1.4089699999999998,1.4082899999999998,1.4089399999999999,2511
2026-07-29T06:30:00+00:00,1.4089399999999999,1.40959,1.4088999999999998,1.40957,2491
2026-07-29T06:45:00+00:00,1.40957,1.4099,1.40937,1.4095499999999999,1564
2026-07-29T07:00:00+00:00,1.4095499999999999,1.4097799999999998,1.4091099999999999,1.4092699999999998,2735
2026-07-29T07:15:00+00:00,1.4092699999999998,1.4093099999999998,1.4088299999999998,1.40889,2480
2026-07-29T07:30:00+00:00,1.40889,1.40929,1.40881,1.4092399999999998,2163
2026-07-29T07:45:00+00:00,1.4092399999999998,1.40939,1.4090699999999998,1.40937,2711
2026-07-29T08:00:00+00:00,1.40937,1.4094,1.4091099999999999,1.4093499999999999,2961
2026-07-29T08:15:00+00:00,1.4093499999999999,1.40949,1.4091699999999998,1.4093,1704
2026-07-29T08:30:00+00:00,1.4093,1.40974,1.4093,1.40947,1379
2026-07-29T08:45:00+00:00,1.40947,1.4097,1.4091799999999999,1.40966,1956
2026-07-29T09:00:00+00:00,1.40966,1.40987,1.4094399999999998,1.4095799999999998,1783
2026-07-29T09:15:00+00:00,1.4095799999999998,1.4097,1.40936,1.40954,2506
2026-07-29T09:30:00+00:00,1.40954,1.4098899999999999,1.4094,1.40976,1312
2026-07-29T09:45:00+00:00,1.40976,1.41005,1.40952,1.41005,2251
2026-07-29T10:00:00+00:00,1.41005,1.41048,1.4099700000000002,1.4100700000000002,2154
2026-07-29T10:15:00+00:00,1.4100700000000002,1.4103,1.4099700000000002,1.41009,1553
2026-07-29T10:30:00+00:00,1.41009,1.41028,1.4099000000000002,1.41001,1651
2026-07-29T10:45:00+00:00,1.41001,1.41012,1.40978,1.40982,1549
2026-07-29T11:00:00+00:00,1.40982,1.40982,1.4095300000000002,1.40954,1755
2026-07-29T11:15:00+00:00,1.40954,1.40975,1.4093,1.40935,1740
2026-07-29T11:30:00+00:00,1.40935,1.40975,1.4092900000000002,1.40961,2031
2026-07-29T11:45:00+00:00,1.40961,1.4099700000000002,1.4095300000000002,1.4097600000000001,2249
2026-07-29T12:00:00+00:00,1.4097600000000001,1.41043,1.4097600000000001,1.41018,2167
2026-07-29T12:15:00+00:00,1.41018,1.41033,1.40917,1.4093200000000001,2875
2026-07-29T12:30:00+00:00,1.4093200000000001,1.4098300000000001,1.4093200000000001,1.40971,2119
2026-07-29T12:45:00+00:00,1.40971,1.4098300000000001,1.4089200000000002,1.40911,2149
2026-07-29T13:00:00+00:00,1.40911,1.40992,1.40899,1.4095300000000002,2321
2026-07-29T13:15:00+00:00,1.4095300000000002,1.40969,1.4088800000000001,1.40901,2041
2026-07-29T13:30:00+00:00,1.40901,1.40933,1.4083,1.4083100000000002,3302
2026-07-29T13:45:00+00:00,1.4083100000000002,1.40845,1.40785,1.4079000000000002,3001
2026-07-29T14:00:00+00:00,1.4079000000000002,1.40853,1.40782,1.4085100000000002,3171
2026-07-29T14:15:00+00:00,1.4085100000000002,1.40852,1.40755,1.40771,3402
2026-07-29T14:30:00+00:00,1.40771,1.4087100000000001,1.40761,1.40856,2368
2026-07-29T14:45:00+00:00,1.40856,1.40937,1.4083700000000001,1.409,3782
2026-07-29T15:00:00+00:00,1.409,1.4090200000000002,1.40846,1.40872,3679
2026-07-29T15:15:00+00:00,1.40872,1.4090200000000002,1.40852,1.4089,3182
2026-07-29T15:30:00+00:00,1.4089,1.4091,1.40867,1.40891,2281
2026-07-29T15:45:00+00:00,1.40891,1.40904,1.4085100000000002,1.4086,1768
2026-07-29T16:00:00+00:00,1.4086,1.40913,1.40856,1.40899,2182
2026-07-29T16:15:00+00:00,1.40899,1.40931,1.40887,1.4091900000000002,2501
2026-07-29T16:30:00+00:00,1.4091900000000002,1.4098000000000002,1.40918,1.40935,1620
2026-07-29T16:45:00+00:00,1.40935,1.40945,1.4091200000000002,1.40934,1356
2026-07-29T17:00:00+00:00,1.40934,1.4096300000000002,1.4090500000000001,1.40926,1791
2026-07-29T17:15:00+00:00,1.40926,1.4093200000000001,1.4089800000000001,1.40911,1644
2026-07-29T17:30:00+00:00,1.40911,1.4093,1.40876,1.4091200000000002,2135
2026-07-29T17:45:00+00:00,1.4091200000000002,1.4095900000000001,1.40876,1.40901,2039
2026-07-29T18:00:00+00:00,1.40901,1.40901,1.40612,1.4062000000000001,5967
2026-07-29T18:15:00+00:00,1.4062000000000001,1.40711,1.40587,1.4064400000000001,4818
2026-07-29T18:30:00+00:00,1.4064400000000001,1.40754,1.4053900000000001,1.40544,5035
2026-07-29T18:45:00+00:00,1.40544,1.4056,1.40382,1.40387,6757
2026-07-29T19:00:00+00:00,1.40387,1.40445,1.40301,1.4030500000000001,6174
2026-07-29T19:15:00+00:00,1.4030500000000001,1.4037600000000001,1.40215,1.40357,8274
2026-07-29T19:30:00+00:00,1.40357,1.4044400000000001,1.40354,1.4038300000000001,6214
2026-07-29T19:45:00+00:00,1.4038300000000001,1.4056300000000002,1.40382,1.4055900000000001,4680
2026-07-29T20:00:00+00:00,1.4055900000000001,1.4056,1.40449,1.40464,2493
2026-07-29T20:15:00+00:00,1.40464,1.40493,1.4045,1.4048500000000002,1352
2026-07-29T20:30:00+00:00,1.4048500000000002,1.4049800000000001,1.40433,1.40479,1539
2026-07-29T20:45:00+00:00,1.40479,1.4049200000000002,1.4043700000000001,1.40446,1614
2026-07-29T21:00:00+00:00,1.40446,1.40446,1.40389,1.4042000000000003,53.82489382095958
2026-07-29T21:15:00+00:00,1.4042000000000003,1.4042200000000005,1.4039000000000004,1.4040700000000004,268.74069400345695
2026-07-29T21:30:00+00:00,1.4040700000000004,1.4040700000000004,1.4034300000000004,1.4037600000000003,181.30321883703613
2026-07-29T21:45:00+00:00,1.4037600000000003,1.4039200000000003,1.4037600000000003,1.4038400000000004,339
2026-07-29T22:00:00+00:00,1.4038400000000004,1.4043200000000002,1.4037300000000004,1.4038600000000003,451.9685389264131
2026-07-29T22:15:00+00:00,1.4038600000000003,1.4039500000000005,1.4037800000000005,1.4038500000000005,194.068960296846
2026-07-29T22:30:00+00:00,1.4038500000000005,1.4038500000000005,1.4037700000000004,1.4038200000000003,190
2026-07-29T22:45:00+00:00,1.4038200000000003,1.4039600000000003,1.4036700000000004,1.4037400000000004,494
2026-07-29T23:00:00+00:00,1.4037400000000004,1.4037900000000003,1.4031200000000004,1.4035300000000004,841
2026-07-29T23:15:00+00:00,1.4035300000000004,1.4039100000000004,1.4035300000000004,1.4038400000000004,530
2026-07-29T23:30:00+00:00,1.4038400000000004,1.4038700000000004,1.4035100000000005,1.4035400000000005,1029
2026-07-29T23:45:00+00:00,1.4035400000000005,1.4036700000000004,1.4031000000000005,1.4033500000000003,1376
2026-07-30T00:00:00+00:00,1.4033500000000003,1.4035600000000004,1.4028200000000004,1.4029800000000003,3027
2026-07-30T00:15:00+00:00,1.4029800000000003,1.4040600000000003,1.4029600000000004,1.4040100000000004,3186
2026-07-30T00:30:00+00:00,1.4040100000000004,1.4044600000000005,1.4039300000000003,1.4042700000000004,2023
2026-07-30T00:45:00+00:00,1.4042700000000004,1.4043200000000005,1.4040200000000005,1.4040900000000003,1919
2026-07-30T01:00:00+00:00,1.4040900000000003,1.4041600000000003,1.4037100000000005,1.4038700000000004,2027
2026-07-30T01:15:00+00:00,1.4038700000000004,1.4044900000000005,1.4038600000000003,1.4043900000000005,1876
2026-07-30T01:30:00+00:00,1.4043900000000005,1.4044400000000004,1.4040800000000004,1.4044100000000004,1743
2026-07-30T01:45:00+00:00,1.4044100000000004,1.4048200000000004,1.4043200000000005,1.4046900000000004,1359
2026-07-30T02:00:00+00:00,1.4046900000000004,1.4048600000000004,1.4044700000000003,1.4048300000000005,1897
2026-07-30T02:15:00+00:00,1.4048300000000005,1.4048300000000005,1.4046400000000003,1.4047500000000004,2261
2026-07-30T02:30:00+00:00,1.4047500000000004,1.4048100000000003,1.4045500000000004,1.4047200000000004,1958
2026-07-30T02:45:00+00:00,1.4047200000000004,1.4047300000000005,1.4045300000000003,1.4047200000000004,1374
2026-07-30T03:00:00+00:00,1.4047200000000004,1.4050100000000003,1.4045900000000004,1.4049600000000004,1408
2026-07-30T03:15:00+00:00,1.4049600000000004,1.4051100000000003,1.4048900000000004,1.4048900000000004,1683
2026-07-30T03:30:00+00:00,1.4048900000000004,1.4049200000000004,1.4045200000000004,1.4046800000000004,1268
2026-07-30T03:45:00+00:00,1.4046800000000004,1.4050200000000004,1.4046500000000004,1.4049700000000005,1167
2026-07-30T04:00:00+00:00,1.4049700000000005,1.4050500000000004,1.4047800000000004,1.4048900000000004,1314
2026-07-30T04:15:00+00:00,1.4048900000000004,1.4050600000000004,1.4048100000000003,1.4049900000000004,1302
2026-07-30T04:30:00+00:00,1.4049900000000004,1.4052400000000005,1.4049900000000004,1.4052100000000003,1346
2026-07-30T04:45:00+00:00,1.4052100000000003,1.4053200000000003,1.4050800000000003,1.4052400000000005,1186
2026-07-30T05:00:00+00:00,1.4052400000000005,1.4052400000000005,1.4047300000000005,1.4047400000000003,1747
2026-07-30T05:15:00+00:00,1.4047400000000003,1.4047900000000004,1.4045700000000003,1.4046400000000003,1824
2026-07-30T05:30:00+00:00,1.4046400000000003,1.4049900000000004,1.4045800000000004,1.4049000000000005,1851
2026-07-30T05:45:00+00:00,1.4049000000000005,1.4050800000000003,1.4046800000000004,1.4050000000000005,1754
2026-07-30T06:00:00+00:00,1.4050000000000005,1.4054800000000003,1.4048300000000005,1.4053700000000005,2235
2026-07-30T06:15:00+00:00,1.4053700000000005,1.4055700000000004,1.4051700000000005,1.4055700000000004,2504
2026-07-30T06:30:00+00:00,1.4055700000000004,1.4056400000000004,1.4049800000000003,1.4052900000000004,2270
2026-07-30T06:45:00+00:00,1.4052900000000004,1.4053100000000003,1.4048300000000005,1.4051800000000003,2333
2026-07-30T07:00:00+00:00,1.4051800000000003,1.4058900000000003,1.4050200000000004,1.4058700000000004,3579
2026-07-30T07:15:00+00:00,1.4058700000000004,1.4063000000000003,1.4054500000000003,1.4061900000000005,1948
2026-07-30T07:30:00+00:00,1.4061900000000005,1.4064500000000004,1.4057900000000003,1.4060200000000005,2202
2026-07-30T07:45:00+00:00,1.4060200000000005,1.4065000000000003,1.4058900000000003,1.4063800000000004,2032
2026-07-30T08:00:00+00:00,1.4063800000000004,1.4064800000000004,1.4059600000000003,1.4061000000000003,2608
2026-07-30T08:15:00+00:00,1.4061000000000003,1.4061000000000003,1.4055000000000004,1.4055400000000002,2303
2026-07-30T08:30:00+00:00,1.4055400000000002,1.4060200000000003,1.4053400000000003,1.4056300000000002,2148
2026-07-30T08:45:00+00:00,1.4056300000000002,1.4056300000000002,1.4052000000000002,1.4055000000000002,2227
2026-07-30T09:00:00+00:00,1.4055000000000002,1.40555,1.40501,1.4052700000000002,2371
2026-07-30T09:15:00+00:00,1.4052700000000002,1.40528,1.4048900000000002,1.4049900000000002,2398
2026-07-30T09:30:00+00:00,1.4049900000000002,1.4050700000000003,1.4047,1.4048500000000002,1866
2026-07-30T09:45:00+00:00,1.4048500000000002,1.4050600000000002,1.4044500000000002,1.4044600000000003,2421
2026-07-30T10:00:00+00:00,1.4044600000000003,1.40484,1.4039000000000001,1.4039700000000002,2762
2026-07-30T10:15:00+00:00,1.4039700000000002,1.4042500000000002,1.4033900000000001,1.4041500000000002,3269
2026-07-30T10:30:00+00:00,1.4041500000000002,1.4042100000000002,1.4035700000000002,1.4036700000000002,2298
2026-07-30T10:45:00+00:00,1.4036700000000002,1.4041800000000002,1.4035700000000002,1.4041000000000001,2360
2026-07-30T11:00:00+00:00,1.4041000000000001,1.40416,1.4035600000000001,1.4041500000000002,2661
2026-07-30T11:15:00+00:00,1.4041500000000002,1.40474,1.4040300000000001,1.4044200000000002,2108
2026-07-30T11:30:00+00:00,1.4044200000000002,1.4048600000000002,1.4042400000000002,1.4048500000000002,1744
2026-07-30T11:45:00+00:00,1.4048500000000002,1.4048900000000002,1.4040000000000001,1.4040000000000001,2425
2026-07-30T12:00:00+00:00,1.4040000000000001,1.4042500000000002,1.4034300000000002,1.4035300000000002,2471
2026-07-30T12:15:00+00:00,1.4035300000000002,1.40406,1.4034200000000001,1.4037800000000002,2346
2026-07-30T12:30:00+00:00,1.4037800000000002,1.4046500000000002,1.4034900000000001,1.40423,4381
2026-07-30T12:45:00+00:00,1.40423,1.40528,1.4042200000000002,1.4052700000000002,4695
2026-07-30T13:00:00+00:00,1.4052700000000002,1.4055900000000001,1.4046600000000002,1.4048600000000002,4904
2026-07-30T13:15:00+00:00,1.4048600000000002,1.4049900000000002,1.4039800000000002,1.40433,3832
2026-07-30T13:30:00+00:00,1.40433,1.4045600000000003,1.4020100000000002,1.4023,6048
2026-07-30T13:45:00+00:00,1.4023,1.4030900000000002,1.4005800000000002,1.4007500000000002,6677
2026-07-30T14:00:00+00:00,1.4007500000000002,1.4016100000000002,1.40009,1.40091,9749
2026-07-30T14:15:00+00:00,1.40091,1.4019800000000002,1.4003600000000003,1.4018300000000001,9050
2026-07-30T14:30:00+00:00,1.4018300000000001,1.4023700000000001,1.4010600000000002,1.4017400000000002,4767
2026-07-30T14:45:00+00:00,1.4017400000000002,1.40206,1.4009600000000002,1.4015100000000003,4030
2026-07-30T15:00:00+00:00,1.4015100000000003,1.4019100000000002,1.4009200000000002,1.4015600000000001,5269
2026-07-30T15:15:00+00:00,1.4015600000000001,1.4016800000000003,1.40091,1.4009200000000002,3859
2026-07-30T15:30:00+00:00,1.4009200000000002,1.4009800000000001,1.4002100000000002,1.4005600000000002,2918
2026-07-30T15:45:00+00:00,1.4005600000000002,1.4007200000000002,1.39986,1.4001000000000001,3213
2026-07-30T16:00:00+00:00,1.4001000000000001,1.4001700000000001,1.3995900000000001,1.4001100000000002,3635
2026-07-30T16:15:00+00:00,1.4001100000000002,1.4002500000000002,1.39972,1.4001200000000003,2438
2026-07-30T16:30:00+00:00,1.4001200000000003,1.4001500000000002,1.3997800000000002,1.4000100000000002,2254
2026-07-30T16:45:00+00:00,1.4000100000000002,1.4000400000000002,1.3992300000000002,1.3992300000000002,1734
2026-07-30T17:00:00+00:00,1.3992300000000002,1.3996400000000002,1.39891,1.39962,2010
2026-07-30T17:15:00+00:00,1.39962,1.4002200000000002,1.3994900000000001,1.4002100000000002,1692
2026-07-30T17:30:00+00:00,1.4002100000000002,1.4004600000000003,1.3992000000000002,1.39938,4693
2026-07-30T17:45:00+00:00,1.39938,1.3995800000000003,1.3989800000000001,1.3992400000000003,3140
2026-07-30T18:00:00+00:00,1.3992400000000003,1.3995100000000003,1.3988300000000002,1.3988600000000002,2379
2026-07-30T18:15:00+00:00,1.3988600000000002,1.3997300000000001,1.3988000000000003,1.39955,1752
2026-07-30T18:30:00+00:00,1.39955,1.3998100000000002,1.3993000000000002,1.3995400000000002,1785
2026-07-30T18:45:00+00:00,1.3995400000000002,1.3996400000000002,1.3991500000000001,1.3992400000000003,2150
2026-07-30T19:00:00+00:00,1.3992400000000003,1.40023,1.3992400000000003,1.4001200000000003,2310
2026-07-30T19:15:00+00:00,1.4001200000000003,1.4003,1.3997400000000002,1.4001100000000002,1916
2026-07-30T19:30:00+00:00,1.4001100000000002,1.4001700000000001,1.3998400000000002,1.3998500000000003,1828
2026-07-30T19:45:00+00:00,1.3998500000000003,1.4003200000000002,1.39982,1.4000200000000003,2070
2026-07-30T20:00:00+00:00,1.4000200000000003,1.4001500000000002,1.3998000000000002,1.4000000000000001,966
2026-07-30T20:15:00+00:00,1.4000000000000001,1.4004200000000002,1.3999800000000002,1.4004200000000002,542
2026-07-30T20:30:00+00:00,1.4004200000000002,1.40074,1.4002700000000001,1.4007300000000003,800
2026-07-30T20:45:00+00:00,1.4007300000000003,1.4008200000000002,1.40057,1.40081,764
2026-07-30T21:00:00+00:00,1.40081,1.40087,1.4002100000000002,1.4007500000000002,63.660314524902994
2026-07-30T21:15:00+00:00,1.4007500000000002,1.4008300000000002,1.4006200000000002,1.40081,65.64339417250703
2026-07-30T21:30:00+00:00,1.40081,1.4009800000000001,1.4007500000000002,1.4009400000000003,128
2026-07-30T21:45:00+00:00,1.4009400000000003,1.4009900000000002,1.4007700000000003,1.4009600000000002,106
2026-07-30T22:00:00+00:00,1.4009600000000002,1.4010300000000002,1.4003700000000001,1.4005100000000001,845
2026-07-30T22:15:00+00:00,1.4005100000000001,1.4006000000000003,1.4004500000000002,1.4005500000000002,309
2026-07-30T22:30:00+00:00,1.4005500000000002,1.4005800000000002,1.4001000000000001,1.4003100000000002,368
2026-07-30T22:45:00+00:00,1.4003100000000002,1.4004300000000003,1.4002400000000002,1.4003800000000002,337
2026-07-30T23:00:00+00:00,1.4003800000000002,1.4007000000000003,1.4002400000000002,1.4006600000000002,822
2026-07-30T23:15:00+00:00,1.4006600000000002,1.4007900000000002,1.4005300000000003,1.4007600000000002,779
2026-07-30T23:30:00+00:00,1.4007600000000002,1.4009700000000003,1.4007000000000003,1.4008500000000002,995
2026-07-30T23:45:00+00:00,1.4008500000000002,1.4009900000000002,1.4006900000000002,1.4009800000000001,966
2026-07-31T00:00:00+00:00,1.4009800000000001,1.4013000000000002,1.4008400000000003,1.4010400000000003,2542
2026-07-31T00:15:00+00:00,1.4010400000000003,1.4010900000000002,1.4005300000000003,1.4007800000000001,1652
2026-07-31T00:30:00+00:00,1.4007800000000001,1.4011600000000002,1.4006500000000002,1.4010200000000002,1950
2026-07-31T00:45:00+00:00,1.4010200000000002,1.4013000000000002,1.4009400000000003,1.4012900000000001,2204
2026-07-31T01:00:00+00:00,1.4012900000000001,1.4013300000000002,1.4008900000000002,1.4012100000000003,2536
2026-07-31T01:15:00+00:00,1.4012100000000003,1.4013500000000003,1.4010400000000003,1.4011800000000003,2312
2026-07-31T01:30:00+00:00,1.4011800000000003,1.4014400000000002,1.4008200000000002,1.4013400000000003,2922
2026-07-31T01:45:00+00:00,1.4013400000000003,1.4016400000000002,1.4012400000000003,1.4015800000000003,2233
2026-07-31T02:00:00+00:00,1.4015800000000003,1.4016800000000003,1.4007600000000002,1.4009000000000003,1988
2026-07-31T02:15:00+00:00,1.4009000000000003,1.4016200000000003,1.4008900000000002,1.4015400000000002,1226
2026-07-31T02:30:00+00:00,1.4015400000000002,1.4015700000000002,1.4012900000000001,1.4014400000000002,1315
2026-07-31T02:45:00+00:00,1.4014400000000002,1.4016200000000003,1.4013200000000001,1.4014900000000001,1890
2026-07-31T03:00:00+00:00,1.4014900000000001,1.4020600000000003,1.4014900000000001,1.4019000000000001,1659
2026-07-31T03:15:00+00:00,1.4019000000000001,1.4021600000000003,1.4018100000000002,1.4020400000000002,1810
2026-07-31T03:30:00+00:00,1.4020400000000002,1.4021200000000003,1.4017900000000003,1.4019900000000003,1521
2026-07-31T03:45:00+00:00,1.4019900000000003,1.4020200000000003,1.4016400000000002,1.4017200000000003,1403
2026-07-31T04:00:00+00:00,1.4017200000000003,1.4017300000000001,1.4014300000000002,1.4015800000000003,2183
2026-07-31T04:15:00+00:00,1.4015800000000003,1.4017100000000002,1.4014500000000003,1.4017100000000002,2044
2026-07-31T04:30:00+00:00,1.4017100000000002,1.4018600000000003,1.4016200000000003,1.4018000000000002,2029
2026-07-31T04:45:00+00:00,1.4018000000000002,1.4018500000000003,1.4016800000000003,1.4017600000000001,1636
2026-07-31T05:00:00+00:00,1.4017600000000001,1.4018500000000003,1.4014900000000001,1.4016600000000001,2786
2026-07-31T05:15:00+00:00,1.4016600000000001,1.4018400000000002,1.4015300000000002,1.4018400000000002,1484
2026-07-31T05:30:00+00:00,1.4018400000000002,1.4019200000000003,1.4014800000000003,1.4017100000000002,1470
2026-07-31T05:45:00+00:00,1.4017100000000002,1.4021100000000002,1.4017100000000002,1.4018400000000002,1565
2026-07-31T06:00:00+00:00,1.4018400000000002,1.4018700000000002,1.4013300000000002,1.4013800000000003,2567
2026-07-31T06:15:00+00:00,1.4013800000000003,1.4015300000000002,1.4009400000000003,1.4010700000000003,2798
2026-07-31T06:30:00+00:00,1.4010700000000003,1.4015300000000002,1.4010700000000003,1.4013600000000002,3916
2026-07-31T06:45:00+00:00,1.4013600000000002,1.4013600000000002,1.4009100000000003,1.4012700000000002,4668
2026-07-31T07:00:00+00:00,1.4012700000000002,1.4016300000000002,1.4010600000000002,1.4013200000000001,2634
2026-07-31T07:15:00+00:00,1.4013200000000001,1.4016700000000002,1.4012000000000002,1.4014400000000002,2725
2026-07-31T07:30:00+00:00,1.4014400000000002,1.4018500000000003,1.4012400000000003,1.4013900000000001,1796
2026-07-31T07:45:00+00:00,1.4013900000000001,1.40203,1.4010100000000003,1.4019100000000002,2082
2026-07-31T08:00:00+00:00,1.4019100000000002,1.4020000000000001,1.4015000000000002,1.4018800000000002,2491
2026-07-31T08:15:00+00:00,1.4018800000000002,1.4019500000000003,1.4016200000000003,1.4018300000000001,3262
2026-07-31T08:30:00+00:00,1.4018300000000001,1.4020200000000003,1.4015000000000002,1.4015200000000003,2743
2026-07-31T08:45:00+00:00,1.4015200000000003,1.4016300000000002,1.4005600000000002,1.4007600000000002,3093
2026-07-31T09:00:00+00:00,1.4007600000000002,1.4009300000000002,1.4001700000000001,1.4007400000000003,3872
2026-07-31T09:15:00+00:00,1.4007400000000003,1.4014600000000002,1.4006000000000003,1.4014300000000002,3414
2026-07-31T09:30:00+00:00,1.4014300000000002,1.4015200000000003,1.4009900000000002,1.4015000000000002,2255
2026-07-31T09:45:00+00:00,1.4015000000000002,1.4015200000000003,1.4011100000000003,1.4012100000000003,1803
2026-07-31T10:00:00+00:00,1.4012100000000003,1.4016100000000002,1.4012000000000002,1.4014900000000001,1730
2026-07-31T10:15:00+00:00,1.4014900000000001,1.4018900000000003,1.4014700000000002,1.4017400000000002,1775
2026-07-31T10:30:00+00:00,1.4017400000000002,1.40203,1.4015600000000001,1.4020200000000003,1164
2026-07-31T10:45:00+00:00,1.4020200000000003,1.4021400000000002,1.4019400000000002,1.4020000000000001,1289
2026-07-31T11:00:00+00:00,1.4020000000000001,1.4021500000000002,1.4018400000000002,1.4021200000000003,1720
2026-07-31T11:15:00+00:00,1.4021200000000003,1.4025400000000001,1.4021100000000002,1.4023400000000001,2051
2026-07-31T11:30:00+00:00,1.4023400000000001,1.4028300000000002,1.4022700000000001,1.4026700000000003,1844
2026-07-31T11:45:00+00:00,1.4026700000000003,1.4034500000000003,1.4026000000000003,1.4034200000000001,2085
2026-07-31T12:00:00+00:00,1.4034200000000001,1.4041100000000002,1.4032900000000001,1.4038000000000002,2471
2026-07-31T12:15:00+00:00,1.4038000000000002,1.4044300000000003,1.4036900000000003,1.4043900000000002,2127
2026-07-31T12:30:00+00:00,1.4043900000000002,1.4048000000000003,1.4042600000000003,1.4044500000000002,1915
2026-07-31T12:45:00+00:00,1.4044500000000002,1.4044500000000002,1.4034400000000002,1.4034700000000002,2717
2026-07-31T13:00:00+00:00,1.4034700000000002,1.4037400000000002,1.4029600000000002,1.4035500000000003,2921
2026-07-31T13:15:00+00:00,1.4035500000000003,1.4037800000000002,1.4015600000000001,1.4017600000000001,5192
2026-07-31T13:30:00+00:00,1.4017600000000001,1.4031500000000001,1.4013900000000001,1.4028200000000002,6135
2026-07-31T13:45:00+00:00,1.4028200000000002,1.4038300000000001,1.4027500000000002,1.4038000000000002,4325
2026-07-31T14:00:00+00:00,1.4038000000000002,1.4055900000000001,1.4036600000000001,1.4051200000000001,5787
2026-07-31T14:15:00+00:00,1.4051200000000001,1.4056900000000003,1.4043200000000002,1.4049600000000002,4904
2026-07-31T14:30:00+00:00,1.4049600000000002,1.4049800000000001,1.4033100000000003,1.4033200000000001,5005
2026-07-31T14:45:00+00:00,1.4033200000000001,1.4033900000000001,1.4023700000000001,1.4028500000000002,6524
2026-07-31T15:00:00+00:00,1.4028500000000002,1.4033300000000002,1.4019200000000003,1.4021100000000002,5578
2026-07-31T15:15:00+00:00,1.4021100000000002,1.4030000000000002,1.4018500000000003,1.40264,4452
2026-07-31T15:30:00+00:00,1.40264,1.4029700000000003,1.4021000000000001,1.4024200000000002,3922
2026-07-31T15:45:00+00:00,1.4024200000000002,1.4031100000000003,1.4023000000000003,1.4028100000000001,3374
2026-07-31T16:00:00+00:00,1.4028100000000001,1.4030100000000003,1.4022100000000002,1.4025400000000001,3401
2026-07-31T16:15:00+00:00,1.4025400000000001,1.40264,1.4021100000000002,1.4025800000000002,3128
2026-07-31T16:30:00+00:00,1.4025800000000002,1.4028000000000003,1.4024300000000003,1.4028000000000003,2285
2026-07-31T16:45:00+00:00,1.4028000000000003,1.4030100000000003,1.4025800000000002,1.4028100000000001,2711
2026-07-31T17:00:00+00:00,1.4028100000000001,1.4029200000000002,1.4022000000000001,1.4022100000000002,1995
2026-07-31T17:15:00+00:00,1.4022100000000002,1.4025500000000002,1.4016100000000002,1.4016300000000002,2523
2026-07-31T17:30:00+00:00,1.4016300000000002,1.4016400000000002,1.4009900000000002,1.4009900000000002,4664
2026-07-31T17:45:00+00:00,1.4009900000000002,1.4018900000000003,1.4009700000000003,1.4017200000000003,4230
2026-07-31T18:00:00+00:00,1.4017200000000003,1.4022000000000001,1.4016000000000002,1.4021400000000002,3268
2026-07-31T18:15:00+00:00,1.4021400000000002,1.4022300000000003,1.4018800000000002,1.4020500000000002,2168
2026-07-31T18:30:00+00:00,1.4020500000000002,1.4022000000000001,1.4018700000000002,1.4019000000000001,1955
2026-07-31T18:45:00+00:00,1.4019000000000001,1.4022000000000001,1.4016000000000002,1.4017100000000002,1586
2026-07-31T19:00:00+00:00,1.4017100000000002,1.4017100000000002,1.4012200000000001,1.4012200000000001,1546
2026-07-31T19:15:00+00:00,1.4012200000000001,1.4014000000000002,1.4011600000000002,1.4012000000000002,1174
2026-07-31T19:30:00+00:00,1.4012000000000002,1.4014700000000002,1.4008400000000003,1.4008600000000002,1711
2026-07-31T19:45:00+00:00,1.4008600000000002,1.4016600000000001,1.4007900000000002,1.4015700000000002,2350
2026-07-31T20:00:00+00:00,1.4015700000000002,1.4018400000000002,1.4012700000000002,1.4015000000000002,1444
2026-07-31T20:15:00+00:00,1.4015000000000002,1.4017200000000003,1.4010600000000002,1.4015100000000003,1453
2026-07-31T20:30:00+00:00,1.4015100000000003,1.4018600000000003,1.4008300000000002,1.4008400000000003,1687
2026-07-31T20:45:00+00:00,1.4008400000000003,1.4017100000000002,1.3999100000000002,1.4008800000000001,4312.5352467927805
2026-08-02T21:00:00+00:00,1.4008800000000001,1.4011900000000002,1.4008800000000001,1.4011400000000003,140.93243460194205
2026-08-02T21:15:00+00:00,1.4011400000000003,1.4012200000000001,1.4009800000000001,1.4010000000000002,239
2026-08-02T21:30:00+00:00,1.4010000000000002,1.4012100000000003,1.4006500000000002,1.4006700000000003,528
2026-08-02T21:45:00+00:00,1.4006700000000003,1.4013700000000002,1.4006700000000003,1.4010000000000005,2643.168286971326
2026-08-02T22:00:00+00:00,1.4010000000000005,1.4018600000000003,1.4008900000000004,1.4010400000000003,790
2026-08-02T22:15:00+00:00,1.4010400000000003,1.4017600000000003,1.4009900000000004,1.4016200000000003,935
2026-08-02T22:30:00+00:00,1.4016200000000003,1.4017300000000004,1.4014100000000005,1.4014800000000003,636
2026-08-02T22:45:00+00:00,1.4014800000000003,1.4015300000000004,1.4011700000000005,1.4014500000000003,390
2026-08-02T23:00:00+00:00,1.4014500000000003,1.4018600000000003,1.4013200000000003,1.4016600000000004,1255
2026-08-02T23:15:00+00:00,1.4016600000000004,1.4018900000000003,1.4016500000000005,1.4017300000000004,874
2026-08-02T23:30:00+00:00,1.4017300000000004,1.4018900000000003,1.4016800000000005,1.4017600000000003,576
2026-08-02T23:45:00+00:00,1.4017600000000003,1.4019000000000004,1.4016400000000004,1.4017300000000004,1141
2026-08-03T00:00:00+00:00,1.4017300000000004,1.4021100000000004,1.4016600000000004,1.4018900000000003,3033
2026-08-03T00:15:00+00:00,1.4018900000000003,1.4020900000000005,1.4013100000000005,1.4014800000000005,3010
2026-08-03T00:30:00+00:00,1.4014800000000005,1.4015300000000004,1.4009200000000004,1.4010000000000005,6028
2026-08-03T00:45:00+00:00,1.4010000000000005,1.4025500000000004,1.4008700000000005,1.4025400000000003,4466
2026-08-03T01:00:00+00:00,1.4025400000000003,1.4029600000000004,1.4024100000000004,1.4025700000000003,4328
2026-08-03T01:15:00+00:00,1.4025700000000003,1.4032200000000004,1.4023400000000004,1.4032100000000003,2397
2026-08-03T01:30:00+00:00,1.4032100000000003,1.4033400000000005,1.4030300000000004,1.4031600000000004,1756
2026-08-03T01:45:00+00:00,1.4031600000000004,1.4036300000000004,1.4031400000000005,1.4035300000000004,1678
2026-08-03T02:00:00+00:00,1.4035300000000004,1.4038700000000004,1.4033900000000004,1.4038500000000005,1782
2026-08-03T02:15:00+00:00,1.4038500000000005,1.4038900000000003,1.4035300000000004,1.4036600000000004,1431
2026-08-03T02:30:00+00:00,1.4036600000000004,1.4037300000000004,1.4033200000000003,1.4036500000000005,1515
2026-08-03T02:45:00+00:00,1.4036500000000005,1.4036900000000003,1.4034900000000003,1.4036200000000003,1466
2026-08-03T03:00:00+00:00,1.4036200000000003,1.4038300000000004,1.4035900000000003,1.4037500000000005,1242
2026-08-03T03:15:00+00:00,1.4037500000000005,1.4038300000000004,1.4036300000000004,1.4036700000000004,1592
2026-08-03T03:30:00+00:00,1.4036700000000004,1.4039200000000005,1.4036500000000005,1.4038100000000004,1648
2026-08-03T03:45:00+00:00,1.4038100000000004,1.4039200000000005,1.4037100000000005,1.4037900000000003,1390
2026-08-03T04:00:00+00:00,1.4037900000000003,1.4038800000000005,1.4036000000000004,1.4036500000000005,1618
2026-08-03T04:15:00+00:00,1.4036500000000005,1.4038000000000004,1.4036200000000003,1.4037200000000003,1398
2026-08-03T04:30:00+00:00,1.4037200000000003,1.4037500000000005,1.4036100000000005,1.4036200000000003,1524
2026-08-03T04:45:00+00:00,1.4036200000000003,1.4037900000000003,1.4035900000000003,1.4037200000000003,1185
2026-08-03T05:00:00+00:00,1.4037200000000003,1.4039400000000004,1.4035300000000004,1.4037300000000004,1197
2026-08-03T05:15:00+00:00,1.4037300000000004,1.4038400000000004,1.4036600000000004,1.4037000000000004,1613
2026-08-03T05:30:00+00:00,1.4037000000000004,1.4037400000000004,1.4034500000000003,1.4034700000000004,1385
2026-08-03T05:45:00+00:00,1.4034700000000004,1.4035100000000005,1.4031900000000004,1.4032600000000004,1292
2026-08-03T06:00:00+00:00,1.4032600000000004,1.4035400000000005,1.4031300000000004,1.4035200000000003,1488
2026-08-03T06:15:00+00:00,1.4035200000000003,1.4037300000000004,1.4033300000000004,1.4035000000000004,2654
2026-08-03T06:30:00+00:00,1.4035000000000004,1.4042800000000004,1.4034500000000003,1.4042700000000004,2555
2026-08-03T06:45:00+00:00,1.4042700000000004,1.4044300000000003,1.4042100000000004,1.4042200000000005,2233
2026-08-03T07:00:00+00:00,1.4042200000000005,1.4047600000000005,1.4038700000000004,1.4042600000000005,2423
2026-08-03T07:15:00+00:00,1.4042600000000005,1.4047100000000003,1.4041200000000005,1.4043600000000005,2489
2026-08-03T07:30:00+00:00,1.4043600000000005,1.4045600000000005,1.4039600000000003,1.4044400000000004,1864
2026-08-03T07:45:00+00:00,1.4044400000000004,1.4048700000000005,1.4043400000000004,1.4046100000000004,1874
2026-08-03T08:00:00+00:00,1.4046100000000004,1.4047600000000005,1.4041200000000005,1.4041300000000003,2162
2026-08-03T08:15:00+00:00,1.4041300000000003,1.4047400000000003,1.4041100000000004,1.4046300000000005,2891
2026-08-03T08:30:00+00:00,1.4046300000000005,1.4047600000000005,1.4041900000000005,1.4043600000000005,2521
2026-08-03T08:45:00+00:00,1.4043600000000005,1.4047000000000005,1.4043400000000004,1.4045500000000004,1995
2026-08-03T09:00:00+00:00,1.4045500000000004,1.4046900000000004,1.4044100000000004,1.4044500000000004,1777
2026-08-03T09:15:00+00:00,1.4044500000000004,1.4047300000000005,1.4043200000000005,1.4044800000000004,1670
2026-08-03T09:30:00+00:00,1.4044800000000004,1.4046600000000005,1.4041200000000005,1.4041900000000005,1747
2026-08-03T09:45:00+00:00,1.4041900000000005,1.4046300000000005,1.4040400000000004,1.4046200000000004,2147
2026-08-03T10:00:00+00:00,1.4046200000000004,1.4047200000000004,1.4043100000000004,1.4043500000000004,1687
2026-08-03T10:15:00+00:00,1.4043500000000004,1.4046900000000004,1.4043200000000005,1.4044400000000004,1646
2026-08-03T10:30:00+00:00,1.4044400000000004,1.4048200000000004,1.4044100000000004,1.4047700000000003,1222
2026-08-03T10:45:00+00:00,1.4047700000000003,1.4049400000000003,1.4045600000000005,1.4048000000000005,1598
2026-08-03T11:00:00+00:00,1.4048000000000005,1.4048300000000005,1.4043200000000005,1.4044400000000004,1469
2026-08-03T11:15:00+00:00,1.4044400000000004,1.4048700000000005,1.4044300000000003,1.4046800000000004,1713
2026-08-03T11:30:00+00:00,1.4046800000000004,1.4047400000000003,1.4037400000000004,1.4037500000000005,2302
2026-08-03T11:45:00+00:00,1.4037500000000005,1.4039700000000004,1.4032700000000005,1.4033100000000005,2407
2026-08-03T12:00:00+00:00,1.4033100000000005,1.4035400000000005,1.4031100000000003,1.4034500000000003,3753
2026-08-03T12:15:00+00:00,1.4034500000000003,1.4038700000000004,1.4032700000000005,1.4037900000000003,2757
2026-08-03T12:30:00+00:00,1.4037900000000003,1.4044300000000003,1.4035000000000004,1.4044000000000003,2187
2026-08-03T12:45:00+00:00,1.4044000000000003,1.4045500000000004,1.4041500000000005,1.4043000000000003,2803
2026-08-03T13:00:00+00:00,1.4043000000000003,1.4044000000000003,1.4037800000000005,1.4041800000000004,2612
2026-08-03T13:15:00+00:00,1.4041800000000004,1.4047900000000004,1.4040100000000004,1.4040700000000004,3205
2026-08-03T13:30:00+00:00,1.4040700000000004,1.4050800000000003,1.4039900000000003,1.4048700000000005,3538
2026-08-03T13:45:00+00:00,1.4048700000000005,1.4053500000000003,1.4045800000000004,1.4045900000000004,2943
2026-08-03T14:00:00+00:00,1.4045900000000004,1.4049300000000005,1.4040700000000004,1.4046300000000005,3784
2026-08-03T14:15:00+00:00,1.4046300000000005,1.4046500000000004,1.4039800000000004,1.4042600000000005,3643
2026-08-03T14:30:00+00:00,1.4042600000000005,1.4044500000000004,1.4038500000000005,1.4041200000000005,3110
2026-08-03T14:45:00+00:00,1.4041200000000005,1.4044100000000004,1.4038100000000004,1.4040000000000004,3420
2026-08-03T15:00:00+00:00,1.4040000000000004,1.4049700000000005,1.4039500000000005,1.4049200000000004,3956
2026-08-03T15:15:00+00:00,1.4049200000000004,1.4049600000000004,1.4045300000000005,1.4048800000000004,2522
2026-08-03T15:30:00+00:00,1.4048800000000004,1.4051800000000003,1.4046900000000004,1.4048700000000005,2658
2026-08-03T15:45:00+00:00,1.4048700000000005,1.4048700000000005,1.4042600000000005,1.4044500000000004,2376
2026-08-03T16:00:00+00:00,1.4044500000000004,1.4046400000000003,1.4041500000000005,1.4042500000000004,1928
2026-08-03T16:15:00+00:00,1.4042500000000004,1.4047800000000004,1.4042300000000003,1.4047800000000004,2031
2026-08-03T16:30:00+00:00,1.4047800000000004,1.4049300000000005,1.4044600000000005,1.4045800000000004,1550
2026-08-03T16:45:00+00:00,1.4045800000000004,1.4049400000000003,1.4045400000000003,1.4047200000000004,1346
2026-08-03T17:00:00+00:00,1.4047200000000004,1.4051400000000005,1.4046800000000004,1.4050800000000003,1396
2026-08-03T17:15:00+00:00,1.4050800000000003,1.4053600000000004,1.4050500000000004,1.4052800000000003,1693
2026-08-03T17:30:00+00:00,1.4052800000000003,1.4053600000000004,1.4050200000000004,1.4052200000000004,1632
2026-08-03T17:45:00+00:00,1.4052200000000004,1.4055500000000003,1.4050400000000005,1.4055200000000003,1210
2026-08-03T18:00:00+00:00,1.4055200000000003,1.4057600000000003,1.4051900000000004,1.4053700000000005,1794
2026-08-03T18:15:00+00:00,1.4053700000000005,1.4053800000000003,1.4048900000000004,1.4049800000000003,1908
2026-08-03T18:30:00+00:00,1.4049800000000003,1.4050900000000004,1.4047800000000004,1.4048100000000003,2040
2026-08-03T18:45:00+00:00,1.4048100000000003,1.4049200000000004,1.4046800000000004,1.4048800000000004,2031
2026-08-03T19:00:00+00:00,1.4048800000000004,1.4049200000000004,1.4046000000000003,1.4047600000000005,1649
2026-08-03T19:15:00+00:00,1.4047600000000005,1.4048400000000003,1.4046300000000005,1.4047500000000004,1125
2026-08-03T19:30:00+00:00,1.4047500000000004,1.4048300000000005,1.4046400000000003,1.4047200000000004,913
2026-08-03T19:45:00+00:00,1.4047200000000004,1.4050000000000005,1.4046900000000004,1.4048900000000004,1073
2026-08-03T20:00:00+00:00,1.4048900000000004,1.4050600000000004,1.4048000000000005,1.4050500000000004,838
2026-08-03T20:15:00+00:00,1.4050500000000004,1.4052100000000003,1.4049300000000005,1.4051400000000005,483
2026-08-03T20:30:00+00:00,1.4051400000000005,1.4051600000000004,1.4049100000000003,1.4049300000000005,456
2026-08-03T20:45:00+00:00,1.4049300000000005,1.4050700000000005,1.4049300000000005,1.4049300000000005,448
2026-08-03T21:00:00+00:00,1.4049300000000005,1.4049300000000005,1.4043500000000004,1.4044300000000003,61.04316706224729
2026-08-03T21:15:00+00:00,1.4044300000000003,1.4046100000000004,1.4044300000000003,1.4045500000000004,172.01903855306998
2026-08-03T21:30:00+00:00,1.4045500000000004,1.4047400000000003,1.4044300000000003,1.4045200000000004,364
2026-08-03T21:45:00+00:00,1.4045200000000004,1.4046800000000004,1.4044900000000005,1.4046500000000004,447
2026-08-03T22:00:00+00:00,1.4046500000000004,1.4051700000000005,1.4046500000000004,1.4051700000000005,471
2026-08-03T22:15:00+00:00,1.4051700000000005,1.4052000000000004,1.4049300000000005,1.4050500000000004,322
2026-08-03T22:30:00+00:00,1.4050500000000004,1.4050700000000005,1.4049100000000003,1.4049300000000005,212
2026-08-03T22:45:00+00:00,1.4049300000000005,1.4049700000000005,1.4048500000000004,1.4049400000000003,232
2026-08-03T23:00:00+00:00,1.4049400000000003,1.4049800000000003,1.4047200000000004,1.4047400000000003,360
2026-08-03T23:15:00+00:00,1.4047400000000003,1.4049400000000003,1.4047200000000004,1.4048600000000004,265
2026-08-03T23:30:00+00:00,1.4048600000000004,1.4051700000000005,1.4048600000000004,1.4051200000000004,372
2026-08-03T23:45:00+00:00,1.4051200000000004,1.4052100000000003,1.4049500000000004,1.4050700000000005,1091
2026-08-04T00:00:00+00:00,1.4050700000000005,1.4050700000000005,1.4045900000000004,1.4049100000000003,3935
2026-08-04T00:15:00+00:00,1.4049100000000003,1.4049100000000003,1.4044900000000005,1.4045700000000003,3123
2026-08-04T00:30:00+00:00,1.4045700000000003,1.4046300000000005,1.4042500000000004,1.4044100000000004,3134
2026-08-04T00:45:00+00:00,1.4044100000000004,1.4048200000000004,1.4043900000000005,1.4047500000000004,2797
2026-08-04T01:00:00+00:00,1.4047500000000004,1.4052100000000003,1.4047500000000004,1.4050300000000004,3297
2026-08-04T01:15:00+00:00,1.4050300000000004,1.4051600000000004,1.4048100000000003,1.4049700000000005,3931
2026-08-04T01:30:00+00:00,1.4049700000000005,1.4049700000000005,1.4046200000000004,1.4046700000000003,3648
2026-08-04T01:45:00+00:00,1.4046700000000003,1.4049000000000005,1.4046600000000005,1.4048800000000004,2675
2026-08-04T02:00:00+00:00,1.4048800000000004,1.4051700000000005,1.4046800000000004,1.4047700000000003,3402
2026-08-04T02:15:00+00:00,1.4047700000000003,1.4052100000000003,1.4047500000000004,1.4050900000000004,2481
2026-08-04T02:30:00+00:00,1.4050900000000004,1.4051400000000005,1.4048300000000005,1.4048500000000004,2624
2026-08-04T02:45:00+00:00,1.4048500000000004,1.4051500000000003,1.4047900000000004,1.4051200000000004,2028
2026-08-04T03:00:00+00:00,1.4051200000000004,1.4051300000000004,1.4048600000000004,1.4049800000000003,3465
2026-08-04T03:15:00+00:00,1.4049800000000003,1.4049800000000003,1.4045400000000003,1.4045900000000004,2801
2026-08-04T03:30:00+00:00,1.4045900000000004,1.4049000000000005,1.4043700000000003,1.4047800000000004,2341
2026-08-04T03:45:00+00:00,1.4047800000000004,1.4048300000000005,1.4046600000000005,1.4047600000000005,2498
2026-08-04T04:00:00+00:00,1.4047600000000005,1.4048800000000004,1.4046800000000004,1.4047800000000004,3321
2026-08-04T04:15:00+00:00,1.4047800000000004,1.4049900000000004,1.4047600000000005,1.4049800000000003,4389
2026-08-04T04:30:00+00:00,1.4049800000000003,1.4049900000000004,1.4047400000000003,1.4048800000000004,2777
2026-08-04T04:45:00+00:00,1.4048800000000004,1.4049600000000004,1.4047400000000003,1.4048400000000003,2520
2026-08-04T05:00:00+00:00,1.4048400000000003,1.4050800000000003,1.4047900000000004,1.4050600000000004,3963
2026-08-04T05:15:00+00:00,1.4050600000000004,1.4051900000000004,1.4050200000000004,1.4050700000000005,1413
2026-08-04T05:30:00+00:00,1.4050700000000005,1.4056900000000003,1.4049500000000004,1.4055900000000003,1888
2026-08-04T05:45:00+00:00,1.4055900000000003,1.4057100000000005,1.4053800000000003,1.4054900000000004,1546
2026-08-04T06:00:00+00:00,1.4054900000000004,1.4069200000000004,1.4054500000000003,1.4066300000000005,2774
2026-08-04T06:15:00+00:00,1.4066300000000005,1.4066600000000005,1.4061400000000004,1.4064600000000005,3585
2026-08-04T06:30:00+00:00,1.4064600000000005,1.4065100000000004,1.4060400000000004,1.4064600000000005,2787
2026-08-04T06:45:00+00:00,1.4064600000000005,1.4067000000000005,1.4062400000000004,1.4065900000000005,2867
2026-08-04T07:00:00+00:00,1.4065900000000005,1.4068400000000003,1.4060000000000004,1.4060600000000003,2686
2026-08-04T07:15:00+00:00,1.4060600000000003,1.4060700000000004,1.4054400000000005,1.4057100000000005,3006
2026-08-04T07:30:00+00:00,1.4057100000000005,1.4059000000000004,1.4054900000000004,1.4057800000000005,2264
2026-08-04T07:45:00+00:00,1.4057800000000005,1.4058500000000005,1.4053100000000005,1.4054700000000004,2646
2026-08-04T08:00:00+00:00,1.4054700000000004,1.4055000000000004,1.4048600000000004,1.4049900000000004,2903
2026-08-04T08:15:00+00:00,1.4049900000000004,1.4051400000000005,1.4046600000000005,1.4047300000000005,2065
2026-08-04T08:30:00+00:00,1.4047300000000005,1.4048600000000004,1.4043700000000003,1.4044300000000003,2392
2026-08-04T08:45:00+00:00,1.4044300000000003,1.4046300000000005,1.4042900000000005,1.4043000000000003,2325
2026-08-04T09:00:00+00:00,1.4043000000000003,1.4044900000000005,1.4041600000000003,1.4042200000000005,2851
2026-08-04T09:15:00+00:00,1.4042200000000005,1.4043400000000004,1.4038900000000003,1.4039300000000003,2269
2026-08-04T09:30:00+00:00,1.4039300000000003,1.4043500000000004,1.4039300000000003,1.4043000000000003,2332
2026-08-04T09:45:00+00:00,1.4043000000000003,1.4044300000000003,1.4041200000000005,1.4041500000000005,2082
2026-08-04T10:00:00+00:00,1.4041500000000005,1.4043300000000003,1.4040300000000003,1.4041500000000005,2460
2026-08-04T10:15:00+00:00,1.4041500000000005,1.4044000000000003,1.4041200000000005,1.4041600000000003,1366
2026-08-04T10:30:00+00:00,1.4041600000000003,1.4045200000000004,1.4039900000000003,1.4041400000000004,1809
2026-08-04T10:45:00+00:00,1.4041400000000004,1.4046000000000003,1.4039500000000005,1.4045800000000004,2794
2026-08-04T11:00:00+00:00,1.4045800000000004,1.4051100000000003,1.4045700000000003,1.4050700000000005,1856
2026-08-04T11:15:00+00:00,1.4050700000000005,1.4052600000000004,1.4048800000000004,1.4050900000000004,2708
2026-08-04T11:30:00+00:00,1.4050900000000004,1.4053400000000005,1.4046700000000003,1.4052000000000004,4205
2026-08-04T11:45:00+00:00,1.4052000000000004,1.4062700000000004,1.4051400000000005,1.4061300000000003,4620
2026-08-04T12:00:00+00:00,1.4061300000000003,1.4068500000000004,1.4059600000000003,1.4066100000000004,2909
2026-08-04T12:15:00+00:00,1.4066100000000004,1.4068000000000005,1.4062200000000005,1.4064400000000004,2407
2026-08-04T12:30:00+00:00,1.4064400000000004,1.4064600000000005,1.4056800000000005,1.4059800000000005,2645
2026-08-04T12:45:00+00:00,1.4059800000000005,1.4067400000000003,1.4059700000000004,1.4067200000000004,2240
2026-08-04T13:00:00+00:00,1.4067200000000004,1.4072500000000003,1.4066800000000004,1.4072400000000005,2964
2026-08-04T13:15:00+00:00,1.4072400000000005,1.4076200000000003,1.4069100000000003,1.4074600000000004,4040
2026-08-04T13:30:00+00:00,1.4074600000000004,1.4077400000000004,1.4065500000000004,1.4068400000000003,4713
2026-08-04T13:45:00+00:00,1.4068400000000003,1.4071000000000005,1.4066600000000005,1.4068200000000004,3818
2026-08-04T14:00:00+00:00,1.4068200000000004,1.4069300000000005,1.4058500000000005,1.4060300000000003,3164
2026-08-04T14:15:00+00:00,1.4060300000000003,1.4064200000000004,1.4058300000000004,1.4061700000000004,2795
2026-08-04T14:30:00+00:00,1.4061700000000004,1.4067600000000005,1.4057400000000004,1.4067600000000005,2867
2026-08-04T14:45:00+00:00,1.4067600000000005,1.4069700000000005,1.4055800000000005,1.4061500000000005,4370
2026-08-04T15:00:00+00:00,1.4061500000000005,1.4070800000000003,1.4060300000000003,1.4070800000000003,3253
2026-08-04T15:15:00+00:00,1.4070800000000003,1.4077000000000004,1.4069000000000005,1.4069300000000005,2858
2026-08-04T15:30:00+00:00,1.4069300000000005,1.4079300000000003,1.4069000000000005,1.4078000000000004,3603
2026-08-04T15:45:00+00:00,1.4078000000000004,1.4080500000000005,1.4075100000000005,1.4076300000000004,2501
2026-08-04T16:00:00+00:00,1.4076300000000004,1.4080400000000004,1.4073100000000005,1.4076100000000005,2065
2026-08-04T16:15:00+00:00,1.4076100000000005,1.4081600000000003,1.4076100000000005,1.4081500000000005,2250
2026-08-04T16:30:00+00:00,1.4081500000000005,1.4084100000000004,1.4080800000000004,1.4082400000000004,1584
2026-08-04T16:45:00+00:00,1.4082400000000004,1.4082600000000003,1.4078800000000005,1.4080300000000003,1628
2026-08-04T17:00:00+00:00,1.4080300000000003,1.4080700000000004,1.4075300000000004,1.4077600000000003,2381
2026-08-04T17:15:00+00:00,1.4077600000000003,1.4080600000000003,1.4077100000000005,1.4079100000000004,1450
2026-08-04T17:30:00+00:00,1.4079100000000004,1.4079600000000003,1.4075400000000005,1.4076200000000003,1217
2026-08-04T17:45:00+00:00,1.4076200000000003,1.4077200000000003,1.4074400000000005,1.4076900000000003,1171
2026-08-04T18:00:00+00:00,1.4076900000000003,1.4079700000000004,1.4075400000000005,1.4078400000000004,2000
2026-08-04T18:15:00+00:00,1.4078400000000004,1.4081300000000003,1.4078000000000004,1.4080700000000004,1963
2026-08-04T18:30:00+00:00,1.4080700000000004,1.4082600000000003,1.4075000000000004,1.4075100000000005,2679
2026-08-04T18:45:00+00:00,1.4075100000000005,1.4075800000000005,1.4068400000000003,1.4069700000000005,2723
2026-08-04T19:00:00+00:00,1.4069700000000005,1.4070000000000005,1.4066300000000005,1.4069900000000004,1612
2026-08-04T19:15:00+00:00,1.4069900000000004,1.4071500000000003,1.4067500000000004,1.4068200000000004,1302
2026-08-04T19:30:00+00:00,1.4068200000000004,1.4070600000000004,1.4066900000000004,1.4069800000000003,2393
2026-08-04T19:45:00+00:00,1.4069800000000003,1.4071200000000004,1.4067300000000005,1.4071100000000003,2061
2026-08-04T20:00:00+00:00,1.4071100000000003,1.4072200000000004,1.4069000000000005,1.4069200000000004,1227
2026-08-04T20:15:00+00:00,1.4069200000000004,1.4069400000000003,1.4065700000000003,1.4067200000000004,568
2026-08-04T20:30:00+00:00,1.4067200000000004,1.4070900000000004,1.4066900000000004,1.4070800000000003,543
2026-08-04T20:45:00+00:00,1.4070800000000003,1.4070800000000003,1.4064200000000004,1.4066000000000003,965
2026-08-04T21:00:00+00:00,1.4066000000000003,1.4066000000000003,1.4060100000000004,1.4064300000000005,80.16335738720393
2026-08-04T21:15:00+00:00,1.4064300000000005,1.4066700000000005,1.4064100000000006,1.4066700000000005,212
2026-08-04T21:30:00+00:00,1.4066700000000005,1.4069500000000006,1.4060800000000004,1.4066700000000005,269
2026-08-04T21:45:00+00:00,1.4066700000000005,1.4069000000000005,1.4066600000000005,1.4067600000000005,302
2026-08-04T22:00:00+00:00,1.4067600000000005,1.4068400000000005,1.4065300000000005,1.4068000000000005,407
2026-08-04T22:15:00+00:00,1.4068000000000005,1.4068300000000005,1.4067100000000006,1.4067800000000006,176
2026-08-04T22:30:00+00:00,1.4067800000000006,1.4068100000000006,1.4066300000000005,1.4067100000000006,183
2026-08-04T22:45:00+00:00,1.4067100000000006,1.4068600000000004,1.4066300000000005,1.4066400000000006,388
2026-08-04T23:00:00+00:00,1.4066400000000006,1.4068700000000005,1.4066100000000006,1.4068000000000005,676
2026-08-04T23:15:00+00:00,1.4068000000000005,1.4072000000000005,1.4067900000000007,1.4071700000000005,493
2026-08-04T23:30:00+00:00,1.4071700000000005,1.4071700000000005,1.4069100000000005,1.4070500000000006,393
2026-08-04T23:45:00+00:00,1.4070500000000006,1.4070500000000006,1.4068300000000005,1.4068800000000006,914
2026-08-05T00:00:00+00:00,1.4068800000000006,1.4071700000000005,1.4066900000000004,1.4069700000000005,1648
2026-08-05T00:15:00+00:00,1.4069700000000005,1.4069800000000006,1.4066600000000005,1.4067500000000006,1455
2026-08-05T00:30:00+00:00,1.4067500000000006,1.4069200000000006,1.4066800000000006,1.4069000000000005,1060
2026-08-05T00:45:00+00:00,1.4069000000000005,1.4071800000000005,1.4068000000000005,1.4070700000000005,1777
2026-08-05T01:00:00+00:00,1.4070700000000005,1.4072700000000005,1.4069600000000004,1.4070800000000006,1670
2026-08-05T01:15:00+00:00,1.4070800000000006,1.4073600000000006,1.4069000000000005,1.4072000000000005,2057
2026-08-05T01:30:00+00:00,1.4072000000000005,1.4074400000000005,1.4071500000000006,1.4073900000000006,1991
2026-08-05T01:45:00+00:00,1.4073900000000006,1.4076300000000006,1.4072400000000005,1.4076300000000006,1536
2026-08-05T02:00:00+00:00,1.4076300000000006,1.4077300000000006,1.4074000000000007,1.4077000000000006,2350
2026-08-05T02:15:00+00:00,1.4077000000000006,1.4077300000000006,1.4075400000000005,1.4076600000000006,1726
2026-08-05T02:30:00+00:00,1.4076600000000006,1.4078900000000005,1.4072900000000006,1.4073000000000004,2539
2026-08-05T02:45:00+00:00,1.4073000000000004,1.4075800000000005,1.4072700000000005,1.4075700000000004,1521
2026-08-05T03:00:00+00:00,1.4075700000000004,1.4075800000000005,1.4067300000000005,1.4068300000000005,1962
2026-08-05T03:15:00+00:00,1.4068300000000005,1.4071500000000006,1.4067600000000005,1.4071400000000005,1668
2026-08-05T03:30:00+00:00,1.4071400000000005,1.4073900000000006,1.4070600000000006,1.4073700000000005,1448
2026-08-05T03:45:00+00:00,1.4073700000000005,1.4074200000000006,1.4071600000000006,1.4074000000000007,1419
2026-08-05T04:00:00+00:00,1.4074000000000007,1.4074100000000005,1.4071100000000005,1.4071700000000005,1171
2026-08-05T04:15:00+00:00,1.4071700000000005,1.4072200000000006,1.4069800000000006,1.4071400000000005,1264
2026-08-05T04:30:00+00:00,1.4071400000000005,1.4074400000000005,1.4071000000000005,1.4074400000000005,1237
2026-08-05T04:45:00+00:00,1.4074400000000005,1.4076300000000006,1.4072500000000006,1.4076100000000005,1126
2026-08-05T05:00:00+00:00,1.4076100000000005,1.4078600000000006,1.4075900000000006,1.4076500000000005,1344
2026-08-05T05:15:00+00:00,1.4076500000000005,1.4076800000000005,1.4074100000000005,1.4075800000000005,1038
2026-08-05T05:30:00+00:00,1.4075800000000005,1.4077500000000005,1.4074700000000004,1.4075900000000006,1202
2026-08-05T05:45:00+00:00,1.4075900000000006,1.4079000000000006,1.4074600000000006,1.4075700000000004,1531
2026-08-05T06:00:00+00:00,1.4075700000000004,1.4079200000000005,1.4075100000000005,1.4078300000000006,1479
2026-08-05T06:15:00+00:00,1.4078300000000006,1.4083200000000005,1.4078300000000006,1.4080900000000005,2513
2026-08-05T06:30:00+00:00,1.4080900000000005,1.4082500000000004,1.4076200000000005,1.4076500000000005,3405
2026-08-05T06:45:00+00:00,1.4076500000000005,1.4077800000000005,1.4074200000000006,1.4076600000000006,1356
2026-08-05T07:00:00+00:00,1.4076600000000006,1.4077000000000006,1.4071600000000006,1.4075600000000006,2601
2026-08-05T07:15:00+00:00,1.4075600000000006,1.4076900000000006,1.4072100000000005,1.4076400000000004,2213
2026-08-05T07:30:00+00:00,1.4076400000000004,1.4077900000000005,1.4072700000000005,1.4074200000000006,2730
2026-08-05T07:45:00+00:00,1.4074200000000006,1.4075100000000005,1.4069800000000006,1.4070200000000006,1834
2026-08-05T08:00:00+00:00,1.4070200000000006,1.4073900000000006,1.4068500000000006,1.4071100000000005,2071
2026-08-05T08:15:00+00:00,1.4071100000000005,1.4072000000000005,1.4069000000000005,1.4070500000000006,1702
2026-08-05T08:30:00+00:00,1.4070500000000006,1.4076600000000006,1.4069800000000006,1.4074900000000006,1790
2026-08-05T08:45:00+00:00,1.4074900000000006,1.4078900000000005,1.4071100000000005,1.4072300000000006,5220
2026-08-05T09:00:00+00:00,1.4072300000000006,1.4073200000000006,1.4068500000000006,1.4069700000000005,2405
2026-08-05T09:15:00+00:00,1.4069700000000005,1.4069800000000006,1.4067100000000006,1.4068700000000005,3611
2026-08-05T09:30:00+00:00,1.4068700000000005,1.4070700000000005,1.4068300000000005,1.4068500000000006,1501
2026-08-05T09:45:00+00:00,1.4068500000000006,1.4069200000000006,1.4066100000000006,1.4067300000000005,1137
2026-08-05T10:00:00+00:00,1.4067300000000005,1.4069200000000006,1.4066900000000004,1.4068100000000006,1402
2026-08-05T10:15:00+00:00,1.4068100000000006,1.4069700000000005,1.4065500000000006,1.4069300000000005,2987
2026-08-05T10:30:00+00:00,1.4069300000000005,1.4070300000000004,1.4067600000000005,1.4070300000000004,3537
2026-08-05T10:45:00+00:00,1.4070300000000004,1.4072200000000006,1.4067900000000007,1.4068700000000005,1575
2026-08-05T11:00:00+00:00,1.4068700000000005,1.4068700000000005,1.4062100000000006,1.4062400000000006,2958
2026-08-05T11:15:00+00:00,1.4062400000000006,1.4064200000000004,1.4057600000000006,1.4059900000000005,3015
2026-08-05T11:30:00+00:00,1.4059900000000005,1.4059900000000005,1.4055700000000007,1.4057200000000005,3753
2026-08-05T11:45:00+00:00,1.4057200000000005,1.4059500000000005,1.4054700000000004,1.4055400000000005,2402
2026-08-05T12:00:00+00:00,1.4055400000000005,1.4055400000000005,1.4049400000000005,1.4053400000000005,2817
2026-08-05T12:15:00+00:00,1.4053400000000005,1.4054000000000006,1.4045300000000005,1.4049500000000006,2420
2026-08-05T12:30:00+00:00,1.4049500000000006,1.4052500000000006,1.4043900000000005,1.4052200000000006,3329
2026-08-05T12:45:00+00:00,1.4052200000000006,1.4055700000000007,1.4051300000000004,1.4054500000000005,2178
2026-08-05T13:00:00+00:00,1.4054500000000005,1.4059200000000005,1.4053100000000005,1.4058100000000004,2620
2026-08-05T13:15:00+00:00,1.4058100000000004,1.4058200000000005,1.4050200000000006,1.4050300000000004,2449
2026-08-05T13:30:00+00:00,1.4050300000000004,1.4054200000000006,1.4048000000000005,1.4053400000000005,4744
2026-08-05T13:45:00+00:00,1.4053400000000005,1.4054000000000006,1.4045200000000004,1.4047600000000005,3022
2026-08-05T14:00:00+00:00,1.4047600000000005,1.4048700000000005,1.4033100000000005,1.4038900000000005,3619
2026-08-05T14:15:00+00:00,1.4038900000000005,1.4039600000000005,1.4029500000000006,1.4033100000000005,3699
2026-08-05T14:30:00+00:00,1.4033100000000005,1.4038600000000006,1.4028400000000005,1.4030100000000005,3347
2026-08-05T14:45:00+00:00,1.4030100000000005,1.4030500000000006,1.4020900000000005,1.4022300000000005,4841
2026-08-05T15:00:00+00:00,1.4022300000000005,1.4024200000000004,1.4017600000000006,1.4020600000000005,5398
2026-08-05T15:15:00+00:00,1.4020600000000005,1.4024300000000005,1.4017900000000005,1.4021300000000005,3559
2026-08-05T15:30:00+00:00,1.4021300000000005,1.4025000000000005,1.4020100000000006,1.4021700000000006,4165
2026-08-05T15:45:00+00:00,1.4021700000000006,1.4025400000000006,1.4021400000000006,1.4022800000000006,2163
2026-08-05T16:00:00+00:00,1.4022800000000006,1.4023000000000005,1.4020400000000006,1.4021500000000005,2003
2026-08-05T16:15:00+00:00,1.4021500000000005,1.4022900000000005,1.4017800000000005,1.4022300000000005,1755
2026-08-05T16:30:00+00:00,1.4022300000000005,1.4029600000000007,1.4022300000000005,1.4028900000000006,1770
2026-08-05T16:45:00+00:00,1.4028900000000006,1.4031000000000005,1.4028800000000006,1.4029500000000006,1183
2026-08-05T17:00:00+00:00,1.4029500000000006,1.4031700000000005,1.4028400000000005,1.4028900000000006,1166
2026-08-05T17:15:00+00:00,1.4028900000000006,1.4030000000000005,1.4025700000000005,1.4026400000000006,1287
2026-08-05T17:30:00+00:00,1.4026400000000006,1.4027500000000006,1.4017900000000005,1.4018200000000005,1525
2026-08-05T17:45:00+00:00,1.4018200000000005,1.4018400000000006,1.4012800000000005,1.4014000000000006,1684
2026-08-05T18:00:00+00:00,1.4014000000000006,1.4014800000000005,1.4009900000000006,1.4012200000000006,1357
2026-08-05T18:15:00+00:00,1.4012200000000006,1.4013100000000005,1.4008000000000005,1.4008100000000006,1255
2026-08-05T18:30:00+00:00,1.4008100000000006,1.4014400000000005,1.4008100000000006,1.4014000000000006,1023
2026-08-05T18:45:00+00:00,1.4014000000000006,1.4014100000000005,1.4008800000000006,1.4011100000000005,1533
2026-08-05T19:00:00+00:00,1.4011100000000005,1.4013900000000006,1.4010200000000006,1.4013800000000005,1174
2026-08-05T19:15:00+00:00,1.4013800000000005,1.4015600000000006,1.4013700000000004,1.4014900000000006,1125
2026-08-05T19:30:00+00:00,1.4014900000000006,1.4017800000000005,1.4014400000000005,1.4017000000000006,1358
2026-08-05T19:45:00+00:00,1.4017000000000006,1.4018000000000006,1.4013900000000006,1.4015400000000005,1519
2026-08-05T20:00:00+00:00,1.4015400000000005,1.4016900000000005,1.4013100000000005,1.4015800000000005,732
2026-08-05T20:15:00+00:00,1.4015800000000005,1.4016600000000006,1.4011800000000005,1.4012700000000005,643
2026-08-05T20:30:00+00:00,1.4012700000000005,1.4015100000000005,1.4011800000000005,1.4015100000000005,484
2026-08-05T20:45:00+00:00,1.4015100000000005,1.4015800000000005,1.4010900000000006,1.4010900000000006,734
2026-08-05T21:00:00+00:00,1.4010900000000006,1.4012100000000005,1.4009100000000005,1.4011500000000006,45.53594894549477
2026-08-05T21:15:00+00:00,1.4011500000000006,1.4013100000000005,1.4009400000000005,1.4010700000000003,293.13555371249805
2026-08-05T21:30:00+00:00,1.4010700000000003,1.40135,1.4009600000000002,1.4010600000000002,387
2026-08-05T21:45:00+00:00,1.4010600000000002,1.40125,1.4009700000000003,1.4010700000000003,640
2026-08-05T22:00:00+00:00,1.4010700000000003,1.4015600000000001,1.4010700000000003,1.4014100000000003,649
2026-08-05T22:15:00+00:00,1.4014100000000003,1.40145,1.4012300000000002,1.4012400000000003,401
2026-08-05T22:30:00+00:00,1.4012400000000003,1.4013900000000001,1.4012400000000003,1.4012700000000002,201
2026-08-05T22:45:00+00:00,1.4012700000000002,1.4014000000000002,1.4012400000000003,1.4013300000000002,319
2026-08-05T23:00:00+00:00,1.4013300000000002,1.4015600000000001,1.4013100000000003,1.4013900000000001,478
2026-08-05T23:15:00+00:00,1.4013900000000001,1.4014300000000002,1.40135,1.4014000000000002,294
2026-08-05T23:30:00+00:00,1.4014000000000002,1.4014900000000001,1.4012200000000001,1.4012200000000001,318
2026-08-05T23:45:00+00:00,1.4012200000000001,1.4014100000000003,1.4011600000000002,1.4013200000000001,444
2026-08-06T00:00:00+00:00,1.4013200000000001,1.4013600000000002,1.4010500000000001,1.4013000000000002,1386
2026-08-06T00:15:00+00:00,1.4013000000000002,1.4013200000000001,1.4010700000000003,1.4012700000000002,1239
2026-08-06T00:30:00+00:00,1.4012700000000002,1.4012700000000002,1.4010200000000002,1.4011700000000002,1094
2026-08-06T00:45:00+00:00,1.4011700000000002,1.40118,1.4008900000000002,1.40108,1475
2026-08-06T01:00:00+00:00,1.40108,1.4012000000000002,1.4007900000000002,1.4009900000000002,1992
2026-08-06T01:15:00+00:00,1.4009900000000002,1.4010400000000003,1.4005500000000002,1.4007900000000002,1283
2026-08-06T01:30:00+00:00,1.4007900000000002,1.4008200000000002,1.4005300000000003,1.4006500000000002,1198
2026-08-06T01:45:00+00:00,1.4006500000000002,1.4009700000000003,1.4006500000000002,1.4009000000000003,1860
2026-08-06T02:00:00+00:00,1.4009000000000003,1.4010700000000003,1.4006900000000002,1.4010400000000003,1405
2026-08-06T02:15:00+00:00,1.4010400000000003,1.4012000000000002,1.4009400000000003,1.40108,1286
2026-08-06T02:30:00+00:00,1.40108,1.4011500000000001,1.4009700000000003,1.4009800000000001,1069
2026-08-06T02:45:00+00:00,1.4009800000000001,1.40118,1.4009600000000002,1.4011600000000002,1201
2026-08-06T03:00:00+00:00,1.4011600000000002,1.4012400000000003,1.4011000000000002,1.4012000000000002,1264
2026-08-06T03:15:00+00:00,1.4012000000000002,1.4015100000000003,1.4011900000000002,1.4014000000000002,1295
2026-08-06T03:30:00+00:00,1.4014000000000002,1.40169,1.4013300000000002,1.4016600000000001,982
2026-08-06T03:45:00+00:00,1.4016600000000001,1.4017800000000002,1.4015700000000002,1.4016400000000002,994
2026-08-06T04:00:00+00:00,1.4016400000000002,1.4016800000000003,1.4015500000000003,1.4015900000000001,942
2026-08-06T04:15:00+00:00,1.4015900000000001,1.4018200000000003,1.4015800000000003,1.4017600000000001,782
2026-08-06T04:30:00+00:00,1.4017600000000001,1.4018400000000002,1.4016700000000002,1.4017800000000002,960
2026-08-06T04:45:00+00:00,1.4017800000000002,1.4018300000000001,1.4016800000000003,1.40169,973
2026-08-06T05:00:00+00:00,1.40169,1.4020100000000002,1.40169,1.40196,1308
2026-08-06T05:15:00+00:00,1.40196,1.4020800000000002,1.4018700000000002,1.40196,762
2026-08-06T05:30:00+00:00,1.40196,1.4020100000000002,1.4015800000000003,1.4016000000000002,1221
2026-08-06T05:45:00+00:00,1.4016000000000002,1.4016300000000002,1.4014100000000003,1.4015500000000003,1346
2026-08-06T06:00:00+00:00,1.4015500000000003,1.4015600000000001,1.4012200000000001,1.40128,1416
2026-08-06T06:15:00+00:00,1.40128,1.4019400000000002,1.4012700000000002,1.40186,2654
2026-08-06T06:30:00+00:00,1.40186,1.4019500000000003,1.40169,1.4017200000000003,2046
2026-08-06T06:45:00+00:00,1.4017200000000003,1.4019200000000003,1.4015400000000002,1.4016400000000002,1676
2026-08-06T07:00:00+00:00,1.4016400000000002,1.4018200000000003,1.4015300000000002,1.4016000000000002,1463
2026-08-06T07:15:00+00:00,1.4016000000000002,1.4018100000000002,1.40142,1.4016800000000003,1169
2026-08-06T07:30:00+00:00,1.4016800000000003,1.4019000000000001,1.4016300000000002,1.40169,1239
2026-08-06T07:45:00+00:00,1.40169,1.40189,1.4015900000000001,1.40162,1367
2026-08-06T08:00:00+00:00,1.40162,1.4018300000000001,1.4010600000000002,1.4011600000000002,1775
2026-08-06T08:15:00+00:00,1.4011600000000002,1.4014900000000001,1.4009600000000002,1.4014800000000003,1382
2026-08-06T08:30:00+00:00,1.4014800000000003,1.4015800000000003,1.4013200000000001,1.4015700000000002,1482
2026-08-06T08:45:00+00:00,1.4015700000000002,1.4017400000000002,1.4013100000000003,1.4013200000000001,1209
2026-08-06T09:00:00+00:00,1.4013200000000001,1.4013900000000001,1.40101,1.4010700000000003,1030
2026-08-06T09:15:00+00:00,1.4010700000000003,1.4013100000000003,1.4010600000000002,1.40128,922
2026-08-06T09:30:00+00:00,1.40128,1.4015000000000002,1.4012200000000001,1.4014100000000003,929
2026-08-06T09:45:00+00:00,1.4014100000000003,1.4014800000000003,1.4010500000000001,1.40145,914
2026-08-06T10:00:00+00:00,1.40145,1.4014700000000002,1.4012100000000003,1.4013900000000001,1001
2026-08-06T10:15:00+00:00,1.4013900000000001,1.4014100000000003,1.4006100000000001,1.4006100000000001,761
2026-08-06T10:30:00+00:00,1.4006100000000001,1.4007100000000001,1.4003900000000002,1.4006200000000002,1082
2026-08-06T10:45:00+00:00,1.4006200000000002,1.40064,1.4001500000000002,1.4002400000000002,1096
2026-08-06T11:00:00+00:00,1.4002400000000002,1.4002500000000002,1.39979,1.4002400000000002,1790
2026-08-06T11:15:00+00:00,1.4002400000000002,1.4002900000000003,1.3997300000000001,1.3999800000000002,1559
2026-08-06T11:30:00+00:00,1.3999800000000002,1.4005,1.3998800000000002,1.4005,1358
2026-08-06T11:45:00+00:00,1.4005,1.4005,1.3994800000000003,1.3994800000000003,1828
2026-08-06T12:00:00+00:00,1.3994800000000003,1.4004900000000002,1.39935,1.4004800000000002,2249
2026-08-06T12:15:00+00:00,1.4004800000000002,1.4004900000000002,1.40006,1.4003200000000002,1708
2026-08-06T12:30:00+00:00,1.4003200000000002,1.4004900000000002,1.4001500000000002,1.4002700000000001,1576
2026-08-06T12:45:00+00:00,1.4002700000000001,1.4010200000000002,1.4002000000000001,1.4009800000000001,2308
2026-08-06T13:00:00+00:00,1.4009800000000001,1.4023600000000003,1.40084,1.40203,2928
2026-08-06T13:15:00+00:00,1.40203,1.4022700000000001,1.4018400000000002,1.40196,2352
2026-08-06T13:30:00+00:00,1.40196,1.4023400000000001,1.40189,1.40206,2803
2026-08-06T13:45:00+00:00,1.40206,1.4023900000000002,1.4015700000000002,1.4018300000000001,3038
2026-08-06T14:00:00+00:00,1.4018300000000001,1.4025500000000002,1.40162,1.4025400000000001,2828
2026-08-06T14:15:00+00:00,1.4025400000000001,1.4027500000000002,1.4021500000000002,1.4022000000000001,2357
2026-08-06T14:30:00+00:00,1.4022000000000001,1.4024200000000002,1.4015700000000002,1.4016500000000003,2230
2026-08-06T14:45:00+00:00,1.4016500000000003,1.4026100000000001,1.4016500000000003,1.4023900000000002,2944
2026-08-06T15:00:00+00:00,1.4023900000000002,1.4034800000000003,1.4023800000000002,1.4034100000000003,3225
2026-08-06T15:15:00+00:00,1.4034100000000003,1.40379,1.4031400000000003,1.4035800000000003,2649
2026-08-06T15:30:00+00:00,1.4035800000000003,1.4040700000000002,1.4035700000000002,1.40379,2192
2026-08-06T15:45:00+00:00,1.40379,1.4039000000000001,1.4032700000000002,1.4033900000000001,2553
2026-08-06T16:00:00+00:00,1.4033900000000001,1.40352,1.4029000000000003,1.40318,1842
2026-08-06T16:15:00+00:00,1.40318,1.4035000000000002,1.4027500000000002,1.4032100000000003,1953
2026-08-06T16:30:00+00:00,1.4032100000000003,1.40325,1.4027800000000001,1.4029500000000001,1164
2026-08-06T16:45:00+00:00,1.4029500000000001,1.4029800000000001,1.4024200000000002,1.4025100000000001,1247
2026-08-06T17:00:00+00:00,1.4025100000000001,1.4026500000000002,1.4023200000000002,1.4025100000000001,1316
2026-08-06T17:15:00+00:00,1.4025100000000001,1.40264,1.4022000000000001,1.4022100000000002,1180
2026-08-06T17:30:00+00:00,1.4022100000000002,1.4023900000000002,1.40196,1.40206,970
2026-08-06T17:45:00+00:00,1.40206,1.4021100000000002,1.4017100000000002,1.4019300000000001,1023
2026-08-06T18:00:00+00:00,1.4019300000000001,1.4019300000000001,1.40162,1.4016700000000002,1277
2026-08-06T18:15:00+00:00,1.4016700000000002,1.4018300000000001,1.4014600000000002,1.4017700000000002,864
2026-08-06T18:30:00+00:00,1.4017700000000002,1.40189,1.4017200000000003,1.4017600000000001,774
2026-08-06T18:45:00+00:00,1.4017600000000001,1.4019100000000002,1.4016400000000002,1.4016400000000002,917
2026-08-06T19:00:00+00:00,1.4016400000000002,1.4017600000000001,1.4015400000000002,1.4017500000000003,867
2026-08-06T19:15:00+00:00,1.4017500000000003,1.40213,1.4016500000000003,1.40196,1555
2026-08-06T19:30:00+00:00,1.40196,1.4022900000000003,1.4018400000000002,1.4022800000000002,1299
2026-08-06T19:45:00+00:00,1.4022800000000002,1.4023,1.4016700000000002,1.4017800000000002,1434
2026-08-06T20:00:00+00:00,1.4017800000000002,1.4019800000000002,1.4016300000000002,1.4019700000000002,805
2026-08-06T20:15:00+00:00,1.4019700000000002,1.4021400000000002,1.4019700000000002,1.4020400000000002,439
2026-08-06T20:30:00+00:00,1.4020400000000002,1.4020400000000002,1.4017700000000002,1.40179,412
2026-08-06T20:45:00+00:00,1.40179,1.4018100000000002,1.4015400000000002,1.4016000000000002,998
2026-08-06T21:00:00+00:00,1.4016000000000002,1.4016000000000002,1.40107,1.4011500000000001,96.96222453354265
2026-08-06T21:15:00+00:00,1.4011500000000001,1.40126,1.4011500000000001,1.40117,79
2026-08-06T21:30:00+00:00,1.40117,1.4014900000000001,1.40114,1.40142,262.8450667703877
2026-08-06T21:45:00+00:00,1.40142,1.4015200000000003,1.4012700000000002,1.4013300000000002,171.71354474876318
2026-08-06T22:00:00+00:00,1.4013300000000002,1.4018700000000002,1.4013300000000002,1.40186,325
2026-08-06T22:15:00+00:00,1.40186,1.4019000000000001,1.4017800000000002,1.4018100000000002,164
2026-08-06T22:30:00+00:00,1.4018100000000002,1.40186,1.4016100000000002,1.4016300000000002,209
2026-08-06T22:45:00+00:00,1.4016300000000002,1.4017900000000003,1.4016200000000003,1.4017300000000001,139
2026-08-06T23:00:00+00:00,1.4017300000000001,1.4017800000000002,1.4015400000000002,1.4015400000000002,226
2026-08-06T23:15:00+00:00,1.4015400000000002,1.4016300000000002,1.4015300000000002,1.4016300000000002,321
2026-08-06T23:30:00+00:00,1.4016300000000002,1.4017300000000001,1.4015900000000001,1.4016000000000002,417
2026-08-06T23:45:00+00:00,1.4016000000000002,1.4016500000000003,1.4014900000000001,1.4016300000000002,429
2026-08-07T00:00:00+00:00,1.4016300000000002,1.4017600000000001,1.4015100000000003,1.4017400000000002,1503
2026-08-07T00:15:00+00:00,1.4017400000000002,1.4018200000000003,1.4016900000000003,1.4017600000000001,988
2026-08-07T00:30:00+00:00,1.4017600000000001,1.4019100000000002,1.4016300000000002,1.4019000000000001,1112
2026-08-07T00:45:00+00:00,1.4019000000000001,1.4022500000000002,1.4018500000000003,1.4021000000000001,1419
2026-08-07T01:00:00+00:00,1.4021000000000001,1.4021400000000002,1.4017300000000001,1.4018000000000002,1120
2026-08-07T01:15:00+00:00,1.4018000000000002,1.4018400000000002,1.4017100000000002,1.4017900000000003,1495
2026-08-07T01:30:00+00:00,1.4017900000000003,1.4019500000000003,1.4015500000000003,1.4016200000000003,1507
2026-08-07T01:45:00+00:00,1.4016200000000003,1.4018800000000002,1.4016200000000003,1.4018200000000003,1994
2026-08-07T02:00:00+00:00,1.4018200000000003,1.4019600000000003,1.4017100000000002,1.4019400000000002,1654
2026-08-07T02:15:00+00:00,1.4019400000000002,1.4020600000000003,1.4018700000000002,1.4019400000000002,934
2026-08-07T02:30:00+00:00,1.4019400000000002,1.4021800000000002,1.4019300000000001,1.4021600000000003,1357
2026-08-07T02:45:00+00:00,1.4021600000000003,1.4023100000000002,1.4020600000000003,1.4022700000000001,1222
2026-08-07T03:00:00+00:00,1.4022700000000001,1.4023600000000003,1.4021800000000002,1.4023200000000002,1309
2026-08-07T03:15:00+00:00,1.4023200000000002,1.4023600000000003,1.4021900000000003,1.4022600000000003,1144
2026-08-07T03:30:00+00:00,1.4022600000000003,1.4023300000000003,1.4021700000000001,1.4022300000000003,1705
2026-08-07T03:45:00+00:00,1.4022300000000003,1.4022700000000001,1.4020500000000002,1.4021000000000001,1387
2026-08-07T04:00:00+00:00,1.4021000000000001,1.4021800000000002,1.4020100000000002,1.4021300000000003,857
2026-08-07T04:15:00+00:00,1.4021300000000003,1.4021700000000001,1.4020100000000002,1.4021100000000002,1360
2026-08-07T04:30:00+00:00,1.4021100000000002,1.4022700000000001,1.4019400000000002,1.4021200000000003,1078
2026-08-07T04:45:00+00:00,1.4021200000000003,1.4022500000000002,1.4021100000000002,1.4021800000000002,586
2026-08-07T05:00:00+00:00,1.4021800000000002,1.4022800000000002,1.4021100000000002,1.4022600000000003,775
2026-08-07T05:15:00+00:00,1.4022600000000003,1.4026100000000001,1.4022500000000002,1.4026000000000003,697
2026-08-07T05:30:00+00:00,1.4026000000000003,1.4027400000000003,1.4024100000000002,1.4025400000000001,678
2026-08-07T05:45:00+00:00,1.4025400000000001,1.4027000000000003,1.4022100000000002,1.4027000000000003,936
2026-08-07T06:00:00+00:00,1.4027000000000003,1.4030700000000003,1.40264,1.4029100000000003,871
2026-08-07T06:15:00+00:00,1.4029100000000003,1.4029500000000001,1.4026000000000003,1.4027600000000002,1293
2026-08-07T06:30:00+00:00,1.4027600000000002,1.4028400000000003,1.4025500000000002,1.4026000000000003,1846
2026-08-07T06:45:00+00:00,1.4026000000000003,1.4026600000000002,1.4023900000000002,1.4026100000000001,1430
2026-08-07T07:00:00+00:00,1.4026100000000001,1.4026800000000001,1.4022900000000003,1.4025500000000002,1807
2026-08-07T07:15:00+00:00,1.4025500000000002,1.4025500000000002,1.4023000000000003,1.4025300000000003,1818
2026-08-07T07:30:00+00:00,1.4025300000000003,1.4028500000000002,1.4025000000000003,1.4027700000000003,2020
2026-08-07T07:45:00+00:00,1.4027700000000003,1.4028700000000003,1.4025500000000002,1.40264,1079
2026-08-07T08:00:00+00:00,1.40264,1.4030400000000003,1.4026300000000003,1.4029400000000003,946
2026-08-07T08:15:00+00:00,1.4029400000000003,1.4031700000000003,1.4027100000000001,1.4031700000000003,907
2026-08-07T08:30:00+00:00,1.4031700000000003,1.4031800000000003,1.4026600000000002,1.4026600000000002,1007
2026-08-07T08:45:00+00:00,1.4026600000000002,1.4026600000000002,1.4023600000000003,1.4025500000000002,1129
2026-08-07T09:00:00+00:00,1.4025500000000002,1.4026100000000001,1.4019300000000001,1.4019900000000003,1832
2026-08-07T09:15:00+00:00,1.4019900000000003,1.4020500000000002,1.4016400000000002,1.4017400000000002,1958
2026-08-07T09:30:00+00:00,1.4017400000000002,1.4019700000000002,1.4017300000000001,1.4019300000000001,1183
2026-08-07T09:45:00+00:00,1.4019300000000001,1.4019600000000003,1.4017400000000002,1.4018400000000002,894
2026-08-07T10:00:00+00:00,1.4018400000000002,1.4024200000000002,1.4018400000000002,1.4023400000000001,1294
2026-08-07T10:15:00+00:00,1.4023400000000001,1.4023700000000001,1.4021900000000003,1.4022900000000003,1088
2026-08-07T10:30:00+00:00,1.4022900000000003,1.4025400000000001,1.4022000000000001,1.4024800000000002,1253
2026-08-07T10:45:00+00:00,1.4024800000000002,1.4025000000000003,1.4022100000000002,1.4024200000000002,1435
2026-08-07T11:00:00+00:00,1.4024200000000002,1.4024200000000002,1.4019900000000003,1.4021400000000002,2152
2026-08-07T11:15:00+00:00,1.4021400000000002,1.4021600000000003,1.4019200000000003,1.4020400000000002,1213
2026-08-07T11:30:00+00:00,1.4020400000000002,1.4021000000000001,1.4014700000000002,1.4015300000000002,1423
2026-08-07T11:45:00+00:00,1.4015300000000002,1.4017600000000001,1.4013400000000003,1.40142,1689
2026-08-07T12:00:00+00:00,1.40142,1.4015300000000002,1.4007500000000002,1.4008000000000003,3005
2026-08-07T12:15:00+00:00,1.4008000000000003,1.40081,1.4001500000000002,1.4002100000000002,3362
2026-08-07T12:30:00+00:00,1.4002100000000002,1.4002100000000002,1.3949200000000002,1.3959500000000002,9197
2026-08-07T12:45:00+00:00,1.3959500000000002,1.3959500000000002,1.3945200000000002,1.3950700000000003,8266
2026-08-07T13:00:00+00:00,1.3950700000000003,1.3956400000000002,1.3945300000000003,1.3945600000000002,5025
2026-08-07T13:15:00+00:00,1.3945600000000002,1.3957400000000002,1.3945600000000002,1.3952200000000001,4488
2026-08-07T13:30:00+00:00,1.3952200000000001,1.3961300000000003,1.3950000000000002,1.3954400000000002,4738
2026-08-07T13:45:00+00:00,1.3954400000000002,1.3955600000000001,1.3948500000000001,1.3952300000000002,3817
2026-08-07T14:00:00+00:00,1.3952300000000002,1.3952400000000003,1.3941100000000002,1.3945400000000001,5688
2026-08-07T14:15:00+00:00,1.3945400000000001,1.3947800000000001,1.3934900000000001,1.3939700000000002,4244
2026-08-07T14:30:00+00:00,1.3939700000000002,1.3947500000000002,1.3939600000000003,1.3946300000000003,3455
2026-08-07T14:45:00+00:00,1.3946300000000003,1.3946600000000002,1.3938700000000002,1.3945800000000002,4316
2026-08-07T15:00:00+00:00,1.3945800000000002,1.3949600000000002,1.3933700000000002,1.3934900000000001,3679
2026-08-07T15:15:00+00:00,1.3934900000000001,1.3940700000000001,1.3928200000000002,1.3940000000000001,3828
2026-08-07T15:30:00+00:00,1.3940000000000001,1.3942600000000003,1.3934800000000003,1.3938700000000002,2874
2026-08-07T15:45:00+00:00,1.3938700000000002,1.3939200000000003,1.3929100000000003,1.3936800000000003,3009
2026-08-07T16:00:00+00:00,1.3936800000000003,1.3940000000000001,1.3932600000000002,1.3932800000000003,2467
2026-08-07T16:15:00+00:00,1.3932800000000003,1.3939800000000002,1.3932700000000002,1.3937900000000003,3498
2026-08-07T16:30:00+00:00,1.3937900000000003,1.3940500000000002,1.3936400000000002,1.3938800000000002,1965
2026-08-07T16:45:00+00:00,1.3938800000000002,1.3940600000000003,1.3933800000000003,1.39376,2009
2026-08-07T17:00:00+00:00,1.39376,1.3939500000000002,1.3934200000000003,1.3938600000000003,2156
2026-08-07T17:15:00+00:00,1.3938600000000003,1.3940200000000003,1.3937400000000002,1.3939900000000003,1801
2026-08-07T17:30:00+00:00,1.3939900000000003,1.3942900000000003,1.3935700000000002,1.39359,1924
2026-08-07T17:45:00+00:00,1.39359,1.3940800000000002,1.3935800000000003,1.3940300000000003,1090
2026-08-07T18:00:00+00:00,1.3940300000000003,1.3942500000000002,1.3938900000000003,1.3940100000000002,1633
2026-08-07T18:15:00+00:00,1.3940100000000002,1.3942200000000002,1.3939200000000003,1.3939600000000003,1520
2026-08-07T18:30:00+00:00,1.3939600000000003,1.3940000000000001,1.3937900000000003,1.3939000000000001,1086
2026-08-07T18:45:00+00:00,1.3939000000000001,1.3940100000000002,1.3937500000000003,1.3939200000000003,1285
2026-08-07T19:00:00+00:00,1.3939200000000003,1.3942100000000002,1.3937400000000002,1.3941400000000002,1537
2026-08-07T19:15:00+00:00,1.3941400000000002,1.3941800000000002,1.3939600000000003,1.3940500000000002,1334
2026-08-07T19:30:00+00:00,1.3940500000000002,1.3945300000000003,1.3940400000000002,1.3944800000000002,1450
2026-08-07T19:45:00+00:00,1.3944800000000002,1.3946700000000003,1.3943200000000002,1.3945400000000001,1590
2026-08-07T20:00:00+00:00,1.3945400000000001,1.3947700000000003,1.3944000000000003,1.3947400000000003,938
2026-08-07T20:15:00+00:00,1.3947400000000003,1.39498,1.3947100000000001,1.3948900000000002,402
2026-08-07T20:30:00+00:00,1.3948900000000002,1.3955800000000003,1.3948500000000001,1.3955500000000003,684
2026-08-07T20:45:00+00:00,1.3955500000000003,1.3956300000000001,1.3935600000000001,1.3938800000000002,2116.649667405765
2026-08-09T21:00:00+00:00,1.3938800000000002,1.3938800000000002,1.3936000000000002,1.39386,70.6385870897126
2026-08-09T21:15:00+00:00,1.39386,1.3938600000000003,1.3936600000000003,1.3937100000000002,153.2711357142488
2026-08-09T21:30:00+00:00,1.3937100000000002,1.3938700000000002,1.3936400000000002,1.3937700000000002,891
2026-08-09T21:45:00+00:00,1.3937700000000002,1.3939200000000003,1.3936700000000002,1.3936800000000005,335.1286491297797
2026-08-09T22:00:00+00:00,1.3936800000000005,1.3938700000000004,1.3933700000000004,1.3936400000000004,444
2026-08-09T22:15:00+00:00,1.3936400000000004,1.3937200000000005,1.3934900000000003,1.3937100000000004,199.71354424122592
2026-08-09T22:30:00+00:00,1.3937100000000004,1.3938200000000005,1.3934600000000006,1.3935900000000006,273
2026-08-09T22:45:00+00:00,1.3935900000000006,1.3938000000000006,1.3935500000000005,1.3937900000000005,254.4203527815468
2026-08-09T23:00:00+00:00,1.3937900000000005,1.3939100000000004,1.3936900000000005,1.3937700000000006,620
2026-08-09T23:15:00+00:00,1.3937700000000006,1.3940700000000006,1.3937700000000006,1.3940700000000006,391
2026-08-09T23:30:00+00:00,1.3940700000000006,1.3942800000000006,1.3939600000000005,1.3940600000000005,544
2026-08-09T23:45:00+00:00,1.3940600000000005,1.3944600000000005,1.3940100000000004,1.3944600000000005,1128
2026-08-10T00:00:00+00:00,1.3944600000000005,1.3944600000000005,1.3940800000000004,1.3940900000000005,2390
2026-08-10T00:15:00+00:00,1.3940900000000005,1.3945300000000005,1.3940700000000006,1.3943200000000004,2120
2026-08-10T00:30:00+00:00,1.3943200000000004,1.3944700000000005,1.3942500000000004,1.3944600000000005,1548
2026-08-10T00:45:00+00:00,1.3944600000000005,1.3944700000000005,1.3939500000000005,1.3941700000000006,1764
2026-08-10T01:00:00+00:00,1.3941700000000006,1.3947900000000004,1.3941600000000005,1.3943000000000005,2975
2026-08-10T01:15:00+00:00,1.3943000000000005,1.3944800000000006,1.3941600000000005,1.3942800000000006,2019
2026-08-10T01:30:00+00:00,1.3942800000000006,1.3945100000000006,1.3942500000000004,1.3944200000000004,1644
2026-08-10T01:45:00+00:00,1.3944200000000004,1.3944700000000005,1.3942400000000006,1.3944300000000005,1463
2026-08-10T02:00:00+00:00,1.3944300000000005,1.3945900000000004,1.3943400000000006,1.3945000000000005,1267
2026-08-10T02:15:00+00:00,1.3945000000000005,1.3946700000000005,1.3944000000000005,1.3946200000000004,1653
2026-08-10T02:30:00+00:00,1.3946200000000004,1.3948600000000004,1.3945500000000006,1.3948400000000005,1644
2026-08-10T02:45:00+00:00,1.3948400000000005,1.3948800000000006,1.3947300000000005,1.3948300000000005,925
2026-08-10T03:00:00+00:00,1.3948300000000005,1.3953400000000005,1.3948000000000005,1.3952600000000006,1785
2026-08-10T03:15:00+00:00,1.3952600000000006,1.3954800000000005,1.3952300000000004,1.3953100000000005,1436
2026-08-10T03:30:00+00:00,1.3953100000000005,1.3954300000000006,1.3952700000000005,1.3953800000000005,1066
2026-08-10T03:45:00+00:00,1.3953800000000005,1.3954100000000005,1.3952200000000006,1.3953800000000005,1018
2026-08-10T04:00:00+00:00,1.3953800000000005,1.3955700000000004,1.3953400000000005,1.3954400000000005,957
2026-08-10T04:15:00+00:00,1.3954400000000005,1.3955900000000006,1.3954200000000005,1.3954400000000005,1094
2026-08-10T04:30:00+00:00,1.3954400000000005,1.3955700000000004,1.3954000000000004,1.3954800000000005,809
2026-08-10T04:45:00+00:00,1.3954800000000005,1.3955200000000005,1.3951900000000006,1.3952400000000005,874
2026-08-10T05:00:00+00:00,1.3952400000000005,1.3953600000000006,1.3951100000000005,1.3952700000000005,1637
2026-08-10T05:15:00+00:00,1.3952700000000005,1.3954600000000006,1.3952600000000006,1.3953100000000005,1097
2026-08-10T05:30:00+00:00,1.3953100000000005,1.3954300000000006,1.3950400000000005,1.3951300000000004,1751
2026-08-10T05:45:00+00:00,1.3951300000000004,1.3951800000000005,1.3949200000000006,1.3949500000000006,1976
2026-08-10T06:00:00+00:00,1.3949500000000006,1.3950700000000005,1.3945300000000005,1.3946800000000006,1964
2026-08-10T06:15:00+00:00,1.3946800000000006,1.3948700000000005,1.3944400000000006,1.3946400000000005,2262
2026-08-10T06:30:00+00:00,1.3946400000000005,1.3949400000000005,1.3946200000000004,1.3947400000000005,2242
2026-08-10T06:45:00+00:00,1.3947400000000005,1.3948600000000004,1.3945800000000006,1.3946300000000005,1975
2026-08-10T07:00:00+00:00,1.3946300000000005,1.3948000000000005,1.3941700000000006,1.3944500000000004,2750
2026-08-10T07:15:00+00:00,1.3944500000000004,1.3945200000000004,1.3941300000000005,1.3943900000000005,1994
2026-08-10T07:30:00+00:00,1.3943900000000005,1.3944300000000005,1.3936800000000005,1.3936900000000005,2219
2026-08-10T07:45:00+00:00,1.3936900000000005,1.3937700000000006,1.3933800000000005,1.3934200000000005,2902
2026-08-10T08:00:00+00:00,1.3934200000000005,1.3936100000000005,1.3929100000000005,1.3929100000000005,1835
2026-08-10T08:15:00+00:00,1.3929100000000005,1.3929600000000004,1.3925200000000004,1.3928000000000005,1592
2026-08-10T08:30:00+00:00,1.3928000000000005,1.3932500000000005,1.3927400000000005,1.3932400000000005,1293
2026-08-10T08:45:00+00:00,1.3932400000000005,1.3932600000000006,1.3928400000000005,1.3932500000000005,1412
2026-08-10T09:00:00+00:00,1.3932500000000005,1.3933700000000004,1.3931400000000005,1.3931900000000006,1113
2026-08-10T09:15:00+00:00,1.3931900000000006,1.3933500000000005,1.3931800000000005,1.3932400000000005,1036
2026-08-10T09:30:00+00:00,1.3932400000000005,1.3936900000000005,1.3932200000000006,1.3933500000000005,1413
2026-08-10T09:45:00+00:00,1.3933500000000005,1.3935400000000004,1.3931600000000006,1.3935400000000004,1811
2026-08-10T10:00:00+00:00,1.3935400000000004,1.3937600000000006,1.3934600000000006,1.3937100000000004,1910
2026-08-10T10:15:00+00:00,1.3937100000000004,1.3938200000000005,1.3936100000000005,1.3936800000000005,1249
2026-08-10T10:30:00+00:00,1.3936800000000005,1.3938100000000004,1.3932400000000005,1.3932800000000005,1486
2026-08-10T10:45:00+00:00,1.3932800000000005,1.3934300000000006,1.3930800000000005,1.3932000000000004,1704
2026-08-10T11:00:00+00:00,1.3932000000000004,1.3933100000000005,1.3929200000000006,1.3930900000000006,1836
2026-08-10T11:15:00+00:00,1.3930900000000006,1.3933300000000006,1.3929900000000006,1.3933000000000004,1881
2026-08-10T11:30:00+00:00,1.3933000000000004,1.3935100000000005,1.3930100000000005,1.3933300000000006,1231
2026-08-10T11:45:00+00:00,1.3933300000000006,1.3935500000000005,1.3932100000000005,1.3932100000000005,1324
2026-08-10T12:00:00+00:00,1.3932100000000005,1.3935400000000004,1.3931200000000006,1.3934000000000004,3125
2026-08-10T12:15:00+00:00,1.3934000000000004,1.3942900000000005,1.3934000000000004,1.3940700000000006,2169
2026-08-10T12:30:00+00:00,1.3940700000000006,1.3942100000000006,1.3938100000000004,1.3939800000000004,1768
2026-08-10T12:45:00+00:00,1.3939800000000004,1.3941000000000006,1.3938100000000004,1.3940100000000004,1824
2026-08-10T13:00:00+00:00,1.3940100000000004,1.3948700000000005,1.3938900000000005,1.3941700000000006,2299
2026-08-10T13:15:00+00:00,1.3941700000000006,1.3946800000000006,1.3941200000000005,1.3943800000000006,2093
2026-08-10T13:30:00+00:00,1.3943800000000006,1.3949500000000006,1.3942900000000005,1.3945000000000005,3327
2026-08-10T13:45:00+00:00,1.3945000000000005,1.3947000000000005,1.3940400000000006,1.3942700000000006,3409
2026-08-10T14:00:00+00:00,1.3942700000000006,1.3946700000000005,1.3936500000000005,1.3937300000000006,2710
2026-08-10T14:15:00+00:00,1.3937300000000006,1.3939800000000004,1.3933000000000004,1.3933300000000006,2490
2026-08-10T14:30:00+00:00,1.3933300000000006,1.3938000000000006,1.3932500000000005,1.3933300000000006,2004
2026-08-10T14:45:00+00:00,1.3933300000000006,1.3935700000000004,1.3930000000000005,1.3935000000000006,2717
2026-08-10T15:00:00+00:00,1.3935000000000006,1.3940200000000005,1.3928100000000005,1.3928400000000005,2847
2026-08-10T15:15:00+00:00,1.3928400000000005,1.3929500000000006,1.3924500000000006,1.3928100000000005,1800
2026-08-10T15:30:00+00:00,1.3928100000000005,1.3928700000000005,1.3923200000000004,1.3923500000000004,1854
2026-08-10T15:45:00+00:00,1.3923500000000004,1.3925600000000005,1.3920200000000005,1.3920500000000005,1812
2026-08-10T16:00:00+00:00,1.3920500000000005,1.3923400000000006,1.3920200000000005,1.3922600000000005,1253
2026-08-10T16:15:00+00:00,1.3922600000000005,1.3923600000000005,1.3919500000000005,1.3920000000000006,1156
2026-08-10T16:30:00+00:00,1.3920000000000006,1.3923700000000006,1.3918500000000005,1.3921900000000005,1995
2026-08-10T16:45:00+00:00,1.3921900000000005,1.3926500000000006,1.3921700000000006,1.3925800000000006,1697
2026-08-10T17:00:00+00:00,1.3925800000000006,1.3933500000000005,1.3924500000000006,1.3931700000000005,1510
2026-08-10T17:15:00+00:00,1.3931700000000005,1.3937000000000006,1.3931300000000004,1.3935700000000004,1627
2026-08-10T17:30:00+00:00,1.3935700000000004,1.3936600000000006,1.3933200000000006,1.3936300000000006,1082
2026-08-10T17:45:00+00:00,1.3936300000000006,1.3939100000000004,1.3934400000000005,1.3937400000000004,1205
2026-08-10T18:00:00+00:00,1.3937400000000004,1.3937400000000004,1.3935200000000005,1.3936500000000005,902
2026-08-10T18:15:00+00:00,1.3936500000000005,1.3937600000000006,1.3935000000000006,1.3936100000000005,1026
2026-08-10T18:30:00+00:00,1.3936100000000005,1.3936900000000005,1.3931000000000004,1.3931200000000006,1452
2026-08-10T18:45:00+00:00,1.3931200000000006,1.3936100000000005,1.3930600000000006,1.3934300000000006,1867
2026-08-10T19:00:00+00:00,1.3934300000000006,1.3936000000000006,1.3933500000000005,1.3934100000000005,1266
2026-08-10T19:15:00+00:00,1.3934100000000005,1.3935000000000006,1.3930200000000006,1.3932000000000004,939
2026-08-10T19:30:00+00:00,1.3932000000000004,1.3932400000000005,1.3928200000000006,1.3929300000000004,924
2026-08-10T19:45:00+00:00,1.3929300000000004,1.3932000000000004,1.3929000000000005,1.3931600000000006,1666
2026-08-10T20:00:00+00:00,1.3931600000000006,1.3932000000000004,1.3929100000000005,1.3930200000000006,851
2026-08-10T20:15:00+00:00,1.3930200000000006,1.3932600000000006,1.3929800000000006,1.3930300000000004,620
2026-08-10T20:30:00+00:00,1.3930300000000004,1.3932600000000006,1.3930300000000004,1.3932400000000005,509
2026-08-10T20:45:00+00:00,1.3932400000000005,1.3933100000000005,1.3930600000000006,1.3931500000000006,780
2026-08-10T21:00:00+00:00,1.3931500000000006,1.3932600000000006,1.3924600000000005,1.3928700000000005,97.6359596714509
2026-08-10T21:15:00+00:00,1.3928700000000005,1.3929300000000004,1.3928000000000005,1.3928300000000005,60.09125289607702
2026-08-10T21:30:00+00:00,1.3928300000000005,1.3928600000000004,1.3921400000000004,1.3926600000000005,523.2417562151608
2026-08-10T21:45:00+00:00,1.3926600000000005,1.3928500000000004,1.3924300000000005,1.3927300000000005,408
2026-08-10T22:00:00+00:00,1.3927300000000005,1.3931200000000004,1.3927300000000005,1.3930600000000004,432
2026-08-10T22:15:00+00:00,1.3930600000000004,1.3932600000000004,1.3929500000000004,1.3932300000000004,236
2026-08-10T22:30:00+00:00,1.3932300000000004,1.3932400000000005,1.3929200000000004,1.3929400000000005,248
2026-08-10T22:45:00+00:00,1.3929400000000005,1.3929400000000005,1.3928500000000004,1.3928700000000005,160
2026-08-10T23:00:00+00:00,1.3928700000000005,1.3929200000000004,1.3927900000000004,1.3928600000000004,285
2026-08-10T23:15:00+00:00,1.3928600000000004,1.3930700000000005,1.3928500000000004,1.3930500000000003,251
2026-08-10T23:30:00+00:00,1.3930500000000003,1.3931300000000004,1.3928000000000005,1.3928000000000005,565
2026-08-10T23:45:00+00:00,1.3928000000000005,1.3928700000000005,1.3924800000000004,1.3925200000000004,881
2026-08-11T00:00:00+00:00,1.3925200000000004,1.3925400000000003,1.3922400000000004,1.3924300000000005,1799
2026-08-11T00:15:00+00:00,1.3924300000000005,1.3925000000000005,1.3922700000000003,1.3923900000000005,1289
2026-08-11T00:30:00+00:00,1.3923900000000005,1.3924000000000005,1.3921000000000003,1.3922000000000003,1213
2026-08-11T00:45:00+00:00,1.3922000000000003,1.3924400000000003,1.3921100000000004,1.3923700000000003,1112
2026-08-11T01:00:00+00:00,1.3923700000000003,1.3929200000000004,1.3921300000000003,1.3921700000000004,1698
2026-08-11T01:15:00+00:00,1.3921700000000004,1.3923500000000004,1.3921100000000004,1.3921800000000004,1505
2026-08-11T01:30:00+00:00,1.3921800000000004,1.3923900000000005,1.3921000000000003,1.3923900000000005,1413
2026-08-11T01:45:00+00:00,1.3923900000000005,1.3923900000000005,1.3921700000000004,1.3923800000000004,1589
2026-08-11T02:00:00+00:00,1.3923800000000004,1.3925600000000005,1.3923200000000004,1.3923400000000004,1380
2026-08-11T02:15:00+00:00,1.3923400000000004,1.3927900000000004,1.3923200000000004,1.3926300000000005,1088
2026-08-11T02:30:00+00:00,1.3926300000000005,1.3927100000000003,1.3925400000000003,1.3925700000000003,1013
2026-08-11T02:45:00+00:00,1.3925700000000003,1.3928200000000004,1.3925600000000005,1.3926300000000005,1836
2026-08-11T03:00:00+00:00,1.3926300000000005,1.3927100000000003,1.3924300000000005,1.3924900000000004,1807
2026-08-11T03:15:00+00:00,1.3924900000000004,1.3925500000000004,1.3923000000000003,1.3923300000000005,1494
2026-08-11T03:30:00+00:00,1.3923300000000005,1.3923300000000005,1.3920700000000004,1.3922500000000004,1326
2026-08-11T03:45:00+00:00,1.3922500000000004,1.3923700000000003,1.3922300000000005,1.3922800000000004,1352
2026-08-11T04:00:00+00:00,1.3922800000000004,1.3923500000000004,1.3921400000000004,1.3921800000000004,1405
2026-08-11T04:15:00+00:00,1.3921800000000004,1.3922300000000005,1.3921100000000004,1.3921400000000004,1419
2026-08-11T04:30:00+00:00,1.3921400000000004,1.3924400000000003,1.3920300000000003,1.3922300000000005,2450
2026-08-11T04:45:00+00:00,1.3922300000000005,1.3925300000000005,1.3922000000000003,1.3922200000000005,1594
2026-08-11T05:00:00+00:00,1.3922200000000005,1.3923700000000003,1.3921600000000005,1.3923200000000004,1319
2026-08-11T05:15:00+00:00,1.3923200000000004,1.3923500000000004,1.3921800000000004,1.3922300000000005,1634
2026-08-11T05:30:00+00:00,1.3922300000000005,1.3923800000000004,1.3919100000000004,1.3919800000000004,1682
2026-08-11T05:45:00+00:00,1.3919800000000004,1.3921800000000004,1.3919300000000003,1.3919900000000005,1093
2026-08-11T06:00:00+00:00,1.3919900000000005,1.3923200000000004,1.3919100000000004,1.3922800000000004,1376
2026-08-11T06:15:00+00:00,1.3922800000000004,1.3926800000000004,1.3921500000000004,1.3923600000000005,2986
2026-08-11T06:30:00+00:00,1.3923600000000005,1.3924500000000004,1.3921300000000003,1.3922500000000004,1789
2026-08-11T06:45:00+00:00,1.3922500000000004,1.3926000000000005,1.3922400000000004,1.3923900000000005,1510
2026-08-11T07:00:00+00:00,1.3923900000000005,1.3930700000000005,1.3922900000000005,1.3928400000000005,2046
2026-08-11T07:15:00+00:00,1.3928400000000005,1.3930500000000003,1.3926200000000004,1.3926200000000004,1254
2026-08-11T07:30:00+00:00,1.3926200000000004,1.3932200000000003,1.3925100000000004,1.3932100000000005,1688
2026-08-11T07:45:00+00:00,1.3932100000000005,1.3936500000000005,1.3930000000000005,1.3935900000000003,2090
2026-08-11T08:00:00+00:00,1.3935900000000003,1.3937500000000005,1.3930200000000004,1.3930600000000004,2238
2026-08-11T08:15:00+00:00,1.3930600000000004,1.3932100000000005,1.3929900000000004,1.3930600000000004,1314
2026-08-11T08:30:00+00:00,1.3930600000000004,1.3930800000000003,1.3925700000000003,1.3926300000000005,1338
2026-08-11T08:45:00+00:00,1.3926300000000005,1.3928500000000004,1.3925300000000005,1.3925600000000005,1546
2026-08-11T09:00:00+00:00,1.3925600000000005,1.3927300000000005,1.3924000000000005,1.3925400000000003,1416
2026-08-11T09:15:00+00:00,1.3925400000000003,1.3927100000000003,1.3923600000000005,1.3926900000000004,1309
2026-08-11T09:30:00+00:00,1.3926900000000004,1.3928300000000005,1.3925200000000004,1.3925500000000004,1316
2026-08-11T09:45:00+00:00,1.3925500000000004,1.3926000000000005,1.3923300000000005,1.3924000000000005,1085
2026-08-11T10:00:00+00:00,1.3924000000000005,1.3926000000000005,1.3921200000000005,1.3923400000000004,1457
2026-08-11T10:15:00+00:00,1.3923400000000004,1.3926000000000005,1.3923200000000004,1.3924600000000005,2008
2026-08-11T10:30:00+00:00,1.3924600000000005,1.3925500000000004,1.3922200000000005,1.3924600000000005,1478
2026-08-11T10:45:00+00:00,1.3924600000000005,1.3926800000000004,1.3923500000000004,1.3923500000000004,1303
2026-08-11T11:00:00+00:00,1.3923500000000004,1.3928500000000004,1.3920700000000004,1.3926400000000003,4080
2026-08-11T11:15:00+00:00,1.3926400000000003,1.3928200000000004,1.3921600000000005,1.3923200000000004,2511
2026-08-11T11:30:00+00:00,1.3923200000000004,1.3927100000000003,1.3922700000000003,1.3927100000000003,2073
2026-08-11T11:45:00+00:00,1.3927100000000003,1.3932100000000005,1.3925300000000005,1.3930800000000003,2169
2026-08-11T12:00:00+00:00,1.3930800000000003,1.3932400000000005,1.3927300000000005,1.3931400000000005,2659
2026-08-11T12:15:00+00:00,1.3931400000000005,1.3933000000000004,1.3925400000000003,1.3925800000000004,2265
2026-08-11T12:30:00+00:00,1.3925800000000004,1.3926600000000005,1.3921400000000004,1.3924600000000005,1803
2026-08-11T12:45:00+00:00,1.3924600000000005,1.3926600000000005,1.3923000000000003,1.3925500000000004,1544
2026-08-11T13:00:00+00:00,1.3925500000000004,1.3927300000000005,1.3923400000000004,1.3926700000000005,2074
2026-08-11T13:15:00+00:00,1.3926700000000005,1.3928900000000004,1.3925200000000004,1.3928800000000003,2061
2026-08-11T13:30:00+00:00,1.3928800000000003,1.3930600000000004,1.3925700000000003,1.3929300000000004,3539
2026-08-11T13:45:00+00:00,1.3929300000000004,1.3930500000000003,1.3927200000000004,1.3929300000000004,2256
2026-08-11T14:00:00+00:00,1.3929300000000004,1.3930400000000005,1.3924100000000004,1.3924300000000005,2468
2026-08-11T14:15:00+00:00,1.3924300000000005,1.3924500000000004,1.3920600000000005,1.3923200000000004,2311
2026-08-11T14:30:00+00:00,1.3923200000000004,1.3924100000000004,1.3919300000000003,1.3921500000000004,2056
2026-08-11T14:45:00+00:00,1.3921500000000004,1.3923400000000004,1.3915900000000003,1.3918400000000004,2676
2026-08-11T15:00:00+00:00,1.3918400000000004,1.3924600000000005,1.3918200000000005,1.3924400000000003,2069
2026-08-11T15:15:00+00:00,1.3924400000000003,1.3927600000000004,1.3920600000000005,1.3921200000000005,2042
2026-08-11T15:30:00+00:00,1.3921200000000005,1.3921700000000004,1.3916600000000003,1.3920200000000005,2238
2026-08-11T15:45:00+00:00,1.3920200000000005,1.3921500000000004,1.3915700000000004,1.3915700000000004,1504
2026-08-11T16:00:00+00:00,1.3915700000000004,1.3918400000000004,1.3914500000000005,1.3914900000000003,1277
2026-08-11T16:15:00+00:00,1.3914900000000003,1.3916400000000004,1.3908300000000005,1.3909500000000004,1274
2026-08-11T16:30:00+00:00,1.3909500000000004,1.3913300000000004,1.3909500000000004,1.3911100000000005,1497
2026-08-11T16:45:00+00:00,1.3911100000000005,1.3911800000000003,1.3908000000000005,1.3908200000000004,1417
2026-08-11T17:00:00+00:00,1.3908200000000004,1.3912900000000004,1.3906600000000005,1.3911600000000004,1727
2026-08-11T17:15:00+00:00,1.3911600000000004,1.3914400000000005,1.3911000000000004,1.3913300000000004,1585
2026-08-11T17:30:00+00:00,1.3913300000000004,1.3916500000000005,1.3911400000000005,1.3912700000000005,2004
2026-08-11T17:45:00+00:00,1.3912700000000005,1.3915000000000004,1.3910800000000003,1.3913800000000005,998
2026-08-11T18:00:00+00:00,1.3913800000000005,1.3914800000000005,1.3912600000000004,1.3913800000000005,1084
2026-08-11T18:15:00+00:00,1.3913800000000005,1.3915100000000005,1.3910800000000003,1.3911900000000004,1471
2026-08-11T18:30:00+00:00,1.3911900000000004,1.3912500000000003,1.3907800000000003,1.3909900000000004,1452
2026-08-11T18:45:00+00:00,1.3909900000000004,1.3912100000000005,1.3909400000000005,1.3911100000000005,983
2026-08-11T19:00:00+00:00,1.3911100000000005,1.3912800000000005,1.3910300000000004,1.3911700000000005,1163
2026-08-11T19:15:00+00:00,1.3911700000000005,1.3913000000000004,1.3910900000000004,1.3911300000000004,879
2026-08-11T19:30:00+00:00,1.3911300000000004,1.3912800000000005,1.3910600000000004,1.3912200000000003,968
2026-08-11T19:45:00+00:00,1.3912200000000003,1.3916600000000003,1.3911000000000004,1.3916200000000005,1308
2026-08-11T20:00:00+00:00,1.3916200000000005,1.3917200000000005,1.3914700000000004,1.3916600000000003,900
2026-08-11T20:15:00+00:00,1.3916600000000003,1.3917300000000004,1.3916100000000005,1.3916400000000004,444
2026-08-11T20:30:00+00:00,1.3916400000000004,1.3918300000000003,1.3916400000000004,1.3918300000000003,364
2026-08-11T20:45:00+00:00,1.3918300000000003,1.3918300000000003,1.3914600000000004,1.3914600000000004,749
2026-08-11T21:00:00+00:00,1.3914600000000004,1.3914600000000004,1.3909600000000004,1.3912000000000004,51.41941618245352
2026-08-11T21:15:00+00:00,1.3912000000000004,1.3912900000000001,1.3910200000000004,1.3912900000000001,133.21327912133754
2026-08-11T21:30:00+00:00,1.3912900000000001,1.39162,1.3912700000000002,1.3916000000000002,96.41818786345485
2026-08-11T21:45:00+00:00,1.3916000000000002,1.3916800000000003,1.39141,1.39145,113.30100848368949
2026-08-11T22:00:00+00:00,1.39145,1.39168,1.3913200000000001,1.3913200000000001,288
2026-08-11T22:15:00+00:00,1.3913200000000001,1.39142,1.3912600000000002,1.39141,264
2026-08-11T22:30:00+00:00,1.39141,1.3915300000000002,1.39125,1.3913600000000002,348
2026-08-11T22:45:00+00:00,1.3913600000000002,1.3913600000000002,1.39115,1.39115,205
2026-08-11T23:00:00+00:00,1.39115,1.3912200000000001,1.39114,1.3912000000000002,246
2026-08-11T23:15:00+00:00,1.3912000000000002,1.3915300000000002,1.39118,1.39151,337
2026-08-11T23:30:00+00:00,1.39151,1.3915300000000002,1.3913600000000002,1.3914300000000002,354
2026-08-11T23:45:00+00:00,1.3914300000000002,1.39155,1.3912300000000002,1.3912900000000001,423
2026-08-12T00:00:00+00:00,1.3912900000000001,1.3914300000000002,1.3911200000000001,1.3912300000000002,1324
2026-08-12T00:15:00+00:00,1.3912300000000002,1.39131,1.39107,1.39121,1292
2026-08-12T00:30:00+00:00,1.39121,1.3912900000000001,1.3911200000000001,1.39124,1075
2026-08-12T00:45:00+00:00,1.39124,1.3916000000000002,1.39121,1.3915400000000002,1203
2026-08-12T01:00:00+00:00,1.3915400000000002,1.3920700000000001,1.39151,1.3920000000000001,1715
2026-08-12T01:15:00+00:00,1.3920000000000001,1.3921500000000002,1.3918400000000002,1.3919700000000002,1381
2026-08-12T01:30:00+00:00,1.3919700000000002,1.3920400000000002,1.39189,1.39195,739
2026-08-12T01:45:00+00:00,1.39195,1.3921800000000002,1.3918700000000002,1.3920800000000002,864
2026-08-12T02:00:00+00:00,1.3920800000000002,1.39229,1.3920700000000001,1.39222,1057
2026-08-12T02:15:00+00:00,1.39222,1.3923800000000002,1.39219,1.39222,1178
2026-08-12T02:30:00+00:00,1.39222,1.39223,1.39189,1.3919100000000002,1006
2026-08-12T02:45:00+00:00,1.3919100000000002,1.39205,1.39189,1.39196,1184
2026-08-12T03:00:00+00:00,1.39196,1.3921000000000001,1.39188,1.39195,1254
2026-08-12T03:15:00+00:00,1.39195,1.3920700000000001,1.39188,1.3920400000000002,839
2026-08-12T03:30:00+00:00,1.3920400000000002,1.39213,1.3919300000000001,1.39212,1040
2026-08-12T03:45:00+00:00,1.39212,1.3922,1.39205,1.39209,863
2026-08-12T04:00:00+00:00,1.39209,1.3923,1.39202,1.3922100000000002,954
2026-08-12T04:15:00+00:00,1.3922100000000002,1.39237,1.3921700000000001,1.3922700000000001,1044
2026-08-12T04:30:00+00:00,1.3922700000000001,1.3922700000000001,1.3921500000000002,1.3922100000000002,1094
2026-08-12T04:45:00+00:00,1.3922100000000002,1.39233,1.3921800000000002,1.39226,1078
2026-08-12T05:00:00+00:00,1.39226,1.3924900000000002,1.39226,1.3924800000000002,1067
2026-08-12T05:15:00+00:00,1.3924800000000002,1.3926,1.39236,1.3924100000000001,768
2026-08-12T05:30:00+00:00,1.3924100000000001,1.3925100000000001,1.3923,1.39239,1249
2026-08-12T05:45:00+00:00,1.39239,1.3925,1.3922400000000001,1.39226,991
2026-08-12T06:00:00+00:00,1.39226,1.3924100000000001,1.3920400000000002,1.3920700000000001,1044
2026-08-12T06:15:00+00:00,1.3920700000000001,1.3923,1.39206,1.3922800000000002,1215
2026-08-12T06:30:00+00:00,1.3922800000000002,1.39246,1.3922500000000002,1.3922700000000001,1854
2026-08-12T06:45:00+00:00,1.3922700000000001,1.39257,1.3922,1.3922100000000002,1544
2026-08-12T07:00:00+00:00,1.3922100000000002,1.3924100000000001,1.3920800000000002,1.3923400000000001,2166
2026-08-12T07:15:00+00:00,1.3923400000000001,1.3925900000000002,1.39226,1.39247,1724
2026-08-12T07:30:00+00:00,1.39247,1.3926800000000001,1.3923500000000002,1.3924500000000002,1811
2026-08-12T07:45:00+00:00,1.3924500000000002,1.39256,1.3921500000000002,1.3922100000000002,1302
2026-08-12T08:00:00+00:00,1.3922100000000002,1.39257,1.3921700000000001,1.39239,1409
2026-08-12T08:15:00+00:00,1.39239,1.3924800000000002,1.39205,1.3922,1428
2026-08-12T08:30:00+00:00,1.3922,1.39236,1.39216,1.3922700000000001,970
2026-08-12T08:45:00+00:00,1.3922700000000001,1.3924200000000002,1.39219,1.3923400000000001,1050
2026-08-12T09:00:00+00:00,1.3923400000000001,1.3925900000000002,1.39223,1.39226,1667
2026-08-12T09:15:00+00:00,1.39226,1.39266,1.39202,1.3923200000000002,3492
2026-08-12T09:30:00+00:00,1.3923200000000002,1.3928900000000002,1.3922700000000001,1.3928600000000002,1816
2026-08-12T09:45:00+00:00,1.3928600000000002,1.3930500000000001,1.39277,1.3928500000000001,1547
2026-08-12T10:00:00+00:00,1.3928500000000001,1.39287,1.3924500000000002,1.3925400000000001,1411
2026-08-12T10:15:00+00:00,1.3925400000000001,1.3927,1.3924100000000001,1.3925500000000002,1284
2026-08-12T10:30:00+00:00,1.3925500000000002,1.39266,1.3923800000000002,1.39256,961
2026-08-12T10:45:00+00:00,1.39256,1.3928800000000001,1.3924500000000002,1.3925500000000002,2146
2026-08-12T11:00:00+00:00,1.3925500000000002,1.3929900000000002,1.3924400000000001,1.39297,1206
2026-08-12T11:15:00+00:00,1.39297,1.39297,1.39237,1.3924500000000002,1308
2026-08-12T11:30:00+00:00,1.3924500000000002,1.3925800000000002,1.39233,1.3925,1235
2026-08-12T11:45:00+00:00,1.3925,1.3926200000000002,1.3918000000000001,1.39189,1577
2026-08-12T12:00:00+00:00,1.39189,1.39202,1.39158,1.39182,1924
2026-08-12T12:15:00+00:00,1.39182,1.3920700000000001,1.39108,1.39108,2106
2026-08-12T12:30:00+00:00,1.39108,1.3922100000000002,1.3904100000000001,1.3906,5835
2026-08-12T12:45:00+00:00,1.3906,1.3912200000000001,1.3903400000000001,1.39039,4363
2026-08-12T13:00:00+00:00,1.39039,1.3912600000000002,1.39029,1.3912300000000002,4133
2026-08-12T13:15:00+00:00,1.3912300000000002,1.39135,1.3906500000000002,1.39067,3464
2026-08-12T13:30:00+00:00,1.39067,1.3910200000000001,1.3902,1.39073,3592
2026-08-12T13:45:00+00:00,1.39073,1.3909600000000002,1.3906200000000002,1.39067,3060
2026-08-12T14:00:00+00:00,1.39067,1.3906800000000001,1.39002,1.3904200000000002,3459
2026-08-12T14:15:00+00:00,1.3904200000000002,1.39084,1.39006,1.3907600000000002,2488
2026-08-12T14:30:00+00:00,1.3907600000000002,1.39141,1.3906100000000001,1.39138,3353
2026-08-12T14:45:00+00:00,1.39138,1.3917700000000002,1.39114,1.39155,3672
2026-08-12T15:00:00+00:00,1.39155,1.3917300000000001,1.3910500000000001,1.3912200000000001,2633
2026-08-12T15:15:00+00:00,1.3912200000000001,1.3914000000000002,1.3909600000000002,1.3912300000000002,1697
2026-08-12T15:30:00+00:00,1.3912300000000002,1.39178,1.39111,1.39162,1463
2026-08-12T15:45:00+00:00,1.39162,1.3917700000000002,1.3911600000000002,1.3913000000000002,1565
2026-08-12T16:00:00+00:00,1.3913000000000002,1.39209,1.39127,1.39199,1707
2026-08-12T16:15:00+00:00,1.39199,1.3926900000000002,1.39196,1.39267,1704
2026-08-12T16:30:00+00:00,1.39267,1.3930600000000002,1.3926500000000002,1.3929300000000002,1735
2026-08-12T16:45:00+00:00,1.3929300000000002,1.39344,1.39287,1.3933700000000002,1766
2026-08-12T17:00:00+00:00,1.3933700000000002,1.3939100000000002,1.39324,1.39386,1907
2026-08-12T17:15:00+00:00,1.39386,1.3938700000000002,1.3934600000000001,1.39369,1284
2026-08-12T17:30:00+00:00,1.39369,1.39395,1.39351,1.3939100000000002,1364
2026-08-12T17:45:00+00:00,1.3939100000000002,1.39392,1.3936300000000001,1.3937300000000001,1359
2026-08-12T18:00:00+00:00,1.3937300000000001,1.3937700000000002,1.3932600000000002,1.39335,1219
2026-08-12T18:15:00+00:00,1.39335,1.3934600000000001,1.39311,1.3931600000000002,986
2026-08-12T18:30:00+00:00,1.3931600000000002,1.39361,1.3931600000000002,1.39355,926
2026-08-12T18:45:00+00:00,1.39355,1.39388,1.39347,1.39387,1186.0714891811626
2026-08-12T19:00:00+00:00,1.39387,1.39389,1.39347,1.39355,1070
2026-08-12T19:15:00+00:00,1.39355,1.39364,1.3934,1.39361,761
2026-08-12T19:30:00+00:00,1.39361,1.39389,1.39354,1.39364,1141
2026-08-12T19:45:00+00:00,1.39364,1.3938599999999999,1.39328,1.39329,1549
2026-08-12T20:00:00+00:00,1.39329,1.39353,1.39313,1.39347,837
2026-08-12T20:15:00+00:00,1.39347,1.39357,1.39337,1.39353,721
2026-08-12T20:30:00+00:00,1.39353,1.39356,1.39334,1.39348,555
2026-08-12T20:45:00+00:00,1.39348,1.39353,1.393,1.39314,1044
2026-08-12T21:00:00+00:00,1.39314,1.39314,1.39289,1.39303,82.85237135738981
2026-08-12T21:15:00+00:00,1.39303,1.39308,1.39292,1.39299,98.8202528068826
2026-08-12T21:30:00+00:00,1.39299,1.39308,1.39284,1.39293,357.5565499115646
2026-08-12T21:45:00+00:00,1.39293,1.39301,1.39288,1.39299,163.51458167330676
2026-08-12T22:00:00+00:00,1.39299,1.3935,1.3929799999999999,1.3934699999999998,281
2026-08-12T22:15:00+00:00,1.3934699999999998,1.3935099999999998,1.3933799999999998,1.39346,166
2026-08-12T22:30:00+00:00,1.39346,1.3934799999999998,1.3932799999999999,1.39329,169.234381640459
2026-08-12T22:45:00+00:00,1.39329,1.39333,1.39316,1.39319,187
2026-08-12T23:00:00+00:00,1.39319,1.39333,1.3930999999999998,1.3932499999999999,242
2026-08-12T23:15:00+00:00,1.3932499999999999,1.39336,1.39312,1.3933499999999999,294
2026-08-12T23:30:00+00:00,1.3933499999999999,1.39336,1.39323,1.3932499999999999,368
2026-08-12T23:45:00+00:00,1.3932499999999999,1.3934099999999998,1.39323,1.3932799999999999,875
2026-08-13T00:00:00+00:00,1.3932799999999999,1.39339,1.3930099999999999,1.3932399999999998,2184
2026-08-13T00:15:00+00:00,1.3932399999999998,1.3932399999999998,1.3930099999999999,1.3930799999999999,1383
2026-08-13T00:30:00+00:00,1.3930799999999999,1.3930999999999998,1.39285,1.3930299999999998,1847
2026-08-13T00:45:00+00:00,1.3930299999999998,1.39336,1.3930299999999998,1.3931299999999998,2306
2026-08-13T01:00:00+00:00,1.3931299999999998,1.39357,1.39306,1.39323,1907
2026-08-13T01:15:00+00:00,1.39323,1.39343,1.39312,1.3934,1895
2026-08-13T01:30:00+00:00,1.3934,1.3936,1.3933099999999998,1.39357,1281
2026-08-13T01:45:00+00:00,1.39357,1.3938099999999998,1.39357,1.3937,1573
2026-08-13T02:00:00+00:00,1.3937,1.39393,1.3936899999999999,1.39393,1121
2026-08-13T02:15:00+00:00,1.39393,1.3940299999999999,1.39387,1.3940299999999999,708
2026-08-13T02:30:00+00:00,1.3940299999999999,1.39421,1.3939,1.3940299999999999,1075
2026-08-13T02:45:00+00:00,1.3940299999999999,1.3940799999999998,1.3939,1.3939499999999998,836
2026-08-13T03:00:00+00:00,1.3939499999999998,1.39417,1.39383,1.3940799999999998,1526
2026-08-13T03:15:00+00:00,1.3940799999999998,1.39427,1.3940799999999998,1.39417,1405
2026-08-13T03:30:00+00:00,1.39417,1.39417,1.394,1.3940599999999999,1454
2026-08-13T03:45:00+00:00,1.3940599999999999,1.3941999999999999,1.394,1.3940299999999999,1297
2026-08-13T04:00:00+00:00,1.3940299999999999,1.3941999999999999,1.3939099999999998,1.39407,1451
2026-08-13T04:15:00+00:00,1.39407,1.3941999999999999,1.39394,1.3939799999999998,1012
2026-08-13T04:30:00+00:00,1.3939799999999998,1.39404,1.39393,1.3939899999999998,1175
2026-08-13T04:45:00+00:00,1.3939899999999998,1.394,1.3936499999999998,1.3937499999999998,2097
2026-08-13T05:00:00+00:00,1.3937499999999998,1.3938,1.39363,1.39373,1638
2026-08-13T05:15:00+00:00,1.39373,1.3938599999999999,1.3937099999999998,1.3937899999999999,1414
2026-08-13T05:30:00+00:00,1.3937899999999999,1.39394,1.3936799999999998,1.3938499999999998,1184
2026-08-13T05:45:00+00:00,1.3938499999999998,1.39394,1.39367,1.3937799999999998,1099
2026-08-13T06:00:00+00:00,1.3937799999999998,1.3943499999999998,1.3936399999999998,1.3942199999999998,1389
2026-08-13T06:15:00+00:00,1.3942199999999998,1.3943999999999999,1.3940899999999998,1.3943499999999998,1615
2026-08-13T06:30:00+00:00,1.3943499999999998,1.3950399999999998,1.3943199999999998,1.3948299999999998,2179
2026-08-13T06:45:00+00:00,1.3948299999999998,1.39492,1.39451,1.3946299999999998,1913
2026-08-13T07:00:00+00:00,1.3946299999999998,1.39471,1.3942899999999998,1.39458,2295
2026-08-13T07:15:00+00:00,1.39458,1.3947399999999999,1.3943599999999998,1.3944899999999998,2350
2026-08-13T07:30:00+00:00,1.3944899999999998,1.3947299999999998,1.3943899999999998,1.3945299999999998,2090
2026-08-13T07:45:00+00:00,1.3945299999999998,1.3946899999999998,1.3942999999999999,1.3944699999999999,2189
2026-08-13T08:00:00+00:00,1.3944699999999999,1.3946299999999998,1.3942899999999998,1.39441,1827
2026-08-13T08:15:00+00:00,1.39441,1.3947399999999999,1.39427,1.3946699999999999,1533
2026-08-13T08:30:00+00:00,1.3946699999999999,1.3947999999999998,1.39441,1.3944199999999998,1401
2026-08-13T08:45:00+00:00,1.3944199999999998,1.3946299999999998,1.3943499999999998,1.3945599999999998,860
2026-08-13T09:00:00+00:00,1.3945599999999998,1.3947999999999998,1.39434,1.39444,1301
2026-08-13T09:15:00+00:00,1.39444,1.39444,1.3937199999999998,1.39373,1670
2026-08-13T09:30:00+00:00,1.39373,1.3939199999999998,1.3936399999999998,1.3937499999999998,1244
2026-08-13T09:45:00+00:00,1.3937499999999998,1.3937499999999998,1.3930399999999998,1.3930999999999998,1641
2026-08-13T10:00:00+00:00,1.3930999999999998,1.39322,1.3929299999999998,1.3931699999999998,2066
2026-08-13T10:15:00+00:00,1.3931699999999998,1.3932799999999999,1.3929699999999998,1.39306,1724
2026-08-13T10:30:00+00:00,1.39306,1.3931699999999998,1.3927699999999998,1.3931499999999999,1722
2026-08-13T10:45:00+00:00,1.3931499999999999,1.3934199999999999,1.3931399999999998,1.39326,1788
2026-08-13T11:00:00+00:00,1.39326,1.39346,1.39312,1.3931399999999998,1265
2026-08-13T11:15:00+00:00,1.3931399999999998,1.39339,1.3931099999999998,1.39322,1108
2026-08-13T11:30:00+00:00,1.39322,1.39339,1.39306,1.3933099999999998,1059
2026-08-13T11:45:00+00:00,1.3933099999999998,1.3937799999999998,1.3931999999999998,1.3937599999999999,1337
2026-08-13T12:00:00+00:00,1.3937599999999999,1.39417,1.3936499999999998,1.39404,1746
2026-08-13T12:15:00+00:00,1.39404,1.3941299999999999,1.3937099999999998,1.3939,1299
2026-08-13T12:30:00+00:00,1.3939,1.3943499999999998,1.39322,1.3933699999999998,3345
2026-08-13T12:45:00+00:00,1.3933699999999998,1.3934399999999998,1.39228,1.3923599999999998,3491
2026-08-13T13:00:00+00:00,1.3923599999999998,1.39271,1.3921499999999998,1.3922899999999998,3412
2026-08-13T13:15:00+00:00,1.3922899999999998,1.3928999999999998,1.39217,1.39285,2478
2026-08-13T13:30:00+00:00,1.39285,1.3934499999999999,1.3928399999999999,1.39316,3571
2026-08-13T13:45:00+00:00,1.39316,1.39451,1.3931299999999998,1.39448,4031
2026-08-13T14:00:00+00:00,1.39448,1.39461,1.3937099999999998,1.3938099999999998,3963
2026-08-13T14:15:00+00:00,1.3938099999999998,1.3938199999999998,1.39312,1.3934399999999998,4005
2026-08-13T14:30:00+00:00,1.3934399999999998,1.3939899999999998,1.3932999999999998,1.3936099999999998,3076
2026-08-13T14:45:00+00:00,1.3936099999999998,1.3939199999999998,1.3931499999999999,1.3935799999999998,2769
2026-08-13T15:00:00+00:00,1.3935799999999998,1.39366,1.3929999999999998,1.39326,2928
2026-08-13T15:15:00+00:00,1.39326,1.3936899999999999,1.39288,1.3932699999999998,2776
2026-08-13T15:30:00+00:00,1.3932699999999998,1.3934699999999998,1.3928699999999998,1.3929299999999998,2220
2026-08-13T15:45:00+00:00,1.3929299999999998,1.39316,1.3927299999999998,1.39292,1833
2026-08-13T16:00:00+00:00,1.39292,1.3931399999999998,1.3927399999999999,1.3930399999999998,1805
2026-08-13T16:15:00+00:00,1.3930399999999998,1.39326,1.3925199999999998,1.39254,1531
2026-08-13T16:30:00+00:00,1.39254,1.39262,1.3922499999999998,1.39235,1541
2026-08-13T16:45:00+00:00,1.39235,1.39251,1.3922499999999998,1.3923599999999998,1424
2026-08-13T17:00:00+00:00,1.3923599999999998,1.39265,1.39218,1.3923999999999999,1960
2026-08-13T17:15:00+00:00,1.3923999999999999,1.3929399999999998,1.3922499999999998,1.3928999999999998,1679
2026-08-13T17:30:00+00:00,1.3928999999999998,1.3929399999999998,1.3923699999999999,1.39241,1672
2026-08-13T17:45:00+00:00,1.39241,1.39289,1.39234,1.3928299999999998,1332
2026-08-13T18:00:00+00:00,1.3928299999999998,1.3930799999999999,1.3927299999999998,1.39278,1514
2026-08-13T18:15:00+00:00,1.39278,1.39296,1.3926599999999998,1.39275,1427
2026-08-13T18:30:00+00:00,1.39275,1.3929299999999998,1.39265,1.39285,1491
2026-08-13T18:45:00+00:00,1.39285,1.3929099999999999,1.3926599999999998,1.3927699999999998,1603
2026-08-13T19:00:00+00:00,1.3927699999999998,1.3927699999999998,1.39254,1.39258,1312
2026-08-13T19:15:00+00:00,1.39258,1.39261,1.3922999999999999,1.39241,1026
2026-08-13T19:30:00+00:00,1.39241,1.3926399999999999,1.39234,1.39262,1224
2026-08-13T19:45:00+00:00,1.39262,1.39268,1.3920199999999998,1.3920499999999998,1457
2026-08-13T20:00:00+00:00,1.3920499999999998,1.3924999999999998,1.3919799999999998,1.3922899999999998,755
2026-08-13T20:15:00+00:00,1.3922899999999998,1.3923599999999998,1.3921899999999998,1.39227,553
2026-08-13T20:30:00+00:00,1.39227,1.3925999999999998,1.39224,1.3925899999999998,593
2026-08-13T20:45:00+00:00,1.3925899999999998,1.3925899999999998,1.39218,1.39221,793
2026-08-13T21:00:00+00:00,1.39221,1.39221,1.39177,1.3919899999999998,90.25478996201817
2026-08-13T21:15:00+00:00,1.3919899999999998,1.39254,1.3919899999999998,1.3920099999999997,121.13686131386862
2026-08-13T21:30:00+00:00,1.3920099999999997,1.3921499999999998,1.3918699999999997,1.3921399999999997,244
2026-08-13T21:45:00+00:00,1.3921399999999997,1.3924099999999997,1.3921099999999997,1.3922299999999999,184
2026-08-13T22:00:00+00:00,1.3922299999999999,1.3923799999999997,1.3919199999999998,1.3923499999999998,338
2026-08-13T22:15:00+00:00,1.3923499999999998,1.3924099999999997,1.3922099999999997,1.3923099999999997,228
2026-08-13T22:30:00+00:00,1.3923099999999997,1.39234,1.3922299999999999,1.3922399999999997,225
2026-08-13T22:45:00+00:00,1.3922399999999997,1.3922799999999997,1.3921099999999997,1.39217,328
2026-08-13T23:00:00+00:00,1.39217,1.3922299999999999,1.3918599999999999,1.3919499999999998,563
2026-08-13T23:15:00+00:00,1.3919499999999998,1.39227,1.3919399999999997,1.3921299999999999,322
2026-08-13T23:30:00+00:00,1.3921299999999999,1.3922399999999997,1.3919399999999997,1.3919899999999998,589
2026-08-13T23:45:00+00:00,1.3919899999999998,1.392,1.3918399999999997,1.3919399999999997,804
2026-08-14T00:00:00+00:00,1.3919399999999997,1.3919799999999998,1.3914599999999997,1.3916199999999999,2075
2026-08-14T00:15:00+00:00,1.3916199999999999,1.3916699999999997,1.3914099999999998,1.3914799999999998,2186
2026-08-14T00:30:00+00:00,1.3914799999999998,1.3915499999999998,1.3914099999999998,1.3914999999999997,1763
2026-08-14T00:45:00+00:00,1.3914999999999997,1.39156,1.3912499999999999,1.3912999999999998,1538
2026-08-14T01:00:00+00:00,1.3912999999999998,1.3920299999999999,1.3912899999999997,1.3919799999999998,1786
2026-08-14T01:15:00+00:00,1.3919799999999998,1.3922199999999998,1.3918999999999997,1.3920599999999999,1763
2026-08-14T01:30:00+00:00,1.3920599999999999,1.3921099999999997,1.3917799999999998,1.3919499999999998,1453
2026-08-14T01:45:00+00:00,1.3919499999999998,1.3921199999999998,1.3918099999999998,1.3921199999999998,1520
2026-08-14T02:00:00+00:00,1.3921199999999998,1.3921599999999998,1.3918399999999997,1.3918599999999999,1631
2026-08-14T02:15:00+00:00,1.3918599999999999,1.3918599999999999,1.3915999999999997,1.3917899999999999,1389
2026-08-14T02:30:00+00:00,1.3917899999999999,1.3918199999999998,1.3913999999999997,1.3914499999999999,1467
2026-08-14T02:45:00+00:00,1.3914499999999999,1.3917399999999998,1.3914399999999998,1.3916699999999997,1713
2026-08-14T03:00:00+00:00,1.3916699999999997,1.3917099999999998,1.3915699999999998,1.3915999999999997,1466
2026-08-14T03:15:00+00:00,1.3915999999999997,1.3916399999999998,1.3913099999999998,1.39132,1743
2026-08-14T03:30:00+00:00,1.39132,1.3915199999999999,1.3912099999999998,1.3914299999999997,1516
2026-08-14T03:45:00+00:00,1.3914299999999997,1.3914699999999998,1.3911999999999998,1.3912299999999997,1514
2026-08-14T04:00:00+00:00,1.3912299999999997,1.3912499999999999,1.3909999999999998,1.3911199999999997,913
2026-08-14T04:15:00+00:00,1.3911199999999997,1.3913699999999998,1.3910999999999998,1.3913099999999998,940
2026-08-14T04:30:00+00:00,1.3913099999999998,1.3913799999999998,1.3910299999999998,1.3911799999999999,1513
2026-08-14T04:45:00+00:00,1.3911799999999999,1.3911899999999997,1.3909899999999997,1.3910799999999999,1204
2026-08-14T05:00:00+00:00,1.3910799999999999,1.3911199999999997,1.3908199999999997,1.39088,1122
2026-08-14T05:15:00+00:00,1.39088,1.3908899999999997,1.3907399999999999,1.3907699999999998,893
2026-08-14T05:30:00+00:00,1.3907699999999998,1.3908099999999999,1.39034,1.3905699999999999,1634
2026-08-14T05:45:00+00:00,1.3905699999999999,1.3906299999999998,1.3903199999999998,1.3903599999999998,1585
2026-08-14T06:00:00+00:00,1.3903599999999998,1.3903999999999999,1.3901599999999998,1.39034,1748
2026-08-14T06:15:00+00:00,1.39034,1.39034,1.3901499999999998,1.3901799999999997,1586
2026-08-14T06:30:00+00:00,1.3901799999999997,1.3901999999999999,1.3896699999999997,1.3897599999999999,1444
2026-08-14T06:45:00+00:00,1.3897599999999999,1.3898199999999998,1.3894799999999998,1.3894999999999997,1276
2026-08-14T07:00:00+00:00,1.3894999999999997,1.3895799999999998,1.3886199999999997,1.3887299999999998,2381
2026-08-14T07:15:00+00:00,1.3887299999999998,1.3890299999999998,1.3885899999999998,1.3888299999999998,1620
2026-08-14T07:30:00+00:00,1.3888299999999998,1.38895,1.3883299999999998,1.3884499999999997,1473
2026-08-14T07:45:00+00:00,1.3884499999999997,1.3884499999999997,1.3880599999999998,1.3881199999999998,1466
2026-08-14T08:00:00+00:00,1.3881199999999998,1.3882299999999999,1.3877899999999999,1.3881,2063
2026-08-14T08:15:00+00:00,1.3881,1.3884999999999998,1.388,1.3884299999999998,2040
2026-08-14T08:30:00+00:00,1.3884299999999998,1.3885499999999997,1.3881799999999997,1.3883199999999998,2128
2026-08-14T08:45:00+00:00,1.3883199999999998,1.3885299999999998,1.3882899999999998,1.3883699999999999,1578
2026-08-14T09:00:00+00:00,1.3883699999999999,1.3883899999999998,1.3881,1.3883199999999998,1985
2026-08-14T09:15:00+00:00,1.3883199999999998,1.3884299999999998,1.3881999999999999,1.3882499999999998,1315
2026-08-14T09:30:00+00:00,1.3882499999999998,1.3884299999999998,1.3881899999999998,1.3882399999999997,1184
2026-08-14T09:45:00+00:00,1.3882399999999997,1.3882799999999997,1.3880899999999998,1.3880899999999998,2004
2026-08-14T10:00:00+00:00,1.3880899999999998,1.3882299999999999,1.3879099999999998,1.3880899999999998,1574
2026-08-14T10:15:00+00:00,1.3880899999999998,1.3881,1.3878499999999998,1.3879199999999998,1322
2026-08-14T10:30:00+00:00,1.3879199999999998,1.3881599999999998,1.3879199999999998,1.3880699999999997,1008
2026-08-14T10:45:00+00:00,1.3880699999999997,1.3881599999999998,1.3879699999999997,1.3880299999999999,962
2026-08-14T11:00:00+00:00,1.3880299999999999,1.3880299999999999,1.3875199999999999,1.3876299999999997,1541
2026-08-14T11:15:00+00:00,1.3876299999999997,1.3878499999999998,1.3872599999999997,1.3875699999999997,1763
2026-08-14T11:30:00+00:00,1.3875699999999997,1.3875899999999999,1.3871699999999998,1.3874299999999997,2165
2026-08-14T11:45:00+00:00,1.3874299999999997,1.3876699999999997,1.3872799999999998,1.3874199999999999,2378
2026-08-14T12:00:00+00:00,1.3874199999999999,1.3874399999999998,1.3863799999999997,1.3869599999999997,3013
2026-08-14T12:15:00+00:00,1.3869599999999997,1.3870599999999997,1.3863099999999997,1.3863799999999997,2255
2026-08-14T12:30:00+00:00,1.3863799999999997,1.38739,1.3858799999999998,1.38739,2923
2026-08-14T12:45:00+00:00,1.38739,1.3874799999999998,1.3868299999999998,1.3873199999999999,2730
2026-08-14T13:00:00+00:00,1.3873199999999999,1.3875399999999998,1.3870599999999997,1.3871799999999999,2193
2026-08-14T13:15:00+00:00,1.3871799999999999,1.3873699999999998,1.3869599999999997,1.3870599999999997,2020
2026-08-14T13:30:00+00:00,1.3870599999999997,1.3872699999999998,1.3860799999999998,1.3861799999999997,3718
2026-08-14T13:45:00+00:00,1.3861799999999997,1.3863299999999998,1.3858199999999998,1.3860499999999998,3103
2026-08-14T14:00:00+00:00,1.3860499999999998,1.3866899999999998,1.3855999999999997,1.3866899999999998,3120
2026-08-14T14:15:00+00:00,1.3866899999999998,1.3868599999999998,1.3859299999999999,1.3861299999999999,2843
2026-08-14T14:30:00+00:00,1.3861299999999999,1.3869399999999998,1.3860899999999998,1.3865799999999997,2747
2026-08-14T14:45:00+00:00,1.3865799999999997,1.3872599999999997,1.3865699999999999,1.3871099999999998,3640
2026-08-14T15:00:00+00:00,1.3871099999999998,1.3872099999999998,1.3864899999999998,1.38688,3417
2026-08-14T15:15:00+00:00,1.38688,1.3872899999999997,1.3868099999999999,1.3868999999999998,2629
2026-08-14T15:30:00+00:00,1.3868999999999998,1.3868999999999998,1.3864099999999997,1.3864499999999997,2549
2026-08-14T15:45:00+00:00,1.3864499999999997,1.3865599999999998,1.3858199999999998,1.3865399999999999,2365
2026-08-14T16:00:00+00:00,1.3865399999999999,1.3868199999999997,1.3862599999999998,1.3867899999999997,1798
2026-08-14T16:15:00+00:00,1.3867899999999997,1.3867999999999998,1.3863099999999997,1.3864699999999999,1807
2026-08-14T16:30:00+00:00,1.3864699999999999,1.3867299999999998,1.3859799999999998,1.3865399999999999,1618
2026-08-14T16:45:00+00:00,1.3865399999999999,1.3865899999999998,1.3862599999999998,1.3864599999999998,1597
2026-08-14T17:00:00+00:00,1.3864599999999998,1.3870999999999998,1.3864299999999998,1.3870099999999999,1510
2026-08-14T17:15:00+00:00,1.3870099999999999,1.3872099999999998,1.3867299999999998,1.3867499999999997,1392
2026-08-14T17:30:00+00:00,1.3867499999999997,1.3871299999999998,1.3866399999999999,1.3871299999999998,1583
2026-08-14T17:45:00+00:00,1.3871299999999998,1.3872899999999997,1.3869599999999997,1.3869699999999998,1107
2026-08-14T18:00:00+00:00,1.3869699999999998,1.3870699999999998,1.3868299999999998,1.3870299999999998,1260
2026-08-14T18:15:00+00:00,1.3870299999999998,1.38705,1.3866699999999998,1.3866799999999997,1234
2026-08-14T18:30:00+00:00,1.3866799999999997,1.3868899999999997,1.3865499999999997,1.3866699999999998,1072
2026-08-14T18:45:00+00:00,1.3866699999999998,1.3868599999999998,1.3865699999999999,1.3868599999999998,926
2026-08-14T19:00:00+00:00,1.3868599999999998,1.3870399999999998,1.3865199999999998,1.3866899999999998,1151
2026-08-14T19:15:00+00:00,1.3866899999999998,1.3867899999999997,1.3864699999999999,1.3865699999999999,968
2026-08-14T19:30:00+00:00,1.3865699999999999,1.3868899999999997,1.3865499999999997,1.3867899999999997,773
2026-08-14T19:45:00+00:00,1.3867899999999997,1.3869799999999999,1.3866399999999999,1.3868299999999998,848
2026-08-14T20:00:00+00:00,1.3868299999999998,1.3869199999999997,1.3865299999999998,1.3867999999999998,663
2026-08-14T20:15:00+00:00,1.3867999999999998,1.3869699999999998,1.3865199999999998,1.3865599999999998,601
2026-08-14T20:30:00+00:00,1.3865599999999998,1.3867299999999998,1.3864499999999997,1.3864599999999998,460
2026-08-14T20:45:00+00:00,1.3864599999999998,1.3865599999999998,1.3861799999999997,1.3864299999999998,1003.8141025641025
2026-08-16T21:00:00+00:00,1.3864299999999998,1.38669,1.3864299999999998,1.38661,68.05734022741701
2026-08-16T21:15:00+00:00,1.38661,1.3866999999999998,1.3863299999999998,1.3865999999999998,64.96581251742569
2026-08-16T21:30:00+00:00,1.3865999999999998,1.38668,1.38635,1.38642,529
2026-08-16T21:45:00+00:00,1.38642,1.3864399999999997,1.38627,1.3864099999999997,438.9915084143894
2026-08-16T22:00:00+00:00,1.3864099999999997,1.3869599999999997,1.3864099999999997,1.3868999999999998,876
2026-08-16T22:15:00+00:00,1.3868999999999998,1.3869099999999999,1.3865999999999998,1.3867199999999997,281
2026-08-16T22:30:00+00:00,1.3867199999999997,1.3867199999999997,1.3865199999999998,1.3866699999999998,365
2026-08-16T22:45:00+00:00,1.3866699999999998,1.3866899999999998,1.3864899999999998,1.3864899999999998,181
2026-08-16T23:00:00+00:00,1.3864899999999998,1.3865299999999998,1.38644,1.3864699999999999,258
2026-08-16T23:15:00+00:00,1.3864699999999999,1.3867299999999998,1.3864299999999998,1.3867199999999997,279
2026-08-16T23:30:00+00:00,1.3867199999999997,1.3867299999999998,1.3865099999999997,1.3865599999999998,364
2026-08-16T23:45:00+00:00,1.3865599999999998,1.3867399999999999,1.38644,1.3866699999999998,418
2026-08-17T00:00:00+00:00,1.3866699999999998,1.3866799999999997,1.3860399999999997,1.3861099999999997,2032
2026-08-17T00:15:00+00:00,1.3861099999999997,1.3861899999999998,1.3858599999999999,1.3859499999999998,1183
2026-08-17T00:30:00+00:00,1.3859499999999998,1.3861499999999998,1.3858199999999998,1.3861299999999999,1263
2026-08-17T00:45:00+00:00,1.3861299999999999,1.3862799999999997,1.3860799999999998,1.3860999999999999,1422
2026-08-17T01:00:00+00:00,1.3860999999999999,1.3865499999999997,1.3860499999999998,1.3864099999999997,1960
2026-08-17T01:15:00+00:00,1.3864099999999997,1.3865899999999998,1.3861999999999999,1.3863099999999997,1630
2026-08-17T01:30:00+00:00,1.3863099999999997,1.3866399999999999,1.3862099999999997,1.3862199999999998,1575
2026-08-17T01:45:00+00:00,1.3862199999999998,1.3862999999999999,1.3860499999999998,1.3860999999999999,1107
2026-08-17T02:00:00+00:00,1.3860999999999999,1.3861999999999999,1.3860099999999997,1.3860599999999998,905
2026-08-17T02:15:00+00:00,1.3860599999999998,1.3861499999999998,1.3859299999999999,1.3859399999999997,846
2026-08-17T02:30:00+00:00,1.3859399999999997,1.3862399999999997,1.3858899999999998,1.3861999999999999,890
2026-08-17T02:45:00+00:00,1.3861999999999999,1.3862899999999998,1.3861299999999999,1.3862599999999998,1359
2026-08-17T03:00:00+00:00,1.3862599999999998,1.3864099999999997,1.3861899999999998,1.38627,1290
2026-08-17T03:15:00+00:00,1.38627,1.3862999999999999,1.3860999999999999,1.3861999999999999,864
2026-08-17T03:30:00+00:00,1.3861999999999999,1.3863299999999998,1.3860799999999998,1.3861799999999997,946
2026-08-17T03:45:00+00:00,1.3861799999999997,1.3861899999999998,1.3859299999999999,1.3859399999999997,960
2026-08-17T04:00:00+00:00,1.3859399999999997,1.386,1.3856299999999997,1.3857399999999997,1304
2026-08-17T04:15:00+00:00,1.3857399999999997,1.3858599999999999,1.3857199999999998,1.3857999999999997,957
2026-08-17T04:30:00+00:00,1.3857999999999997,1.3858599999999999,1.3856799999999998,1.3856999999999997,1092
2026-08-17T04:45:00+00:00,1.3856999999999997,1.3858999999999997,1.3856899999999999,1.3858699999999997,630
2026-08-17T05:00:00+00:00,1.3858699999999997,1.3859499999999998,1.3857099999999998,1.3858499999999998,984
2026-08-17T05:15:00+00:00,1.3858499999999998,1.3858799999999998,1.3854999999999997,1.3855299999999997,853
2026-08-17T05:30:00+00:00,1.3855299999999997,1.3857299999999997,1.3854899999999999,1.3855999999999997,1492
2026-08-17T05:45:00+00:00,1.3855999999999997,1.3857599999999999,1.3854399999999998,1.3857099999999998,1468
2026-08-17T06:00:00+00:00,1.3857099999999998,1.3861099999999997,1.38556,1.3859699999999997,1687
2026-08-17T06:15:00+00:00,1.3859699999999997,1.3859899999999998,1.3854999999999997,1.3855199999999999,1270
2026-08-17T06:30:00+00:00,1.3855199999999999,1.3858499999999998,1.3855099999999998,1.3857899999999999,1172
2026-08-17T06:45:00+00:00,1.3857899999999999,1.3858499999999998,1.38522,1.3852599999999997,1449
2026-08-17T07:00:00+00:00,1.3852599999999997,1.3855499999999998,1.3852299999999997,1.3853599999999997,1686
2026-08-17T07:15:00+00:00,1.3853599999999997,1.38539,1.38495,1.3849799999999999,1297
2026-08-17T07:30:00+00:00,1.3849799999999999,1.3850799999999999,1.3847299999999998,1.3847699999999998,2163
2026-08-17T07:45:00+00:00,1.3847699999999998,1.3851999999999998,1.3847199999999997,1.3851699999999998,1674
2026-08-17T08:00:00+00:00,1.3851699999999998,1.3852899999999997,1.3849999999999998,1.3850699999999998,1451
2026-08-17T08:15:00+00:00,1.3850699999999998,1.3851099999999998,1.3846799999999997,1.3847099999999999,1496
2026-08-17T08:30:00+00:00,1.3847099999999999,1.3850599999999997,1.3846799999999997,1.3850099999999999,1220
2026-08-17T08:45:00+00:00,1.3850099999999999,1.3855799999999998,1.3849399999999998,1.3852699999999998,2156
2026-08-17T09:00:00+00:00,1.3852699999999998,1.3854399999999998,1.38505,1.3852099999999998,1517
2026-08-17T09:15:00+00:00,1.3852099999999998,1.3853399999999998,1.3850299999999998,1.3850599999999997,1008
2026-08-17T09:30:00+00:00,1.3850599999999997,1.3852099999999998,1.3848599999999998,1.38495,1307
2026-08-17T09:45:00+00:00,1.38495,1.3852099999999998,1.3849299999999998,1.3851699999999998,1060
2026-08-17T10:00:00+00:00,1.3851699999999998,1.3853599999999997,1.3850699999999998,1.3851699999999998,1207
2026-08-17T10:15:00+00:00,1.3851699999999998,1.3852999999999998,1.3850099999999999,1.3852399999999998,1352
2026-08-17T10:30:00+00:00,1.3852399999999998,1.3853399999999998,1.3850699999999998,1.3851999999999998,1710
2026-08-17T10:45:00+00:00,1.3851999999999998,1.3855799999999998,1.3851499999999999,1.3855299999999997,1310
2026-08-17T11:00:00+00:00,1.3855299999999997,1.3856299999999997,1.3852799999999998,1.3854599999999997,1295
2026-08-17T11:15:00+00:00,1.3854599999999997,1.3857099999999998,1.3854399999999998,1.3855699999999997,1164
2026-08-17T11:30:00+00:00,1.3855699999999997,1.3860499999999998,1.3855499999999998,1.3860399999999997,948
2026-08-17T11:45:00+00:00,1.3860399999999997,1.38617,1.38556,1.3856399999999998,1406
2026-08-17T12:00:00+00:00,1.3856399999999998,1.3856799999999998,1.3851699999999998,1.3854499999999998,1768
2026-08-17T12:15:00+00:00,1.3854499999999998,1.3855499999999998,1.3847899999999997,1.38522,1923
2026-08-17T12:30:00+00:00,1.38522,1.3853799999999998,1.38461,1.3847099999999999,2483
2026-08-17T12:45:00+00:00,1.3847099999999999,1.3848699999999998,1.3845199999999998,1.3845899999999998,2165
2026-08-17T13:00:00+00:00,1.3845899999999998,1.3853499999999999,1.3845199999999998,1.3851099999999998,2648
2026-08-17T13:15:00+00:00,1.3851099999999998,1.3852999999999998,1.3848699999999998,1.3849799999999999,2245
2026-08-17T13:30:00+00:00,1.3849799999999999,1.3851599999999997,1.3846699999999998,1.3848999999999998,2575
2026-08-17T13:45:00+00:00,1.3848999999999998,1.3851699999999998,1.3846599999999998,1.3846699999999998,2532
2026-08-17T14:00:00+00:00,1.3846699999999998,1.3848299999999998,1.3840599999999998,1.38427,2580
2026-08-17T14:15:00+00:00,1.38427,1.3847099999999999,1.3839199999999998,1.3845999999999998,2596
2026-08-17T14:30:00+00:00,1.3845999999999998,1.3849099999999999,1.3843899999999998,1.3847999999999998,2037
2026-08-17T14:45:00+00:00,1.3847999999999998,1.38627,1.3847999999999998,1.3862499999999998,3708
2026-08-17T15:00:00+00:00,1.3862499999999998,1.3866299999999998,1.3860299999999999,1.3864899999999998,2484
2026-08-17T15:15:00+00:00,1.3864899999999998,1.3868999999999998,1.3863799999999997,1.3865199999999998,1935
2026-08-17T15:30:00+00:00,1.3865199999999998,1.3868199999999997,1.3859899999999998,1.3867599999999998,1820
2026-08-17T15:45:00+00:00,1.3867599999999998,1.3867599999999998,1.3861899999999998,1.3862999999999999,1665
2026-08-17T16:00:00+00:00,1.3862999999999999,1.3866999999999998,1.3862499999999998,1.3866899999999998,1587
2026-08-17T16:15:00+00:00,1.3866899999999998,1.3867199999999997,1.3862199999999998,1.3862999999999999,1374
2026-08-17T16:30:00+00:00,1.3862999999999999,1.3865199999999998,1.3862299999999999,1.3864499999999997,1252
2026-08-17T16:45:00+00:00,1.3864499999999997,1.3864599999999998,1.3861899999999998,1.3863799999999997,973
2026-08-17T17:00:00+00:00,1.3863799999999997,1.3865899999999998,1.3863799999999997,1.38644,1043
2026-08-17T17:15:00+00:00,1.38644,1.3865599999999998,1.3861199999999998,1.3861299999999999,1292
2026-08-17T17:30:00+00:00,1.3861299999999999,1.3868699999999998,1.3860899999999998,1.3865099999999997,1453
2026-08-17T17:45:00+00:00,1.3865099999999997,1.3865999999999998,1.3863999999999999,1.3864999999999998,929
2026-08-17T18:00:00+00:00,1.3864999999999998,1.3865999999999998,1.3863099999999997,1.3864299999999998,1231
2026-08-17T18:15:00+00:00,1.3864299999999998,1.3868599999999998,1.3863499999999997,1.3867399999999999,1267
2026-08-17T18:30:00+00:00,1.3867399999999999,1.3871799999999999,1.3867199999999997,1.3869799999999999,1499
2026-08-17T18:45:00+00:00,1.3869799999999999,1.3871799999999999,1.3868099999999999,1.3870899999999997,1200
2026-08-17T19:00:00+00:00,1.3870899999999997,1.3872299999999997,1.3868399999999999,1.3868999999999998,1235
2026-08-17T19:15:00+00:00,1.3868999999999998,1.3869199999999997,1.3866999999999998,1.3867099999999999,1013
2026-08-17T19:30:00+00:00,1.3867099999999999,1.3868999999999998,1.3866299999999998,1.3866399999999999,798
2026-08-17T19:45:00+00:00,1.3866399999999999,1.3868599999999998,1.3866399999999999,1.3868199999999997,779
2026-08-17T20:00:00+00:00,1.3868199999999997,1.3870299999999998,1.3866799999999997,1.3870099999999999,543
2026-08-17T20:15:00+00:00,1.3870099999999999,1.3870599999999997,1.38678,1.3868599999999998,582
2026-08-17T20:30:00+00:00,1.3868599999999998,1.3870999999999998,1.3868099999999999,1.3870799999999999,439
2026-08-17T20:45:00+00:00,1.3870799999999999,1.3870999999999998,1.3868299999999998,1.3868399999999999,897
2026-08-17T21:00:00+00:00,1.3868399999999999,1.3868399999999999,1.3857899999999996,1.3859499999999998,80.89199333285461
2026-08-17T21:15:00+00:00,1.3859499999999998,1.3866299999999998,1.3859499999999998,1.3865899999999998,146
2026-08-17T21:30:00+00:00,1.3865899999999998,1.38688,1.3865599999999998,1.3868499999999997,139
2026-08-17T21:45:00+00:00,1.3868499999999997,1.3868999999999998,1.3867699999999998,1.3867999999999998,59.8312125748503
2026-08-17T22:00:00+00:00,1.3867999999999998,1.3870799999999999,1.3867699999999998,1.3868899999999997,385
2026-08-17T22:15:00+00:00,1.3868899999999997,1.3869499999999997,1.3866999999999998,1.3867599999999998,230
2026-08-17T22:30:00+00:00,1.3867599999999998,1.3867999999999998,1.3865999999999998,1.3866199999999997,214
2026-08-17T22:45:00+00:00,1.3866199999999997,1.3867399999999999,1.3865999999999998,1.38661,245
2026-08-17T23:00:00+00:00,1.38661,1.3867199999999997,1.3864999999999998,1.3865599999999998,301
2026-08-17T23:15:00+00:00,1.3865599999999998,1.3866399999999999,1.3865499999999997,1.3865699999999999,343
2026-08-17T23:30:00+00:00,1.3865699999999999,1.3867099999999999,1.3865099999999997,1.3865399999999999,490
2026-08-17T23:45:00+00:00,1.3865399999999999,1.3865499999999997,1.3864099999999997,1.3865099999999997,647
2026-08-18T00:00:00+00:00,1.3865099999999997,1.3865099999999997,1.3860399999999997,1.3863599999999998,1520
2026-08-18T00:15:00+00:00,1.3863599999999998,1.3868099999999999,1.3862499999999998,1.3867599999999998,1014
2026-08-18T00:30:00+00:00,1.3867599999999998,1.3869699999999998,1.38644,1.3865599999999998,812
2026-08-18T00:45:00+00:00,1.3865599999999998,1.3866799999999997,1.38644,1.3864799999999997,934
2026-08-18T01:00:00+00:00,1.3864799999999997,1.3866199999999997,1.3862399999999997,1.3862899999999998,2025
2026-08-18T01:15:00+00:00,1.3862899999999998,1.3868299999999998,1.3862899999999998,1.3866399999999999,2040
2026-08-18T01:30:00+00:00,1.3866399999999999,1.3866399999999999,1.3862599999999998,1.3865099999999997,964
2026-08-18T01:45:00+00:00,1.3865099999999997,1.3867399999999999,1.38644,1.3865699999999999,1115
2026-08-18T02:00:00+00:00,1.3865699999999999,1.3866799999999997,1.3864599999999998,1.3865899999999998,1217
2026-08-18T02:15:00+00:00,1.3865899999999998,1.3866699999999998,1.38644,1.3864699999999999,1224
2026-08-18T02:30:00+00:00,1.3864699999999999,1.3865699999999999,1.38627,1.3862899999999998,1265
2026-08-18T02:45:00+00:00,1.3862899999999998,1.3863299999999998,1.3860299999999999,1.3860499999999998,838
2026-08-18T03:00:00+00:00,1.3860499999999998,1.3863199999999998,1.3860499999999998,1.3861599999999998,997
2026-08-18T03:15:00+00:00,1.3861599999999998,1.3864899999999998,1.3861599999999998,1.3863799999999997,1175
2026-08-18T03:30:00+00:00,1.3863799999999997,1.3867699999999998,1.3863599999999998,1.3865499999999997,1527
2026-08-18T03:45:00+00:00,1.3865499999999997,1.3869499999999997,1.3865399999999999,1.3866999999999998,1209
2026-08-18T04:00:00+00:00,1.3866999999999998,1.3871299999999998,1.3866299999999998,1.3870899999999997,1434
2026-08-18T04:15:00+00:00,1.3870899999999997,1.3871999999999998,1.38678,1.3868899999999997,1245
2026-08-18T04:30:00+00:00,1.3868899999999997,1.3871299999999998,1.3868099999999999,1.3869099999999999,984
2026-08-18T04:45:00+00:00,1.3869099999999999,1.3870699999999998,1.3868399999999999,1.3870699999999998,783
2026-08-18T05:00:00+00:00,1.3870699999999998,1.3872499999999999,1.3869899999999997,1.3872299999999997,814
2026-08-18T05:15:00+00:00,1.3872299999999997,1.3873099999999998,1.3870299999999998,1.3870799999999999,917
2026-08-18T05:30:00+00:00,1.3870799999999999,1.3871799999999999,1.3870199999999997,1.3871099999999998,736
2026-08-18T05:45:00+00:00,1.3871099999999998,1.3871299999999998,1.3868699999999998,1.3869799999999999,662
2026-08-18T06:00:00+00:00,1.3869799999999999,1.3870699999999998,1.3864099999999997,1.3865499999999997,1788
2026-08-18T06:15:00+00:00,1.3865499999999997,1.38678,1.3863299999999998,1.3863499999999997,1229
2026-08-18T06:30:00+00:00,1.3863499999999997,1.3868499999999997,1.3862599999999998,1.3866699999999998,1508
2026-08-18T06:45:00+00:00,1.3866699999999998,1.3871799999999999,1.3865799999999997,1.3866799999999997,1613
2026-08-18T07:00:00+00:00,1.3866799999999997,1.3867299999999998,1.3860899999999998,1.3865799999999997,1978
2026-08-18T07:15:00+00:00,1.3865799999999997,1.3868499999999997,1.3863799999999997,1.3864599999999998,1595
2026-08-18T07:30:00+00:00,1.3864599999999998,1.3864799999999997,1.3859399999999997,1.3861399999999997,1318
2026-08-18T07:45:00+00:00,1.3861399999999997,1.3861799999999997,1.38583,1.3860199999999998,1432
2026-08-18T08:00:00+00:00,1.3860199999999998,1.3864299999999998,1.3859599999999999,1.3861899999999998,2002
2026-08-18T08:15:00+00:00,1.3861899999999998,1.3865899999999998,1.3860799999999998,1.3863999999999999,1181
2026-08-18T08:30:00+00:00,1.3863999999999999,1.3866399999999999,1.3862799999999997,1.3862799999999997,1311
2026-08-18T08:45:00+00:00,1.3862799999999997,1.3864199999999998,1.3859699999999997,1.3861999999999999,1278
2026-08-18T09:00:00+00:00,1.3861999999999999,1.3862999999999999,1.386,1.3861599999999998,1483
2026-08-18T09:15:00+00:00,1.3861599999999998,1.3863999999999999,1.3858399999999997,1.3858899999999998,1595
2026-08-18T09:30:00+00:00,1.3858899999999998,1.3862599999999998,1.3856099999999998,1.3860899999999998,1618
2026-08-18T09:45:00+00:00,1.3860899999999998,1.3863499999999997,1.3860499999999998,1.3861499999999998,1302
2026-08-18T10:00:00+00:00,1.3861499999999998,1.3865099999999997,1.3860999999999999,1.3864799999999997,1335
2026-08-18T10:15:00+00:00,1.3864799999999997,1.3865499999999997,1.3862399999999997,1.3862499999999998,1150
2026-08-18T10:30:00+00:00,1.3862499999999998,1.3865999999999998,1.3862399999999997,1.3865499999999997,1174
2026-08-18T10:45:00+00:00,1.3865499999999997,1.3867299999999998,1.38644,1.3867199999999997,1729
2026-08-18T11:00:00+00:00,1.3867199999999997,1.38705,1.3866899999999998,1.3869799999999999,1035
2026-08-18T11:15:00+00:00,1.3869799999999999,1.3871299999999998,1.3867599999999998,1.3869799999999999,887
2026-08-18T11:30:00+00:00,1.3869799999999999,1.3872499999999999,1.3868599999999998,1.3871699999999998,1369
2026-08-18T11:45:00+00:00,1.3871699999999998,1.3872299999999997,1.38688,1.3869299999999998,1417
2026-08-18T12:00:00+00:00,1.3869299999999998,1.3871299999999998,1.3866899999999998,1.3869099999999999,1808
2026-08-18T12:15:00+00:00,1.3869099999999999,1.3870299999999998,1.3865899999999998,1.3868199999999997,1924
2026-08-18T12:30:00+00:00,1.3868199999999997,1.3870399999999998,1.3866699999999998,1.3866799999999997,1664
2026-08-18T12:45:00+00:00,1.3866799999999997,1.3868699999999998,1.3862499999999998,1.3868599999999998,1653
2026-08-18T13:00:00+00:00,1.3868599999999998,1.3868599999999998,1.3861399999999997,1.3862299999999999,1646
2026-08-18T13:15:00+00:00,1.3862299999999999,1.3866299999999998,1.3862299999999999,1.38644,1780
2026-08-18T13:30:00+00:00,1.38644,1.3868299999999998,1.3861799999999997,1.3868099999999999,3274
2026-08-18T13:45:00+00:00,1.3868099999999999,1.3875599999999997,1.3867399999999999,1.3868599999999998,2712
2026-08-18T14:00:00+00:00,1.3868599999999998,1.3871299999999998,1.3863399999999997,1.3865799999999997,3021
2026-08-18T14:15:00+00:00,1.3865799999999997,1.38678,1.3863499999999997,1.3867199999999997,1966
2026-08-18T14:30:00+00:00,1.3867199999999997,1.3874399999999998,1.3867099999999999,1.3871299999999998,1955
2026-08-18T14:45:00+00:00,1.3871299999999998,1.3882199999999998,1.3865699999999999,1.3880799999999998,4363
2026-08-18T15:00:00+00:00,1.3880799999999998,1.3885599999999998,1.3875899999999999,1.3885399999999999,3446
2026-08-18T15:15:00+00:00,1.3885399999999999,1.3889699999999998,1.3883799999999997,1.3885999999999998,2650
2026-08-18T15:30:00+00:00,1.3885999999999998,1.3886299999999998,1.3880099999999997,1.3884699999999999,2213
2026-08-18T15:45:00+00:00,1.3884699999999999,1.3886699999999998,1.3882499999999998,1.3885199999999998,1898
2026-08-18T16:00:00+00:00,1.3885199999999998,1.3887399999999999,1.3884499999999997,1.3886199999999997,1764
2026-08-18T16:15:00+00:00,1.3886199999999997,1.3890999999999998,1.3885499999999997,1.3890999999999998,1548
2026-08-18T16:30:00+00:00,1.3890999999999998,1.3892299999999997,1.3889899999999997,1.3890599999999997,1310
2026-08-18T16:45:00+00:00,1.3890599999999997,1.3891799999999999,1.3888399999999999,1.3891599999999997,1281
2026-08-18T17:00:00+00:00,1.3891599999999997,1.3895699999999997,1.3890799999999999,1.3894399999999998,1453
2026-08-18T17:15:00+00:00,1.3894399999999998,1.3896799999999998,1.3893099999999998,1.3896299999999997,1186
2026-08-18T17:30:00+00:00,1.3896299999999997,1.3899199999999998,1.3896199999999999,1.38966,1536
2026-08-18T17:45:00+00:00,1.38966,1.3898799999999998,1.3896199999999999,1.3898199999999998,936
2026-08-18T18:00:00+00:00,1.3898199999999998,1.3900499999999998,1.3898199999999998,1.3899199999999998,1185
2026-08-18T18:15:00+00:00,1.3899199999999998,1.3900799999999998,1.3898399999999997,1.3900499999999998,893
2026-08-18T18:30:00+00:00,1.3900499999999998,1.3904699999999999,1.3900299999999999,1.3904599999999998,1029
2026-08-18T18:45:00+00:00,1.3904599999999998,1.3904699999999999,1.3899699999999997,1.3900499999999998,1329
2026-08-18T19:00:00+00:00,1.3900499999999998,1.3902199999999998,1.3887899999999997,1.3891999999999998,2797
2026-08-18T19:15:00+00:00,1.3891999999999998,1.3892699999999998,1.3888299999999998,1.3891999999999998,1496
2026-08-18T19:30:00+00:00,1.3891999999999998,1.3893499999999999,1.3888199999999997,1.3890399999999998,1693
2026-08-18T19:45:00+00:00,1.3890399999999998,1.3893599999999997,1.3889999999999998,1.3893599999999997,1888
2026-08-18T20:00:00+00:00,1.3893599999999997,1.3895499999999998,1.38922,1.3894699999999998,775
2026-08-18T20:15:00+00:00,1.3894699999999998,1.3896699999999997,1.3893699999999998,1.3893799999999998,508
2026-08-18T20:30:00+00:00,1.3893799999999998,1.3893799999999998,1.3891399999999998,1.3892599999999997,440
2026-08-18T20:45:00+00:00,1.3892599999999997,1.3892899999999997,1.3889999999999998,1.38905,929
2026-08-18T21:00:00+00:00,1.38905,1.38905,1.3879699999999997,1.3883699999999999,113
2026-08-18T21:15:00+00:00,1.3883699999999999,1.3886799999999997,1.3882499999999998,1.38827,306
2026-08-18T21:30:00+00:00,1.38827,1.3885799999999997,1.3882199999999998,1.3885499999999997,473
2026-08-18T21:45:00+00:00,1.3885499999999997,1.3886799999999997,1.3885499999999997,1.3886299999999998,209.1709041468389
2026-08-18T22:00:00+00:00,1.3886299999999998,1.3892499999999997,1.3886299999999998,1.3892099999999998,472
2026-08-18T22:15:00+00:00,1.3892099999999998,1.3893599999999997,1.3890799999999996,1.3893399999999998,276
2026-08-18T22:30:00+00:00,1.3893399999999998,1.3894299999999997,1.3891899999999997,1.3892699999999998,174.1682639434407
2026-08-18T22:45:00+00:00,1.3892699999999998,1.3892999999999998,1.3891799999999996,1.3892899999999997,265
2026-08-18T23:00:00+00:00,1.3892899999999997,1.3892999999999998,1.3891299999999998,1.3892699999999998,345
2026-08-18T23:15:00+00:00,1.3892699999999998,1.3896099999999998,1.3892599999999997,1.3895999999999997,330
2026-08-18T23:30:00+00:00,1.3895999999999997,1.3896699999999997,1.3894099999999998,1.3896299999999997,541
2026-08-18T23:45:00+00:00,1.3896299999999997,1.3897399999999998,1.3893799999999998,1.3894099999999998,773
2026-08-19T00:00:00+00:00,1.3894099999999998,1.3894799999999998,1.3888799999999997,1.3889999999999998,1924
2026-08-19T00:15:00+00:00,1.3889999999999998,1.3891099999999998,1.3888099999999997,1.3890699999999998,2010
2026-08-19T00:30:00+00:00,1.3890699999999998,1.3895399999999998,1.3890499999999997,1.3894199999999997,1533
2026-08-19T00:45:00+00:00,1.3894199999999997,1.3897399999999998,1.3892299999999997,1.3897399999999998,2104
2026-08-19T01:00:00+00:00,1.3897399999999998,1.3901199999999998,1.3896499999999998,1.3900799999999998,2375
2026-08-19T01:15:00+00:00,1.3900799999999998,1.3902999999999996,1.3899499999999998,1.3900799999999998,2017
2026-08-19T01:30:00+00:00,1.3900799999999998,1.3900899999999998,1.3894099999999998,1.3894499999999999,2208
2026-08-19T01:45:00+00:00,1.3894499999999999,1.3895499999999998,1.3893099999999998,1.3893899999999997,1873
2026-08-19T02:00:00+00:00,1.3893899999999997,1.3894499999999999,1.3889699999999998,1.3890499999999997,1371
2026-08-19T02:15:00+00:00,1.3890499999999997,1.3891599999999997,1.3866999999999998,1.3876699999999997,4311
2026-08-19T02:30:00+00:00,1.3876699999999997,1.3878199999999998,1.3872099999999998,1.3872199999999997,2311
2026-08-19T02:45:00+00:00,1.3872199999999997,1.3875599999999997,1.3869599999999997,1.3873299999999997,1994
2026-08-19T03:00:00+00:00,1.3873299999999997,1.3874199999999997,1.3870899999999997,1.3871299999999998,1409
2026-08-19T03:15:00+00:00,1.3871299999999998,1.3873299999999997,1.3871099999999998,1.3873299999999997,1663
2026-08-19T03:30:00+00:00,1.3873299999999997,1.3876799999999998,1.3872999999999998,1.3875899999999997,1247
2026-08-19T03:45:00+00:00,1.3875899999999997,1.3878499999999998,1.3874999999999997,1.3878399999999997,954
2026-08-19T04:00:00+00:00,1.3878399999999997,1.3878399999999997,1.3874099999999998,1.3874499999999999,1313
2026-08-19T04:15:00+00:00,1.3874499999999999,1.3876799999999998,1.3873399999999998,1.3876399999999998,1245
2026-08-19T04:30:00+00:00,1.3876399999999998,1.3878099999999998,1.3873499999999996,1.3876299999999997,1373
2026-08-19T04:45:00+00:00,1.3876299999999997,1.3877599999999997,1.3874899999999997,1.3875899999999997,1201
2026-08-19T05:00:00+00:00,1.3875899999999997,1.3877699999999997,1.3873799999999998,1.3876199999999996,1498
2026-08-19T05:15:00+00:00,1.3876199999999996,1.3876999999999997,1.3874399999999998,1.3875299999999997,1325
2026-08-19T05:30:00+00:00,1.3875299999999997,1.3876299999999997,1.3873499999999996,1.3875099999999998,1665
2026-08-19T05:45:00+00:00,1.3875099999999998,1.3877299999999997,1.3874299999999997,1.3875399999999998,1604
2026-08-19T06:00:00+00:00,1.3875399999999998,1.3876299999999997,1.3872899999999997,1.3874299999999997,1528
2026-08-19T06:15:00+00:00,1.3874299999999997,1.3875599999999997,1.3870199999999997,1.3871499999999997,2308
2026-08-19T06:30:00+00:00,1.3871499999999997,1.3873899999999997,1.3870499999999997,1.3873399999999998,1793
2026-08-19T06:45:00+00:00,1.3873399999999998,1.3876199999999996,1.3872799999999998,1.3874099999999998,1747
2026-08-19T07:00:00+00:00,1.3874099999999998,1.3874099999999998,1.3867199999999997,1.3872399999999998,2765
2026-08-19T07:15:00+00:00,1.3872399999999998,1.3874399999999998,1.3871399999999998,1.3872799999999998,1625
2026-08-19T07:30:00+00:00,1.3872799999999998,1.3873199999999997,1.3868999999999998,1.3871799999999996,2425
2026-08-19T07:45:00+00:00,1.3871799999999996,1.3872499999999997,1.3868399999999999,1.3870399999999998,2135
2026-08-19T08:00:00+00:00,1.3870399999999998,1.3872099999999998,1.3865099999999997,1.3868499999999997,2817
2026-08-19T08:15:00+00:00,1.3868499999999997,1.3876099999999998,1.3866899999999998,1.3875299999999997,2206
2026-08-19T08:30:00+00:00,1.3875299999999997,1.3879199999999998,1.3874899999999997,1.3875099999999998,1809
2026-08-19T08:45:00+00:00,1.3875099999999998,1.3875899999999997,1.3872899999999997,1.3873099999999998,1691
2026-08-19T09:00:00+00:00,1.3873099999999998,1.3873999999999997,1.3867399999999996,1.3867999999999998,1740
2026-08-19T09:15:00+00:00,1.3867999999999998,1.3869599999999997,1.3866399999999997,1.3868299999999998,1852
2026-08-19T09:30:00+00:00,1.3868299999999998,1.3869799999999997,1.3866099999999997,1.3866499999999997,1427
2026-08-19T09:45:00+00:00,1.3866499999999997,1.3867499999999997,1.3864799999999997,1.3866599999999998,1594
2026-08-19T10:00:00+00:00,1.3866599999999998,1.3867399999999996,1.3861299999999996,1.3862299999999999,1632
2026-08-19T10:15:00+00:00,1.3862299999999999,1.3863699999999997,1.3860699999999997,1.3862499999999998,1448
2026-08-19T10:30:00+00:00,1.3862499999999998,1.3863599999999998,1.3858499999999998,1.3860799999999998,1350
2026-08-19T10:45:00+00:00,1.3860799999999998,1.3865699999999996,1.3860399999999997,1.3865599999999998,1415
2026-08-19T11:00:00+00:00,1.3865599999999998,1.3868999999999998,1.3863399999999997,1.3866299999999998,1674
2026-08-19T11:15:00+00:00,1.3866299999999998,1.3871499999999997,1.3865999999999998,1.3870499999999997,1597
2026-08-19T11:30:00+00:00,1.3870499999999997,1.3872199999999997,1.3869099999999996,1.3871299999999998,1701
2026-08-19T11:45:00+00:00,1.3871299999999998,1.3871799999999996,1.3868399999999999,1.3868799999999997,1589
2026-08-19T12:00:00+00:00,1.3868799999999997,1.3870499999999997,1.3865399999999997,1.3865599999999998,1835
2026-08-19T12:15:00+00:00,1.3865599999999998,1.3866999999999998,1.3862499999999998,1.3866199999999997,2325
2026-08-19T12:30:00+00:00,1.3866199999999997,1.3868199999999997,1.3857399999999997,1.3857899999999996,6084
2026-08-19T12:45:00+00:00,1.3857899999999996,1.3859899999999998,1.3852099999999998,1.3855799999999998,5160
2026-08-19T13:00:00+00:00,1.3855799999999998,1.3855899999999997,1.3833099999999998,1.3834799999999998,5724
2026-08-19T13:15:00+00:00,1.3834799999999998,1.3836799999999998,1.3830099999999999,1.3830099999999999,5039
2026-08-19T13:30:00+00:00,1.3830099999999999,1.3834099999999998,1.3819599999999996,1.3820499999999998,5702
2026-08-19T13:45:00+00:00,1.3820499999999998,1.3826899999999998,1.3815999999999997,1.3816899999999996,4563
2026-08-19T14:00:00+00:00,1.3816899999999996,1.3821699999999997,1.3802199999999998,1.3804299999999998,5140
2026-08-19T14:15:00+00:00,1.3804299999999998,1.3813699999999998,1.3801999999999996,1.3802999999999996,4972
2026-08-19T14:30:00+00:00,1.3802999999999996,1.3806599999999998,1.3798599999999996,1.3802899999999998,5029
2026-08-19T14:45:00+00:00,1.3802899999999998,1.3816899999999996,1.3802799999999997,1.3808899999999997,5639
2026-08-19T15:00:00+00:00,1.3808899999999997,1.3816199999999998,1.3807899999999997,1.3812099999999998,5513
2026-08-19T15:15:00+00:00,1.3812099999999998,1.3821999999999997,1.3809799999999997,1.3814399999999998,4671
2026-08-19T15:30:00+00:00,1.3814399999999998,1.3819999999999997,1.3810299999999998,1.3813099999999998,2921
2026-08-19T15:45:00+00:00,1.3813099999999998,1.3824599999999998,1.3811599999999997,1.3816699999999997,3383
2026-08-19T16:00:00+00:00,1.3816699999999997,1.3817299999999997,1.3808299999999998,1.3810499999999997,3361
2026-08-19T16:15:00+00:00,1.3810499999999997,1.3811399999999998,1.3807399999999996,1.3810099999999998,2824
2026-08-19T16:30:00+00:00,1.3810099999999998,1.3810899999999997,1.3806299999999998,1.3806499999999997,2236
2026-08-19T16:45:00+00:00,1.3806499999999997,1.3809999999999998,1.3804299999999998,1.3807699999999998,2511
2026-08-19T17:00:00+00:00,1.3807699999999998,1.3812299999999997,1.3803599999999998,1.3811099999999998,3149
2026-08-19T17:15:00+00:00,1.3811099999999998,1.3814999999999997,1.3810999999999998,1.3813299999999997,1679
2026-08-19T17:30:00+00:00,1.3813299999999997,1.3818799999999998,1.3813099999999998,1.3818199999999998,2070
2026-08-19T17:45:00+00:00,1.3818199999999998,1.3821599999999998,1.3816899999999996,1.3818799999999998,2252
2026-08-19T18:00:00+00:00,1.3818799999999998,1.3818999999999997,1.3805999999999998,1.3808299999999998,3380
2026-08-19T18:15:00+00:00,1.3808299999999998,1.3814799999999998,1.3808199999999997,1.3813299999999997,2596
2026-08-19T18:30:00+00:00,1.3813299999999997,1.3813999999999997,1.3806799999999997,1.3808199999999997,2611
2026-08-19T18:45:00+00:00,1.3808199999999997,1.3808499999999997,1.3803499999999997,1.3805499999999997,2241
2026-08-19T19:00:00+00:00,1.3805499999999997,1.3808799999999997,1.3802399999999997,1.3807499999999997,2652
2026-08-19T19:15:00+00:00,1.3807499999999997,1.3808199999999997,1.3805699999999999,1.3807599999999998,1926
2026-08-19T19:30:00+00:00,1.3807599999999998,1.3811299999999997,1.3806599999999998,1.3807699999999998,2411
2026-08-19T19:45:00+00:00,1.3807699999999998,1.3809699999999998,1.3804299999999998,1.3806199999999997,2579
2026-08-19T20:00:00+00:00,1.3806199999999997,1.3808399999999998,1.3804899999999998,1.3807299999999998,1227
2026-08-19T20:15:00+00:00,1.3807299999999998,1.3808699999999998,1.3804899999999998,1.3806699999999998,510
2026-08-19T20:30:00+00:00,1.3806699999999998,1.3806699999999998,1.3803599999999998,1.3804099999999997,608
2026-08-19T20:45:00+00:00,1.3804099999999997,1.3804599999999998,1.3801899999999998,1.3803299999999998,827
2026-08-19T21:00:00+00:00,1.3803299999999998,1.3803299999999998,1.3793799999999998,1.3800299999999996,102.84803772436872
2026-08-19T21:15:00+00:00,1.3800299999999996,1.3801899999999998,1.3797099999999998,1.3798999999999997,141.4129127864864
2026-08-19T21:30:00+00:00,1.3798999999999997,1.3799699999999997,1.3797499999999998,1.3799599999999996,240.84778329740368
2026-08-19T21:45:00+00:00,1.3799599999999996,1.3800199999999998,1.3796999999999997,1.3797599999999997,330
2026-08-19T22:00:00+00:00,1.3797599999999997,1.3804199999999998,1.3797599999999997,1.3802499999999998,364
2026-08-19T22:15:00+00:00,1.3802499999999998,1.3803899999999998,1.3802499999999998,1.3803199999999998,220
2026-08-19T22:30:00+00:00,1.3803199999999998,1.3803699999999997,1.3801599999999998,1.3802299999999998,240
2026-08-19T22:45:00+00:00,1.3802299999999998,1.3803399999999997,1.3802199999999998,1.3803299999999998,208
2026-08-19T23:00:00+00:00,1.3803299999999998,1.3803799999999997,1.3800499999999998,1.3801399999999997,530
2026-08-19T23:15:00+00:00,1.3801399999999997,1.3804499999999997,1.3801299999999996,1.3804399999999997,432
2026-08-19T23:30:00+00:00,1.3804399999999997,1.3805099999999997,1.3803699999999997,1.3804899999999998,424
2026-08-19T23:45:00+00:00,1.3804899999999998,1.3805799999999997,1.3803999999999998,1.3805399999999997,524
2026-08-20T00:00:00+00:00,1.3805399999999997,1.3805599999999998,1.3798199999999998,1.3800999999999997,2472
2026-08-20T00:15:00+00:00,1.3800999999999997,1.3803599999999998,1.3798099999999998,1.3802299999999998,2258
2026-08-20T00:30:00+00:00,1.3802299999999998,1.3802799999999997,1.3799399999999997,1.3802199999999998,1305
2026-08-20T00:45:00+00:00,1.3802199999999998,1.3805599999999998,1.3802199999999998,1.3804699999999996,2124
2026-08-20T01:00:00+00:00,1.3804699999999996,1.3807599999999998,1.3802999999999996,1.3803499999999997,2751
2026-08-20T01:15:00+00:00,1.3803499999999997,1.3803899999999998,1.3795899999999996,1.3797199999999998,3224
2026-08-20T01:30:00+00:00,1.3797199999999998,1.3802799999999997,1.3796299999999997,1.3798799999999998,2993
2026-08-20T01:45:00+00:00,1.3798799999999998,1.3802399999999997,1.3796899999999996,1.3796999999999997,2062
2026-08-20T02:00:00+00:00,1.3796999999999997,1.3798099999999998,1.3794599999999997,1.3797799999999998,2609
2026-08-20T02:15:00+00:00,1.3797799999999998,1.3803199999999998,1.3797799999999998,1.3801499999999998,1911
2026-08-20T02:30:00+00:00,1.3801499999999998,1.3802999999999996,1.3800599999999998,1.3801999999999996,1504
2026-08-20T02:45:00+00:00,1.3801999999999996,1.3803799999999997,1.3801499999999998,1.3802999999999996,1407
2026-08-20T03:00:00+00:00,1.3802999999999996,1.3803899999999998,1.3799099999999997,1.3799599999999996,1581
2026-08-20T03:15:00+00:00,1.3799599999999996,1.3802199999999998,1.3797199999999998,1.3798899999999998,1676
2026-08-20T03:30:00+00:00,1.3798899999999998,1.3799099999999997,1.3794899999999997,1.3795099999999998,1507
2026-08-20T03:45:00+00:00,1.3795099999999998,1.3795899999999996,1.3793999999999997,1.3794099999999998,1116
2026-08-20T04:00:00+00:00,1.3794099999999998,1.3795499999999998,1.3788399999999998,1.3789499999999997,1114
2026-08-20T04:15:00+00:00,1.3789499999999997,1.3792799999999998,1.3789399999999998,1.3792599999999997,1111
2026-08-20T04:30:00+00:00,1.3792599999999997,1.3795999999999997,1.3791999999999998,1.3795999999999997,777
2026-08-20T04:45:00+00:00,1.3795999999999997,1.3798899999999998,1.3795299999999997,1.3797999999999997,1399
2026-08-20T05:00:00+00:00,1.3797999999999997,1.3798099999999998,1.3795099999999998,1.3796699999999997,1647
2026-08-20T05:15:00+00:00,1.3796699999999997,1.3798499999999998,1.3796599999999997,1.3798399999999997,1380
2026-08-20T05:30:00+00:00,1.3798399999999997,1.3798399999999997,1.3795099999999998,1.3796699999999997,2142
2026-08-20T05:45:00+00:00,1.3796699999999997,1.3796999999999997,1.3790899999999997,1.3792299999999997,1745
2026-08-20T06:00:00+00:00,1.3792299999999997,1.3795599999999997,1.3788399999999998,1.3789799999999997,2035
2026-08-20T06:15:00+00:00,1.3789799999999997,1.3792099999999998,1.3788199999999997,1.3790199999999997,2447
2026-08-20T06:30:00+00:00,1.3790199999999997,1.3792499999999996,1.3789199999999997,1.3790499999999997,2272
2026-08-20T06:45:00+00:00,1.3790499999999997,1.3790599999999997,1.3783899999999998,1.3785499999999997,2869
2026-08-20T07:00:00+00:00,1.3785499999999997,1.3791299999999997,1.3784899999999998,1.3785599999999998,2480
2026-08-20T07:15:00+00:00,1.3785599999999998,1.3786799999999997,1.3782099999999997,1.3782699999999997,1956
2026-08-20T07:30:00+00:00,1.3782699999999997,1.3783899999999998,1.3775999999999997,1.3778299999999997,2296
2026-08-20T07:45:00+00:00,1.3778299999999997,1.3780499999999998,1.3773299999999997,1.3775899999999996,2232
2026-08-20T08:00:00+00:00,1.3775899999999996,1.3776999999999997,1.3770299999999998,1.3770599999999997,2501
2026-08-20T08:15:00+00:00,1.3770599999999997,1.3771699999999998,1.3767599999999998,1.3768299999999998,1886
2026-08-20T08:30:00+00:00,1.3768299999999998,1.3772199999999997,1.3765099999999997,1.3767899999999997,3226
2026-08-20T08:45:00+00:00,1.3767899999999997,1.3769299999999998,1.3765499999999997,1.3765499999999997,2089
2026-08-20T09:00:00+00:00,1.3765499999999997,1.3772699999999998,1.3760899999999998,1.3763099999999997,2543
2026-08-20T09:15:00+00:00,1.3763099999999997,1.3763699999999996,1.3756299999999997,1.3761199999999998,3295
2026-08-20T09:30:00+00:00,1.3761199999999998,1.3769399999999998,1.3760899999999998,1.3765799999999997,2394
2026-08-20T09:45:00+00:00,1.3765799999999997,1.3766199999999997,1.3758999999999997,1.3759299999999997,3096
2026-08-20T10:00:00+00:00,1.3759299999999997,1.3761399999999997,1.3752199999999997,1.3755599999999997,2371
2026-08-20T10:15:00+00:00,1.3755599999999997,1.3756199999999998,1.3750799999999996,1.3750999999999998,1793
2026-08-20T10:30:00+00:00,1.3750999999999998,1.3762899999999998,1.3750999999999998,1.3762399999999997,1995
2026-08-20T10:45:00+00:00,1.3762399999999997,1.3764499999999997,1.3761099999999997,1.3763399999999997,2085
2026-08-20T11:00:00+00:00,1.3763399999999997,1.3764399999999997,1.3761199999999998,1.3761899999999998,2052
2026-08-20T11:15:00+00:00,1.3761899999999998,1.3764399999999997,1.3758199999999998,1.3761799999999997,1901
2026-08-20T11:30:00+00:00,1.3761799999999997,1.3762999999999996,1.3757599999999996,1.3762499999999998,2168
2026-08-20T11:45:00+00:00,1.3762499999999998,1.3767899999999997,1.3761299999999996,1.3764099999999997,3103
2026-08-20T12:00:00+00:00,1.3764099999999997,1.3769199999999997,1.3762399999999997,1.3764399999999997,4343
2026-08-20T12:15:00+00:00,1.3764399999999997,1.3773199999999997,1.3763099999999997,1.3771599999999997,3103
2026-08-20T12:30:00+00:00,1.3771599999999997,1.3777999999999997,1.3770599999999997,1.3773699999999998,3269
2026-08-20T12:45:00+00:00,1.3773699999999998,1.3781399999999997,1.3772399999999998,1.3773699999999998,3015
2026-08-20T13:00:00+00:00,1.3773699999999998,1.3773699999999998,1.3762199999999998,1.3765799999999997,3936
2026-08-20T13:15:00+00:00,1.3765799999999997,1.3769999999999998,1.3761099999999997,1.3766399999999996,3184
2026-08-20T13:30:00+00:00,1.3766399999999996,1.3772999999999997,1.3764899999999998,1.3769999999999998,3992
2026-08-20T13:45:00+00:00,1.3769999999999998,1.3780599999999998,1.3768999999999998,1.3777799999999998,3444
2026-08-20T14:00:00+00:00,1.3777799999999998,1.3781999999999996,1.3771499999999997,1.3780999999999997,3792
2026-08-20T14:15:00+00:00,1.3780999999999997,1.3782399999999997,1.3776399999999998,1.3781399999999997,3196
2026-08-20T14:30:00+00:00,1.3781399999999997,1.3782699999999997,1.3775099999999998,1.3778399999999997,2980
2026-08-20T14:45:00+00:00,1.3778399999999997,1.3779899999999998,1.3772699999999998,1.3777199999999998,3382
2026-08-20T15:00:00+00:00,1.3777199999999998,1.3781399999999997,1.3768699999999998,1.3773799999999998,6336
2026-08-20T15:15:00+00:00,1.3773799999999998,1.3777299999999997,1.3768799999999997,1.3768799999999997,3445
2026-08-20T15:30:00+00:00,1.3768799999999997,1.3784999999999998,1.3768699999999998,1.3784399999999997,2778
2026-08-20T15:45:00+00:00,1.3784399999999997,1.3785199999999997,1.3776399999999998,1.3777099999999998,3313
2026-08-20T16:00:00+00:00,1.3777099999999998,1.3781699999999997,1.3777099999999998,1.3781199999999998,2309
2026-08-20T16:15:00+00:00,1.3781199999999998,1.3785299999999998,1.3779299999999997,1.3784399999999997,1804
2026-08-20T16:30:00+00:00,1.3784399999999997,1.3788899999999997,1.3783799999999997,1.3788799999999997,1924
2026-08-20T16:45:00+00:00,1.3788799999999997,1.3790799999999996,1.3785799999999997,1.3786399999999996,1626
2026-08-20T17:00:00+00:00,1.3786399999999996,1.3789599999999997,1.3785599999999998,1.3787599999999998,1702
2026-08-20T17:15:00+00:00,1.3787599999999998,1.3787599999999998,1.3783599999999998,1.3783699999999997,1661
2026-08-20T17:30:00+00:00,1.3783699999999997,1.3785599999999998,1.3781699999999997,1.3784199999999998,1409
2026-08-20T17:45:00+00:00,1.3784199999999998,1.3785599999999998,1.3781699999999997,1.3783099999999997,1368
2026-08-20T18:00:00+00:00,1.3783099999999997,1.3788299999999998,1.3782099999999997,1.3786499999999997,1990
2026-08-20T18:15:00+00:00,1.3786499999999997,1.3789599999999997,1.3784799999999997,1.3785099999999997,1345
2026-08-20T18:30:00+00:00,1.3785099999999997,1.3786099999999997,1.3783699999999997,1.3785699999999999,1208
2026-08-20T18:45:00+00:00,1.3785699999999999,1.3785999999999998,1.3783899999999998,1.3784999999999998,1281
2026-08-20T19:00:00+00:00,1.3784999999999998,1.3789999999999998,1.3784999999999998,1.3786799999999997,1573
2026-08-20T19:15:00+00:00,1.3786799999999997,1.3787899999999997,1.3784699999999996,1.3786099999999997,1439
2026-08-20T19:30:00+00:00,1.3786099999999997,1.3789099999999996,1.3785099999999997,1.3789099999999996,1424
2026-08-20T19:45:00+00:00,1.3789099999999996,1.3789999999999998,1.3785199999999997,1.3789899999999997,2059
2026-08-20T20:00:00+00:00,1.3789899999999997,1.3789899999999997,1.3785199999999997,1.3786399999999996,1057
2026-08-20T20:15:00+00:00,1.3786399999999996,1.3787899999999997,1.3785799999999997,1.3785799999999997,458
2026-08-20T20:30:00+00:00,1.3785799999999997,1.3786399999999996,1.3782599999999998,1.3782999999999996,655
2026-08-20T20:45:00+00:00,1.3782999999999996,1.3784799999999997,1.3781599999999998,1.3784599999999998,874
2026-08-20T21:00:00+00:00,1.3784599999999998,1.3784599999999998,1.3777199999999996,1.3777999999999997,91.06192197184912
2026-08-20T21:15:00+00:00,1.3777999999999997,1.37801,1.3774899999999999,1.3774899999999999,158.3959341718608
2026-08-20T21:30:00+00:00,1.3774899999999999,1.3777599999999999,1.3774199999999999,1.3776199999999998,351
2026-08-20T21:45:00+00:00,1.3776199999999998,1.3776199999999998,1.3773299999999997,1.3776099999999998,220.7168433113721
2026-08-20T22:00:00+00:00,1.3776099999999998,1.3781599999999998,1.3776099999999998,1.3778299999999999,254
2026-08-20T22:15:00+00:00,1.3778299999999999,1.3779499999999998,1.3776699999999997,1.3777199999999998,179
2026-08-20T22:30:00+00:00,1.3777199999999998,1.3777899999999998,1.3776899999999999,1.3777499999999998,170.45440084835633
2026-08-20T22:45:00+00:00,1.3777499999999998,1.3777499999999998,1.3776099999999998,1.3776499999999998,186.8327144811413
2026-08-20T23:00:00+00:00,1.3776499999999998,1.3776499999999998,1.3773699999999998,1.3773699999999998,541
2026-08-20T23:15:00+00:00,1.3773699999999998,1.3774599999999997,1.3772799999999998,1.3774499999999998,270
2026-08-20T23:30:00+00:00,1.3774499999999998,1.3776499999999998,1.3774099999999998,1.3774199999999999,499
2026-08-20T23:45:00+00:00,1.3774199999999999,1.3775399999999998,1.37739,1.3774599999999997,791
2026-08-21T00:00:00+00:00,1.3774599999999997,1.3774899999999999,1.3770599999999997,1.3770699999999998,1663
2026-08-21T00:15:00+00:00,1.3770699999999998,1.3772399999999998,1.3769299999999998,1.3771299999999997,1588
2026-08-21T00:30:00+00:00,1.3771299999999997,1.3772299999999997,1.3769099999999999,1.37712,1564
2026-08-21T00:45:00+00:00,1.37712,1.3771699999999998,1.3769199999999997,1.3770499999999999,1678
2026-08-21T01:00:00+00:00,1.3770499999999999,1.3773199999999999,1.3769799999999999,1.3770899999999997,2060
2026-08-21T01:15:00+00:00,1.3770899999999997,1.3770999999999998,1.3766399999999999,1.3766699999999998,1331
2026-08-21T01:30:00+00:00,1.3766699999999998,1.3767399999999999,1.3763599999999998,1.3766599999999998,1576
2026-08-21T01:45:00+00:00,1.3766599999999998,1.3767299999999998,1.3764499999999997,1.3764699999999999,1214
2026-08-21T02:00:00+00:00,1.3764699999999999,1.3766999999999998,1.3763499999999997,1.3764499999999997,1229
2026-08-21T02:15:00+00:00,1.3764499999999997,1.3765699999999998,1.3760599999999998,1.3760799999999997,1359
2026-08-21T02:30:00+00:00,1.3760799999999997,1.3760999999999999,1.3757799999999998,1.3757899999999998,1326
2026-08-21T02:45:00+00:00,1.3757899999999998,1.3757899999999998,1.3753499999999999,1.3756999999999997,1355
2026-08-21T03:00:00+00:00,1.3756999999999997,1.37573,1.3753999999999997,1.3755099999999998,1195
2026-08-21T03:15:00+00:00,1.3755099999999998,1.3757799999999998,1.3754799999999998,1.3757399999999997,848
2026-08-21T03:30:00+00:00,1.3757399999999997,1.3758999999999997,1.3756799999999998,1.3757499999999998,1181
2026-08-21T03:45:00+00:00,1.3757499999999998,1.3758999999999997,1.3757199999999998,1.3757899999999998,1125
2026-08-21T04:00:00+00:00,1.3757899999999998,1.3758599999999999,1.3755999999999997,1.3756899999999999,1100
2026-08-21T04:15:00+00:00,1.3756899999999999,1.3758199999999998,1.3756399999999998,1.3757699999999997,1157
2026-08-21T04:30:00+00:00,1.3757699999999997,1.3758999999999997,1.3757099999999998,1.3757799999999998,807
2026-08-21T04:45:00+00:00,1.3757799999999998,1.3758999999999997,1.3757099999999998,1.3758799999999998,922
2026-08-21T05:00:00+00:00,1.3758799999999998,1.3760999999999999,1.3758799999999998,1.3759599999999998,731
2026-08-21T05:15:00+00:00,1.3759599999999998,1.3759599999999998,1.3757799999999998,1.3758399999999997,640
2026-08-21T05:30:00+00:00,1.3758399999999997,1.3758999999999997,1.3752999999999997,1.3753199999999999,1309
2026-08-21T05:45:00+00:00,1.3753199999999999,1.3754399999999998,1.3751499999999999,1.3752699999999998,1212
2026-08-21T06:00:00+00:00,1.3752699999999998,1.3757699999999997,1.3752299999999997,1.3756399999999998,1362
2026-08-21T06:15:00+00:00,1.3756399999999998,1.3759899999999998,1.3755199999999999,1.3757999999999997,1218
2026-08-21T06:30:00+00:00,1.3757999999999997,1.3758299999999999,1.3754099999999998,1.3755199999999999,1246
2026-08-21T06:45:00+00:00,1.3755199999999999,1.3756699999999997,1.3752899999999997,1.3753299999999997,1896
2026-08-21T07:00:00+00:00,1.3753299999999997,1.3758299999999999,1.3750399999999998,1.3758199999999998,2080
2026-08-21T07:15:00+00:00,1.3758199999999998,1.3759299999999999,1.3755499999999998,1.3756199999999998,1779
2026-08-21T07:30:00+00:00,1.3756199999999998,1.37573,1.3750599999999997,1.37556,2674
2026-08-21T07:45:00+00:00,1.37556,1.3756099999999998,1.3751699999999998,1.3751899999999997,2231
2026-08-21T08:00:00+00:00,1.3751899999999997,1.3752799999999998,1.3746199999999997,1.3747299999999998,1726
2026-08-21T08:15:00+00:00,1.3747299999999998,1.3750199999999997,1.3744699999999999,1.3746299999999998,2358
2026-08-21T08:30:00+00:00,1.3746299999999998,1.3747999999999998,1.3741299999999999,1.3742099999999997,2346
2026-08-21T08:45:00+00:00,1.3742099999999997,1.3742999999999999,1.3739299999999999,1.3739699999999997,2335
2026-08-21T09:00:00+00:00,1.3739699999999997,1.3743199999999998,1.3736699999999997,1.3739199999999998,3074
2026-08-21T09:15:00+00:00,1.3739199999999998,1.3744199999999998,1.3737199999999998,1.3742999999999999,1704
2026-08-21T09:30:00+00:00,1.3742999999999999,1.3744299999999998,1.3740499999999998,1.3742099999999997,1390
2026-08-21T09:45:00+00:00,1.3742099999999997,1.3743299999999998,1.3738099999999998,1.3742499999999997,1598
2026-08-21T10:00:00+00:00,1.3742499999999997,1.3742999999999999,1.3734999999999997,1.3735999999999997,2120
2026-08-21T10:15:00+00:00,1.3735999999999997,1.3737399999999997,1.3731899999999997,1.3732099999999998,2016
2026-08-21T10:30:00+00:00,1.3732099999999998,1.3732299999999997,1.3728699999999998,1.3728799999999999,1883
2026-08-21T10:45:00+00:00,1.3728799999999999,1.37356,1.3727999999999998,1.3734399999999998,2469
2026-08-21T11:00:00+00:00,1.3734399999999998,1.3736599999999999,1.3731799999999998,1.3731999999999998,1797
2026-08-21T11:15:00+00:00,1.3731999999999998,1.3734899999999999,1.3730799999999999,1.3731799999999998,3532
2026-08-21T11:30:00+00:00,1.3731799999999998,1.3735999999999997,1.3730799999999999,1.3731399999999998,2174
2026-08-21T11:45:00+00:00,1.3731399999999998,1.3733599999999997,1.3729599999999997,1.3730999999999998,1479
2026-08-21T12:00:00+00:00,1.3730999999999998,1.3734699999999997,1.3724799999999997,1.3734099999999998,3084
2026-08-21T12:15:00+00:00,1.3734099999999998,1.3734599999999997,1.3728099999999999,1.3732599999999997,2593
2026-08-21T12:30:00+00:00,1.3732599999999997,1.3743199999999998,1.3730299999999998,1.3738599999999999,2954
2026-08-21T12:45:00+00:00,1.3738599999999999,1.3740199999999998,1.3736599999999999,1.3738599999999999,2071
2026-08-21T13:00:00+00:00,1.3738599999999999,1.3743599999999998,1.3736499999999998,1.3742699999999999,2583
2026-08-21T13:15:00+00:00,1.3742699999999999,1.3743199999999998,1.3738699999999997,1.3740699999999997,2689
2026-08-21T13:30:00+00:00,1.3740699999999997,1.3742499999999997,1.3737699999999997,1.3741199999999998,3699
2026-08-21T13:45:00+00:00,1.3741199999999998,1.3745399999999999,1.3739099999999997,1.3742499999999997,2076
2026-08-21T14:00:00+00:00,1.3742499999999997,1.3751399999999998,1.3742499999999997,1.3749199999999997,2977
2026-08-21T14:15:00+00:00,1.3749199999999997,1.3755099999999998,1.3746999999999998,1.3754799999999998,2592
2026-08-21T14:30:00+00:00,1.3754799999999998,1.3769699999999998,1.3754699999999997,1.3769099999999999,4610
2026-08-21T14:45:00+00:00,1.3769099999999999,1.3770399999999998,1.3763099999999997,1.3765899999999998,4637
2026-08-21T15:00:00+00:00,1.3765899999999998,1.3768199999999997,1.3762799999999997,1.3763799999999997,3933
2026-08-21T15:15:00+00:00,1.3763799999999997,1.37661,1.3759899999999998,1.3762299999999998,3274
2026-08-21T15:30:00+00:00,1.3762299999999998,1.3764699999999999,1.3758799999999998,1.3759799999999998,2514
2026-08-21T15:45:00+00:00,1.3759799999999998,1.3763899999999998,1.3758599999999999,1.3758899999999998,2143
2026-08-21T16:00:00+00:00,1.3758899999999998,1.3761999999999999,1.3755299999999997,1.3759399999999997,2984
2026-08-21T16:15:00+00:00,1.3759399999999997,1.3762999999999999,1.3756499999999998,1.3761499999999998,2304
2026-08-21T16:30:00+00:00,1.3761499999999998,1.3761599999999998,1.3756799999999998,1.3759799999999998,1768
2026-08-21T16:45:00+00:00,1.3759799999999998,1.3760399999999997,1.3757699999999997,1.3758199999999998,1600
2026-08-21T17:00:00+00:00,1.3758199999999998,1.3760499999999998,1.3757199999999998,1.3758899999999998,1617
2026-08-21T17:15:00+00:00,1.3758899999999998,1.3758999999999997,1.3752199999999999,1.3752699999999998,1760
2026-08-21T17:30:00+00:00,1.3752699999999998,1.3753599999999997,1.3748099999999999,1.3752299999999997,1601
2026-08-21T17:45:00+00:00,1.3752299999999997,1.3755799999999998,1.3752299999999997,1.3754999999999997,1183
2026-08-21T18:00:00+00:00,1.3754999999999997,1.3755399999999998,1.3751699999999998,1.3755299999999997,964
2026-08-21T18:15:00+00:00,1.3755299999999997,1.3756499999999998,1.3752799999999998,1.3754199999999999,1028
2026-08-21T18:30:00+00:00,1.3754199999999999,1.3757599999999999,1.3752199999999999,1.3755999999999997,1025
2026-08-21T18:45:00+00:00,1.3755999999999997,1.3757399999999997,1.3754099999999998,1.3754399999999998,1154
2026-08-21T19:00:00+00:00,1.3754399999999998,1.3757499999999998,1.3753499999999999,1.3756999999999997,1082
2026-08-21T19:15:00+00:00,1.3756999999999997,1.3761199999999998,1.3756999999999997,1.3760199999999998,923
2026-08-21T19:30:00+00:00,1.3760199999999998,1.3760399999999997,1.3757999999999997,1.3758899999999998,950
2026-08-21T19:45:00+00:00,1.3758899999999998,1.3762399999999997,1.3756399999999998,1.3761999999999999,1048
2026-08-21T20:00:00+00:00,1.3761999999999999,1.3762199999999998,1.3758699999999997,1.3758799999999998,517
2026-08-21T20:15:00+00:00,1.3758799999999998,1.3759299999999999,1.3756499999999998,1.3758399999999997,494
2026-08-21T20:30:00+00:00,1.3758399999999997,1.3760099999999997,1.3757799999999998,1.3758199999999998,466
2026-08-21T20:45:00+00:00,1.3758199999999998,1.3761299999999999,1.3752099999999998,1.3755999999999997,1879
2026-08-23T21:00:00+00:00,1.38074,1.38145,1.38074,1.38134,34
2026-08-23T21:15:00+00:00,1.38134,1.38143,1.38092,1.38092,98
2026-08-23T21:30:00+00:00,1.38092,1.38096,1.37985,1.37994,448
2026-08-23T21:45:00+00:00,1.37994,1.38003,1.3793199999999999,1.37957,468
2026-08-23T22:00:00+00:00,1.37957,1.38032,1.37861,1.37933,1093
2026-08-23T22:15:00+00:00,1.37933,1.37972,1.37926,1.37946,672
2026-08-23T22:30:00+00:00,1.37946,1.37946,1.37896,1.3793,589
2026-08-23T22:45:00+00:00,1.3793,1.37943,1.37926,1.37941,253
2026-08-23T23:00:00+00:00,1.37941,1.37945,1.37923,1.37924,638
2026-08-23T23:15:00+00:00,1.37924,1.37943,1.37923,1.3794,553
2026-08-23T23:30:00+00:00,1.3794,1.37992,1.37939,1.37974,699
2026-08-23T23:45:00+00:00,1.37974,1.37976,1.37922,1.37924,778
2026-08-24T00:00:00+00:00,1.37924,1.37954,1.37844,1.37862,2496
2026-08-24T00:15:00+00:00,1.37862,1.37878,1.37826,1.37857,2320
2026-08-24T00:30:00+00:00,1.37857,1.37883,1.37835,1.37873,1629
2026-08-24T00:45:00+00:00,1.37873,1.37886,1.37862,1.37872,1992
2026-08-24T01:00:00+00:00,1.37872,1.37962,1.37871,1.37959,3144
2026-08-24T01:15:00+00:00,1.37959,1.3799,1.37951,1.3796,2478
2026-08-24T01:30:00+00:00,1.3796,1.37982,1.37958,1.37966,1792
2026-08-24T01:45:00+00:00,1.37966,1.37973,1.37928,1.37933,2177
2026-08-24T02:00:00+00:00,1.37933,1.3796,1.37911,1.37913,2312
2026-08-24T02:15:00+00:00,1.37913,1.37915,1.3789,1.37906,1407
2026-08-24T02:30:00+00:00,1.37906,1.3794,1.37902,1.37922,1230
2026-08-24T02:45:00+00:00,1.37922,1.37942,1.37919,1.37924,1380
2026-08-24T03:00:00+00:00,1.37924,1.37943,1.37918,1.37918,1244
2026-08-24T03:15:00+00:00,1.37918,1.37924,1.37901,1.37919,1105
2026-08-24T03:30:00+00:00,1.37919,1.37921,1.3791,1.37917,1431
2026-08-24T03:45:00+00:00,1.37917,1.3793,1.37901,1.37914,1268
2026-08-24T04:00:00+00:00,1.37914,1.37977,1.37905,1.37965,1611
2026-08-24T04:15:00+00:00,1.37965,1.37977,1.37933,1.37936,1490
2026-08-24T04:30:00+00:00,1.37936,1.3795,1.37929,1.37939,1293
2026-08-24T04:45:00+00:00,1.37939,1.37954,1.37929,1.37947,1446
2026-08-24T05:00:00+00:00,1.37947,1.37968,1.37945,1.37952,1423
2026-08-24T05:15:00+00:00,1.37952,1.37981,1.37939,1.3798,1418
2026-08-24T05:30:00+00:00,1.3798,1.38002,1.37964,1.37998,1631
2026-08-24T05:45:00+00:00,1.37998,1.38001,1.37956,1.37977,2238
2026-08-24T06:00:00+00:00,1.37977,1.38152,1.37975,1.38134,3119
2026-08-24T06:15:00+00:00,1.38134,1.38192,1.38117,1.3817,3111
2026-08-24T06:30:00+00:00,1.3817,1.38197,1.38148,1.38191,2545
2026-08-24T06:45:00+00:00,1.38191,1.38226,1.38161,1.38201,2952
2026-08-24T07:00:00+00:00,1.38201,1.38293,1.38169,1.38275,2650
2026-08-24T07:15:00+00:00,1.38275,1.38319,1.38257,1.38266,2549
2026-08-24T07:30:00+00:00,1.38266,1.38336,1.38245,1.38335,2476
2026-08-24T07:45:00+00:00,1.38335,1.38378,1.3832,1.38368,2902
2026-08-24T08:00:00+00:00,1.38368,1.38408,1.38355,1.38381,2406
2026-08-24T08:15:00+00:00,1.38381,1.38421,1.38358,1.38418,2311
2026-08-24T08:30:00+00:00,1.38418,1.38439,1.384,1.38421,1680
2026-08-24T08:45:00+00:00,1.38421,1.3843,1.38398,1.38427,1858
2026-08-24T09:00:00+00:00,1.38427,1.38427,1.3838,1.384,1973
2026-08-24T09:15:00+00:00,1.384,1.38406,1.38351,1.38369,1758
2026-08-24T09:30:00+00:00,1.38369,1.38385,1.38348,1.38362,1584
2026-08-24T09:45:00+00:00,1.38362,1.38363,1.38306,1.38331,1925
2026-08-24T10:00:00+00:00,1.38331,1.38343,1.38294,1.38304,1750
2026-08-24T10:15:00+00:00,1.38304,1.38325,1.38293,1.38311,1437
2026-08-24T10:30:00+00:00,1.38311,1.38385,1.38304,1.38378,2225
2026-08-24T10:45:00+00:00,1.38378,1.38407,1.38366,1.38401,2000
2026-08-24T11:00:00+00:00,1.38401,1.38454,1.38386,1.38448,2120
2026-08-24T11:15:00+00:00,1.38448,1.38466,1.38386,1.38414,2095
2026-08-24T11:30:00+00:00,1.38414,1.3845,1.38378,1.38446,3743
2026-08-24T11:45:00+00:00,1.38446,1.38472,1.38428,1.38458,2667
2026-08-24T12:00:00+00:00,1.38458,1.38507,1.38457,1.38495,2732
2026-08-24T12:15:00+00:00,1.38495,1.38498,1.38379,1.38381,3165
2026-08-24T12:30:00+00:00,1.38381,1.38443,1.38307,1.38358,4061
2026-08-24T12:45:00+00:00,1.38358,1.3839,1.38341,1.38354,2677
2026-08-24T13:00:00+00:00,1.38354,1.38357,1.38269,1.38274,2648
2026-08-24T13:15:00+00:00,1.38274,1.38306,1.38243,1.38293,2951
2026-08-24T13:30:00+00:00,1.38293,1.38354,1.38214,1.38351,5254
2026-08-24T13:45:00+00:00,1.38351,1.38351,1.38241,1.38272,4268
2026-08-24T14:00:00+00:00,1.38272,1.38341,1.38272,1.38292,4346
2026-08-24T14:15:00+00:00,1.38292,1.38372,1.38244,1.38262,3107
2026-08-24T14:30:00+00:00,1.38262,1.38345,1.38222,1.3831,3122
2026-08-24T14:45:00+00:00,1.3831,1.3844,1.38309,1.38398,3921
2026-08-24T15:00:00+00:00,1.38398,1.38403,1.38329,1.38342,2900
2026-08-24T15:15:00+00:00,1.38342,1.38371,1.38311,1.3832,3647
2026-08-24T15:30:00+00:00,1.3832,1.38367,1.38309,1.38367,3154
2026-08-24T15:45:00+00:00,1.38367,1.38425,1.38349,1.38412,2870
2026-08-24T16:00:00+00:00,1.38412,1.38442,1.38379,1.38399,3806
2026-08-24T16:15:00+00:00,1.38399,1.38435,1.38387,1.38434,1994
2026-08-24T16:30:00+00:00,1.38434,1.38447,1.38407,1.38415,1432
2026-08-24T16:45:00+00:00,1.38415,1.38483,1.38407,1.38481,1711
2026-08-24T17:00:00+00:00,1.38481,1.38529,1.38467,1.38521,3068
2026-08-24T17:15:00+00:00,1.38521,1.386,1.38502,1.38589,2887
2026-08-24T17:30:00+00:00,1.38589,1.3859,1.38547,1.38572,1912
2026-08-24T17:45:00+00:00,1.38572,1.38601,1.38559,1.38569,1975
2026-08-24T18:00:00+00:00,1.38569,1.38582,1.38559,1.38572,1704
2026-08-24T18:15:00+00:00,1.38572,1.38573,1.38503,1.38504,1419
2026-08-24T18:30:00+00:00,1.38504,1.38559,1.385,1.38515,1611
2026-08-24T18:45:00+00:00,1.38515,1.38533,1.38493,1.38499,1836
2026-08-24T19:00:00+00:00,1.38499,1.38512,1.38481,1.3849,1191
2026-08-24T19:15:00+00:00,1.3849,1.38503,1.38463,1.38498,984
2026-08-24T19:30:00+00:00,1.38498,1.38502,1.38463,1.38464,1020
2026-08-24T19:45:00+00:00,1.38464,1.38471,1.38435,1.38455,1389
2026-08-24T20:00:00+00:00,1.38455,1.38487,1.38454,1.38458,1070
2026-08-24T20:15:00+00:00,1.38458,1.38473,1.38439,1.3846,475
2026-08-24T20:30:00+00:00,1.3846,1.38488,1.38459,1.38466,435
2026-08-24T20:45:00+00:00,1.38466,1.38471,1.38431,1.38437,907
2026-08-24T21:00:00+00:00,1.38437,1.38437,1.38375,1.38375,26
2026-08-24T21:15:00+00:00,1.38375,1.38388,1.38353,1.38385,161
2026-08-24T21:30:00+00:00,1.38385,1.38407,1.38363,1.38374,450
2026-08-24T21:45:00+00:00,1.38374,1.38406,1.3837,1.38405,306
2026-08-24T22:00:00+00:00,1.38405,1.38486,1.38405,1.38451,361
2026-08-24T22:15:00+00:00,1.38451,1.38451,1.38404,1.3843,294
2026-08-24T22:30:00+00:00,1.3843,1.38439,1.38422,1.38424,199
2026-08-24T22:45:00+00:00,1.38424,1.38428,1.38423,1.38428,140
2026-08-24T23:00:00+00:00,1.38428,1.38428,1.38412,1.38421,367
2026-08-24T23:15:00+00:00,1.38421,1.38444,1.38418,1.38444,408
2026-08-24T23:30:00+00:00,1.38444,1.38446,1.38423,1.38426,441
2026-08-24T23:45:00+00:00,1.38426,1.38432,1.38404,1.38407,622
2026-08-25T00:00:00+00:00,1.38407,1.38452,1.38398,1.38429,1483
2026-08-25T00:15:00+00:00,1.38429,1.3846,1.38426,1.38438,1398
2026-08-25T00:30:00+00:00,1.38438,1.38443,1.38423,1.38438,2825
2026-08-25T00:45:00+00:00,1.38438,1.38457,1.38433,1.38454,2940
2026-08-25T01:00:00+00:00,1.38454,1.38478,1.38445,1.38457,1335
2026-08-25T01:15:00+00:00,1.38457,1.38496,1.38457,1.38483,1549
2026-08-25T01:30:00+00:00,1.38483,1.38512,1.38483,1.38505,1454
2026-08-25T01:45:00+00:00,1.38505,1.38536,1.38494,1.38527,1613
2026-08-25T02:00:00+00:00,1.38527,1.38537,1.38507,1.38525,1379
2026-08-25T02:15:00+00:00,1.38525,1.38529,1.385,1.38505,1762
2026-08-25T02:30:00+00:00,1.38505,1.3853,1.38492,1.38504,1775
2026-08-25T02:45:00+00:00,1.38504,1.38529,1.38486,1.38513,1920
2026-08-25T03:00:00+00:00,1.38513,1.38521,1.38496,1.38513,2208
2026-08-25T03:15:00+00:00,1.38513,1.38534,1.38507,1.38531,1951
2026-08-25T03:30:00+00:00,1.38531,1.38537,1.38512,1.38526,1124
2026-08-25T03:45:00+00:00,1.38526,1.38543,1.38523,1.38533,1072
2026-08-25T04:00:00+00:00,1.38533,1.38573,1.38533,1.38553,1599
2026-08-25T04:15:00+00:00,1.38553,1.38596,1.38553,1.38592,922
2026-08-25T04:30:00+00:00,1.38592,1.386,1.38578,1.38583,944
2026-08-25T04:45:00+00:00,1.38583,1.38599,1.38583,1.38593,798
2026-08-25T05:00:00+00:00,1.38593,1.38602,1.3858,1.38587,947
2026-08-25T05:15:00+00:00,1.38587,1.38605,1.38582,1.38593,976
2026-08-25T05:30:00+00:00,1.38593,1.38593,1.38571,1.38591,1518
2026-08-25T05:45:00+00:00,1.38591,1.38621,1.38589,1.386,1073
2026-08-25T06:00:00+00:00,1.386,1.38639,1.3858,1.38582,1445
2026-08-25T06:15:00+00:00,1.38582,1.38598,1.38572,1.38576,2755
2026-08-25T06:30:00+00:00,1.38576,1.38611,1.38555,1.38601,2213
2026-08-25T06:45:00+00:00,1.38601,1.38669,1.386,1.38652,2192
2026-08-25T07:00:00+00:00,1.38652,1.38652,1.38575,1.38595,2166
2026-08-25T07:15:00+00:00,1.38595,1.38618,1.38565,1.38617,1681
2026-08-25T07:30:00+00:00,1.38617,1.38664,1.38613,1.38656,1639
2026-08-25T07:45:00+00:00,1.38656,1.38656,1.38604,1.38604,1850
2026-08-25T08:00:00+00:00,1.38604,1.38634,1.38584,1.38598,1710
2026-08-25T08:15:00+00:00,1.38598,1.38623,1.38576,1.38598,3202
2026-08-25T08:30:00+00:00,1.38598,1.38627,1.38573,1.3861,3104
2026-08-25T08:45:00+00:00,1.3861,1.38625,1.3859,1.38604,3612
2026-08-25T09:00:00+00:00,1.38604,1.38611,1.38545,1.38547,3740
2026-08-25T09:15:00+00:00,1.38547,1.38588,1.38544,1.38583,3024
2026-08-25T09:30:00+00:00,1.38583,1.3859,1.38533,1.38547,3143
2026-08-25T09:45:00+00:00,1.38547,1.38563,1.38526,1.38545,1785
2026-08-25T10:00:00+00:00,1.38545,1.38614,1.38543,1.38603,1535
2026-08-25T10:15:00+00:00,1.38603,1.38638,1.38589,1.38629,1464
2026-08-25T10:30:00+00:00,1.38629,1.38644,1.38557,1.38563,1660
2026-08-25T10:45:00+00:00,1.38563,1.38606,1.38554,1.38589,1884
2026-08-25T11:00:00+00:00,1.38589,1.38589,1.38554,1.38581,2332
2026-08-25T11:15:00+00:00,1.38581,1.38585,1.38542,1.38565,2083
2026-08-25T11:30:00+00:00,1.38565,1.38568,1.38534,1.38547,1809
2026-08-25T11:45:00+00:00,1.38547,1.38608,1.38538,1.38606,1967
2026-08-25T12:00:00+00:00,1.38606,1.3862,1.3854799999999998,1.38564,2897
2026-08-25T12:15:00+00:00,1.38564,1.38625,1.3856199999999999,1.38618,2974
2026-08-25T12:30:00+00:00,1.38618,1.3862599999999998,1.3855899999999999,1.3855899999999999,1708
2026-08-25T12:45:00+00:00,1.3855899999999999,1.3857899999999999,1.38513,1.3851499999999999,2266
2026-08-25T13:00:00+00:00,1.3851499999999999,1.3856,1.38434,1.38473,3428
2026-08-25T13:15:00+00:00,1.38473,1.38493,1.3844299999999998,1.3846699999999998,3083
2026-08-25T13:30:00+00:00,1.3846699999999998,1.38485,1.3840999999999999,1.3846399999999999,4248
2026-08-25T13:45:00+00:00,1.3846399999999999,1.38479,1.38337,1.38337,3141
2026-08-25T14:00:00+00:00,1.38337,1.3836899999999999,1.383,1.3832,3575
2026-08-25T14:15:00+00:00,1.3832,1.38374,1.3830699999999998,1.38356,3284
2026-08-25T14:30:00+00:00,1.38356,1.38387,1.38296,1.3831,3139
2026-08-25T14:45:00+00:00,1.3831,1.38391,1.3825999999999998,1.38351,4195
2026-08-25T15:00:00+00:00,1.38351,1.38428,1.38346,1.38418,2514
2026-08-25T15:15:00+00:00,1.38418,1.3844599999999998,1.38404,1.3841899999999998,2060
2026-08-25T15:30:00+00:00,1.3841899999999998,1.3841899999999998,1.38351,1.38387,4100
2026-08-25T15:45:00+00:00,1.38387,1.3839299999999999,1.38343,1.3834799999999998,2809
2026-08-25T16:00:00+00:00,1.3834799999999998,1.38361,1.38326,1.3835,2362
2026-08-25T16:15:00+00:00,1.3835,1.38404,1.3835,1.3839899999999998,2086
2026-08-25T16:30:00+00:00,1.3839899999999998,1.38408,1.3838499999999998,1.3840299999999999,2098
2026-08-25T16:45:00+00:00,1.3840299999999999,1.3840299999999999,1.3837,1.38388,1597
2026-08-25T17:00:00+00:00,1.38388,1.3841299999999999,1.38367,1.3838599999999999,1475
2026-08-25T17:15:00+00:00,1.3838599999999999,1.3838599999999999,1.38351,1.3835799999999998,1354
2026-08-25T17:30:00+00:00,1.3835799999999998,1.3837,1.3833199999999999,1.3835199999999999,1433
2026-08-25T17:45:00+00:00,1.3835199999999999,1.38356,1.3833099999999998,1.3834,1301
2026-08-25T18:00:00+00:00,1.3834,1.3834099999999998,1.38302,1.38329,1698
2026-08-25T18:15:00+00:00,1.38329,1.38333,1.3829699999999998,1.38312,1479
2026-08-25T18:30:00+00:00,1.38312,1.3833,1.38309,1.3832399999999998,1160
2026-08-25T18:45:00+00:00,1.3832399999999998,1.3832899999999997,1.3828699999999998,1.3829599999999997,1516
2026-08-25T19:00:00+00:00,1.3829599999999997,1.3830099999999999,1.3826899999999998,1.3827199999999997,2034
2026-08-25T19:15:00+00:00,1.3827199999999997,1.3828599999999998,1.3825299999999998,1.3828499999999997,1829
2026-08-25T19:30:00+00:00,1.3828499999999997,1.3830499999999997,1.3828299999999998,1.3830399999999998,1227
2026-08-25T19:45:00+00:00,1.3830399999999998,1.3831299999999997,1.3827799999999997,1.3830399999999998,2259
2026-08-25T20:00:00+00:00,1.3830399999999998,1.3833299999999997,1.3829399999999998,1.3832599999999997,1558
2026-08-25T20:15:00+00:00,1.3832599999999997,1.3835199999999999,1.3831799999999999,1.3834099999999998,811
2026-08-25T20:30:00+00:00,1.3834099999999998,1.3838099999999998,1.3833299999999997,1.3837899999999999,637
2026-08-25T20:45:00+00:00,1.3837899999999999,1.3846599999999998,1.3836099999999998,1.3836499999999998,1627
2026-08-25T21:00:00+00:00,1.3836499999999998,1.3836499999999998,1.38307,1.38322,35
2026-08-25T21:15:00+00:00,1.38322,1.38375,1.38322,1.38372,169
2026-08-25T21:30:00+00:00,1.38372,1.38382,1.3834499999999998,1.3834499999999998,575
2026-08-25T21:45:00+00:00,1.3834499999999998,1.3834499999999998,1.3831499999999999,1.3834499999999998,428
2026-08-25T22:00:00+00:00,1.3834499999999998,1.38401,1.3834499999999998,1.38387,715
2026-08-25T22:15:00+00:00,1.38387,1.38394,1.38368,1.3838599999999999,417
2026-08-25T22:30:00+00:00,1.3838599999999999,1.3838899999999998,1.38348,1.3834899999999999,292
2026-08-25T22:45:00+00:00,1.3834899999999999,1.38358,1.38339,1.3834899999999999,517
2026-08-25T23:00:00+00:00,1.3834899999999999,1.3837,1.38339,1.3836199999999999,654
2026-08-25T23:15:00+00:00,1.3836199999999999,1.38383,1.38355,1.38383,289
2026-08-25T23:30:00+00:00,1.38383,1.38394,1.3838,1.38381,397
2026-08-25T23:45:00+00:00,1.38381,1.38382,1.38368,1.38378,1095
2026-08-26T00:00:00+00:00,1.38378,1.3840299999999999,1.38367,1.3838899999999998,1626
2026-08-26T00:15:00+00:00,1.3838899999999998,1.38408,1.38374,1.38401,1198
2026-08-26T00:30:00+00:00,1.38401,1.3843299999999998,1.38388,1.38408,1024
2026-08-26T00:45:00+00:00,1.38408,1.38438,1.38402,1.38427,1848
2026-08-26T01:00:00+00:00,1.38427,1.3850099999999999,1.38424,1.38492,1892
2026-08-26T01:15:00+00:00,1.38492,1.38494,1.38461,1.3848,2048
2026-08-26T01:30:00+00:00,1.3848,1.3848099999999999,1.3843999999999999,1.38477,2814
2026-08-26T01:45:00+00:00,1.38477,1.38478,1.3842999999999999,1.38455,2300
2026-08-26T02:00:00+00:00,1.38455,1.38483,1.38434,1.38473,1587
2026-08-26T02:15:00+00:00,1.38473,1.38558,1.38473,1.38537,1620
2026-08-26T02:30:00+00:00,1.38537,1.38539,1.38509,1.38524,1882
2026-08-26T02:45:00+00:00,1.38524,1.38571,1.38521,1.38556,1220
2026-08-26T03:00:00+00:00,1.38556,1.38587,1.38551,1.38582,1244
2026-08-26T03:15:00+00:00,1.38582,1.38607,1.3858,1.38594,1236
2026-08-26T03:30:00+00:00,1.38594,1.38602,1.38567,1.38575,1323
2026-08-26T03:45:00+00:00,1.38575,1.38599,1.38575,1.3859599999999999,932
2026-08-26T04:00:00+00:00,1.3859599999999999,1.38614,1.3858599999999999,1.38614,778
2026-08-26T04:15:00+00:00,1.38614,1.38624,1.38611,1.38622,548
2026-08-26T04:30:00+00:00,1.38622,1.38642,1.3861299999999999,1.38638,553
2026-08-26T04:45:00+00:00,1.38638,1.38663,1.3863699999999999,1.3865399999999999,839
2026-08-26T05:00:00+00:00,1.3865399999999999,1.38673,1.3863999999999999,1.38666,1035
2026-08-26T05:15:00+00:00,1.38666,1.38666,1.38622,1.38632,1097
2026-08-26T05:30:00+00:00,1.38632,1.38634,1.38602,1.38611,1556
2026-08-26T05:45:00+00:00,1.38611,1.3863299999999998,1.38601,1.3861999999999999,1226
2026-08-26T06:00:00+00:00,1.3861999999999999,1.38642,1.3859599999999999,1.38622,1768
2026-08-26T06:15:00+00:00,1.38622,1.38622,1.38564,1.38605,2031
2026-08-26T06:30:00+00:00,1.38605,1.3865699999999999,1.38602,1.38639,2136
2026-08-26T06:45:00+00:00,1.38639,1.3866,1.3861999999999999,1.3863299999999998,1760
2026-08-26T07:00:00+00:00,1.3863299999999998,1.38653,1.3861299999999999,1.38631,2167
2026-08-26T07:15:00+00:00,1.38631,1.38652,1.38607,1.3861999999999999,2263
2026-08-26T07:30:00+00:00,1.3861999999999999,1.38625,1.38588,1.386,1412
2026-08-26T07:45:00+00:00,1.386,1.3864999999999998,1.38595,1.38635,2167
2026-08-26T08:00:00+00:00,1.38635,1.38639,1.3858899999999998,1.3859599999999999,2492
2026-08-26T08:15:00+00:00,1.3859599999999999,1.38635,1.38584,1.3862299999999999,1632
2026-08-26T08:30:00+00:00,1.3862299999999999,1.38663,1.38604,1.38641,1379
2026-08-26T08:45:00+00:00,1.38641,1.3868,1.38638,1.3866399999999999,2151
2026-08-26T09:00:00+00:00,1.3866399999999999,1.38703,1.3865699999999999,1.387,1602
2026-08-26T09:15:00+00:00,1.387,1.38706,1.3867,1.38687,1174
2026-08-26T09:30:00+00:00,1.38687,1.38702,1.38668,1.38692,1130
2026-08-26T09:45:00+00:00,1.38692,1.3869399999999998,1.3865699999999999,1.38675,1244
2026-08-26T10:00:00+00:00,1.38675,1.38677,1.38661,1.3867399999999999,1241
2026-08-26T10:15:00+00:00,1.3867399999999999,1.38709,1.3867399999999999,1.38688,1224
2026-08-26T10:30:00+00:00,1.38688,1.3870099999999999,1.3867099999999999,1.3869,1111
2026-08-26T10:45:00+00:00,1.3869,1.3870099999999999,1.3867399999999999,1.38696,1197
2026-08-26T11:00:00+00:00,1.38696,1.38748,1.38685,1.38699,1547
2026-08-26T11:15:00+00:00,1.38699,1.38731,1.38699,1.38721,1987
2026-08-26T11:30:00+00:00,1.38721,1.38723,1.38658,1.38663,1694
2026-08-26T11:45:00+00:00,1.38663,1.38665,1.38626,1.38627,1566
2026-08-26T12:00:00+00:00,1.38627,1.38644,1.3861299999999999,1.3861999999999999,2123
2026-08-26T12:15:00+00:00,1.3861999999999999,1.38621,1.3858599999999999,1.3858599999999999,1818
2026-08-26T12:30:00+00:00,1.3858599999999999,1.38685,1.3854499999999998,1.3867399999999999,2405
2026-08-26T12:45:00+00:00,1.3867399999999999,1.3873499999999999,1.38642,1.3872499999999999,2845
2026-08-26T13:00:00+00:00,1.3872499999999999,1.3879,1.3872499999999999,1.38743,3872
2026-08-26T13:15:00+00:00,1.38743,1.3876899999999999,1.38717,1.38724,2906
2026-08-26T13:30:00+00:00,1.38724,1.3878899999999998,1.3871,1.38729,3843
2026-08-26T13:45:00+00:00,1.38729,1.3874,1.38666,1.38702,3791
2026-08-26T14:00:00+00:00,1.38702,1.3875199999999999,1.38693,1.3874499999999999,3599
2026-08-26T14:15:00+00:00,1.3874499999999999,1.38885,1.38741,1.38873,3191
2026-08-26T14:30:00+00:00,1.38873,1.38885,1.38815,1.3883699999999999,2961
2026-08-26T14:45:00+00:00,1.3883699999999999,1.38934,1.38835,1.3892,3186
2026-08-26T15:00:00+00:00,1.3892,1.3893499999999999,1.38831,1.38885,3043
2026-08-26T15:15:00+00:00,1.38885,1.38906,1.3884999999999998,1.38863,2489
2026-08-26T15:30:00+00:00,1.38863,1.38866,1.38826,1.3883699999999999,2060
2026-08-26T15:45:00+00:00,1.3883699999999999,1.3885399999999999,1.38773,1.38775,2981
2026-08-26T16:00:00+00:00,1.38775,1.38791,1.38749,1.3874999999999997,2159
2026-08-26T16:15:00+00:00,1.3874999999999997,1.3874999999999997,1.38705,1.3872099999999998,1569
2026-08-26T16:30:00+00:00,1.3872099999999998,1.38773,1.3870599999999997,1.3875399999999998,1983
2026-08-26T16:45:00+00:00,1.3875399999999998,1.3879599999999999,1.3874699999999998,1.3878,1778
2026-08-26T17:00:00+00:00,1.3878,1.3881099999999997,1.3875699999999997,1.3877199999999998,1981
2026-08-26T17:15:00+00:00,1.3877199999999998,1.3877799999999998,1.3872399999999998,1.3872599999999997,1697
2026-08-26T17:30:00+00:00,1.3872599999999997,1.3875499999999998,1.38719,1.3873699999999998,1355
2026-08-26T17:45:00+00:00,1.3873699999999998,1.3876999999999997,1.3873299999999997,1.3874999999999997,1837
2026-08-26T18:00:00+00:00,1.3874999999999997,1.3875799999999998,1.3871599999999997,1.3872299999999997,1629
2026-08-26T18:15:00+00:00,1.3872299999999997,1.3876799999999998,1.3872299999999997,1.38766,1130
2026-08-26T18:30:00+00:00,1.38766,1.3879499999999998,1.3875499999999998,1.3878599999999999,1139
2026-08-26T18:45:00+00:00,1.3878599999999999,1.3879,1.3876799999999998,1.3879,1228
2026-08-26T19:00:00+00:00,1.3879,1.38798,1.38763,1.38766,1188
2026-08-26T19:15:00+00:00,1.38766,1.3878899999999998,1.38764,1.3876799999999998,1106
2026-08-26T19:30:00+00:00,1.3876799999999998,1.3878199999999998,1.3875899999999999,1.38777,1269
2026-08-26T19:45:00+00:00,1.38777,1.38801,1.3876899999999999,1.3877799999999998,1163
2026-08-26T20:00:00+00:00,1.3877799999999998,1.38804,1.38774,1.38801,834
2026-08-26T20:15:00+00:00,1.38801,1.3880899999999998,1.3877599999999999,1.3878599999999999,576
2026-08-26T20:30:00+00:00,1.3878599999999999,1.3878599999999999,1.3875099999999998,1.3875399999999998,456
2026-08-26T20:45:00+00:00,1.3875399999999998,1.38774,1.3875199999999999,1.3876899999999999,1268
2026-08-26T21:00:00+00:00,1.3876899999999999,1.3876899999999999,1.38682,1.38682,28
2026-08-26T21:15:00+00:00,1.38682,1.38741,1.38682,1.38735,106
2026-08-26T21:30:00+00:00,1.38735,1.38735,1.38699,1.38728,737
2026-08-26T21:45:00+00:00,1.38728,1.38731,1.38706,1.38731,722
2026-08-26T22:00:00+00:00,1.38731,1.3877,1.38731,1.38757,443
2026-08-26T22:15:00+00:00,1.38757,1.38768,1.38751,1.38763,222
2026-08-26T22:30:00+00:00,1.38763,1.3877,1.38748,1.38748,261
2026-08-26T22:45:00+00:00,1.38748,1.38761,1.38748,1.38759,215
2026-08-26T23:00:00+00:00,1.38759,1.3876,1.38739,1.3874,321
2026-08-26T23:15:00+00:00,1.3874,1.38782,1.3873,1.38776,368
2026-08-26T23:30:00+00:00,1.38776,1.38779,1.38746,1.38747,237
2026-08-26T23:45:00+00:00,1.38747,1.38766,1.38745,1.38748,1200
2026-08-27T00:00:00+00:00,1.38748,1.38812,1.38748,1.38798,4017
2026-08-27T00:15:00+00:00,1.38798,1.38802,1.38751,1.38751,2846
2026-08-27T00:30:00+00:00,1.38751,1.38775,1.38733,1.38769,1659
2026-08-27T00:45:00+00:00,1.38769,1.3877,1.38727,1.38733,2121
2026-08-27T01:00:00+00:00,1.38733,1.3878000000000001,1.38731,1.38775,2054
2026-08-27T01:15:00+00:00,1.38775,1.3878300000000001,1.38748,1.3878000000000001,1730
2026-08-27T01:30:00+00:00,1.3878000000000001,1.38785,1.3875,1.3877700000000002,1820
2026-08-27T01:45:00+00:00,1.3877700000000002,1.38795,1.3877000000000002,1.38788,1267
2026-08-27T02:00:00+00:00,1.38788,1.3879400000000002,1.38769,1.38784,1276
2026-08-27T02:15:00+00:00,1.38784,1.3880400000000002,1.3878000000000001,1.3880400000000002,1108
2026-08-27T02:30:00+00:00,1.3880400000000002,1.38812,1.38793,1.3880400000000002,1797
2026-08-27T02:45:00+00:00,1.3880400000000002,1.3883100000000002,1.38802,1.38822,1662
2026-08-27T03:00:00+00:00,1.38822,1.3882400000000001,1.3880000000000001,1.38803,1712
2026-08-27T03:15:00+00:00,1.38803,1.38825,1.38802,1.38822,1532
2026-08-27T03:30:00+00:00,1.38822,1.3884400000000001,1.3881700000000001,1.38836,1088
2026-08-27T03:45:00+00:00,1.38836,1.38847,1.38828,1.3884,974
2026-08-27T04:00:00+00:00,1.3884,1.38854,1.38822,1.38828,1174
2026-08-27T04:15:00+00:00,1.38828,1.38837,1.3881400000000002,1.38823,1360
2026-08-27T04:30:00+00:00,1.38823,1.38836,1.3882,1.38828,1176
2026-08-27T04:45:00+00:00,1.38828,1.38832,1.3881400000000002,1.38819,1383
2026-08-27T05:00:00+00:00,1.38819,1.38837,1.3881000000000001,1.3882,2126
2026-08-27T05:15:00+00:00,1.3882,1.3884800000000002,1.38803,1.38808,1687
2026-08-27T05:30:00+00:00,1.38808,1.3883400000000001,1.38802,1.3883,1797
2026-08-27T05:45:00+00:00,1.3883,1.38853,1.38822,1.38847,1740
2026-08-27T06:00:00+00:00,1.38847,1.38862,1.38835,1.3885100000000001,1417
2026-08-27T06:15:00+00:00,1.3885100000000001,1.38859,1.3883400000000001,1.3884,2833
2026-08-27T06:30:00+00:00,1.3884,1.38877,1.3883800000000002,1.38867,2808
2026-08-27T06:45:00+00:00,1.38867,1.38883,1.38857,1.38879,2978
2026-08-27T07:00:00+00:00,1.38879,1.3889200000000002,1.3886,1.3886100000000001,2862
2026-08-27T07:15:00+00:00,1.3886100000000001,1.3891,1.38859,1.3891,2152
2026-08-27T07:30:00+00:00,1.3891,1.3891200000000001,1.38832,1.38833,1932
2026-08-27T07:45:00+00:00,1.38833,1.3887500000000002,1.3882100000000002,1.38835,1760
2026-08-27T08:00:00+00:00,1.38835,1.38835,1.38775,1.3879400000000002,2039
2026-08-27T08:15:00+00:00,1.3879400000000002,1.38842,1.38779,1.38835,2525
2026-08-27T08:30:00+00:00,1.38835,1.3885500000000002,1.3881700000000001,1.3882,2361
2026-08-27T08:45:00+00:00,1.3882,1.38826,1.38792,1.38816,2542
2026-08-27T09:00:00+00:00,1.38816,1.38832,1.3878300000000001,1.38788,2949
2026-08-27T09:15:00+00:00,1.38788,1.38816,1.3877300000000001,1.38803,2604
2026-08-27T09:30:00+00:00,1.38803,1.38867,1.38802,1.38863,3308
2026-08-27T09:45:00+00:00,1.38863,1.3886500000000002,1.3882,1.38846,2227
2026-08-27T10:00:00+00:00,1.38846,1.3885,1.3881700000000001,1.3882100000000002,2888
2026-08-27T10:15:00+00:00,1.3882100000000002,1.38835,1.38784,1.38793,1514
2026-08-27T10:30:00+00:00,1.38793,1.38853,1.3879000000000001,1.38843,1702
2026-08-27T10:45:00+00:00,1.38843,1.38879,1.38843,1.3886100000000001,1249
2026-08-27T11:00:00+00:00,1.3886100000000001,1.38863,1.38819,1.38822,1433
2026-08-27T11:15:00+00:00,1.38822,1.38835,1.3875600000000001,1.38757,1257
2026-08-27T11:30:00+00:00,1.38757,1.38786,1.38727,1.38745,2536
2026-08-27T11:45:00+00:00,1.38745,1.38758,1.38684,1.3872,2467
2026-08-27T12:00:00+00:00,1.3872,1.3876300000000001,1.38676,1.38758,3159
2026-08-27T12:15:00+00:00,1.38758,1.3877700000000002,1.38703,1.38703,2419
2026-08-27T12:30:00+00:00,1.38703,1.3873600000000001,1.3868500000000001,1.3869,2295
2026-08-27T12:45:00+00:00,1.3869,1.38735,1.38669,1.38727,2311
2026-08-27T13:00:00+00:00,1.38727,1.3873900000000001,1.3865,1.38653,3403
2026-08-27T13:15:00+00:00,1.38653,1.38659,1.38531,1.38548,2945
2026-08-27T13:30:00+00:00,1.38548,1.38653,1.38535,1.3865,3094
2026-08-27T13:45:00+00:00,1.3865,1.3868200000000002,1.38593,1.3861400000000001,3969
2026-08-27T14:00:00+00:00,1.3861400000000001,1.38663,1.38584,1.3865,4574
2026-08-27T14:15:00+00:00,1.3865,1.3865,1.38565,1.3861400000000001,3760
2026-08-27T14:30:00+00:00,1.3861400000000001,1.38623,1.38532,1.38541,3333
2026-08-27T14:45:00+00:00,1.38541,1.3863100000000002,1.3852900000000001,1.38612,3558
2026-08-27T15:00:00+00:00,1.38612,1.38664,1.38592,1.3861700000000001,3624
2026-08-27T15:15:00+00:00,1.3861700000000001,1.38657,1.38592,1.3862700000000001,2853
2026-08-27T15:30:00+00:00,1.3862700000000001,1.3862800000000002,1.38569,1.3858300000000001,2951
2026-08-27T15:45:00+00:00,1.3858300000000001,1.3860000000000001,1.38542,1.38554,2396
2026-08-27T16:00:00+00:00,1.38554,1.38605,1.38544,1.38602,2155
2026-08-27T16:15:00+00:00,1.38602,1.38614,1.38571,1.38575,1715
2026-08-27T16:30:00+00:00,1.38575,1.3859299999999999,1.38556,1.38571,1955
2026-08-27T16:45:00+00:00,1.38571,1.38591,1.38545,1.38571,2691
2026-08-27T17:00:00+00:00,1.38571,1.38599,1.3856,1.38598,2028
2026-08-27T17:15:00+00:00,1.38598,1.38605,1.3858,1.3859,1718
2026-08-27T17:30:00+00:00,1.3859,1.38615,1.38574,1.38609,1391
2026-08-27T17:45:00+00:00,1.38609,1.38622,1.38554,1.38563,2308
2026-08-27T18:00:00+00:00,1.38563,1.38589,1.38553,1.38577,1931
2026-08-27T18:15:00+00:00,1.38577,1.38607,1.38573,1.38604,1359
2026-08-27T18:30:00+00:00,1.38604,1.38625,1.38581,1.38584,1320
2026-08-27T18:45:00+00:00,1.38584,1.3859299999999999,1.3857,1.38582,1052
2026-08-27T19:00:00+00:00,1.38582,1.38588,1.38565,1.38565,1794
2026-08-27T19:15:00+00:00,1.38565,1.38581,1.38554,1.3856899999999999,961
2026-08-27T19:30:00+00:00,1.3856899999999999,1.38587,1.3856,1.38584,1528
2026-08-27T19:45:00+00:00,1.38584,1.38602,1.38523,1.38547,2153
2026-08-27T20:00:00+00:00,1.38547,1.38551,1.3853,1.38539,713
2026-08-27T20:15:00+00:00,1.38539,1.3855899999999999,1.38538,1.38555,349
2026-08-27T20:30:00+00:00,1.38555,1.3857,1.38555,1.3857,430
2026-08-27T20:45:00+00:00,1.3857,1.3858599999999999,1.3855,1.3855,630
2026-08-27T21:00:00+00:00,1.3855,1.38558,1.38498,1.38519,96
2026-08-27T21:15:00+00:00,1.38519,1.38551,1.38519,1.38519,50
2026-08-27T21:30:00+00:00,1.38519,1.38527,1.38499,1.38505,140
2026-08-27T21:45:00+00:00,1.38505,1.38513,1.38485,1.38513,274
2026-08-27T22:00:00+00:00,1.38513,1.38547,1.38513,1.38536,308
2026-08-27T22:15:00+00:00,1.38536,1.38537,1.38518,1.38535,245
2026-08-27T22:30:00+00:00,1.38535,1.38536,1.38511,1.38522,274
2026-08-27T22:45:00+00:00,1.38522,1.38527,1.38504,1.38513,317
2026-08-27T23:00:00+00:00,1.38513,1.38528,1.38504,1.38511,389
2026-08-27T23:15:00+00:00,1.38511,1.38536,1.38505,1.38529,295
2026-08-27T23:30:00+00:00,1.38529,1.38533,1.38513,1.3852,423
2026-08-27T23:45:00+00:00,1.3852,1.3852,1.38504,1.38513,587
2026-08-28T00:00:00+00:00,1.38513,1.3852,1.38482,1.38503,1487
2026-08-28T00:15:00+00:00,1.38503,1.38523,1.38494,1.38513,1251
2026-08-28T00:30:00+00:00,1.38513,1.38519,1.38494,1.38499,997
2026-08-28T00:45:00+00:00,1.38499,1.38503,1.38478,1.38489,1222
2026-08-28T01:00:00+00:00,1.38489,1.38508,1.38483,1.38501,1700
2026-08-28T01:15:00+00:00,1.38501,1.38536,1.385,1.38525,1443
2026-08-28T01:30:00+00:00,1.38525,1.38534,1.38506,1.38517,1915
2026-08-28T01:45:00+00:00,1.38517,1.38557,1.38515,1.38545,1537
2026-08-28T02:00:00+00:00,1.38545,1.38555,1.38526,1.38535,1515
2026-08-28T02:15:00+00:00,1.38535,1.38546,1.38504,1.38522,1175
2026-08-28T02:30:00+00:00,1.38522,1.38524,1.38501,1.3851,1533
2026-08-28T02:45:00+00:00,1.3851,1.38518,1.38476,1.38486,1280
2026-08-28T03:00:00+00:00,1.38486,1.38494,1.3848,1.38486,1010
2026-08-28T03:15:00+00:00,1.38486,1.38496,1.38479,1.38487,973
2026-08-28T03:30:00+00:00,1.38487,1.38509,1.38479,1.38507,930
2026-08-28T03:45:00+00:00,1.38507,1.38518,1.38502,1.38509,841
2026-08-28T04:00:00+00:00,1.38509,1.38519,1.38505,1.38514,1267
2026-08-28T04:15:00+00:00,1.38514,1.38527,1.3851,1.38522,708
2026-08-28T04:30:00+00:00,1.38522,1.38533,1.38519,1.38525,964
2026-08-28T04:45:00+00:00,1.38525,1.38534,1.38516,1.38525,1084
2026-08-28T05:00:00+00:00,1.38525,1.38546,1.38523,1.38536,1592
2026-08-28T05:15:00+00:00,1.38536,1.38536,1.38519,1.38524,583
2026-08-28T05:30:00+00:00,1.38524,1.38545,1.38511,1.38542,1113
2026-08-28T05:45:00+00:00,1.38542,1.38544,1.38502,1.38519,1182
2026-08-28T06:00:00+00:00,1.38519,1.38528,1.38481,1.38497,2215
2026-08-28T06:15:00+00:00,1.38497,1.38516,1.38468,1.3847,2312
2026-08-28T06:30:00+00:00,1.3847,1.3853,1.3847,1.38499,2452
2026-08-28T06:45:00+00:00,1.38499,1.38509,1.3848,1.3849,2169
2026-08-28T07:00:00+00:00,1.3849,1.38534,1.3849,1.38531,1718
2026-08-28T07:15:00+00:00,1.38531,1.38573,1.38527,1.38554,1795
2026-08-28T07:30:00+00:00,1.38554,1.38565,1.38518,1.38545,1685
2026-08-28T07:45:00+00:00,1.38545,1.38548,1.38521,1.38535,1210
2026-08-28T08:00:00+00:00,1.38535,1.3856,1.38517,1.3855,2159
2026-08-28T08:15:00+00:00,1.3855,1.38569,1.3853,1.38562,1783
2026-08-28T08:30:00+00:00,1.38562,1.38584,1.38547,1.38563,1917
2026-08-28T08:45:00+00:00,1.38563,1.38574,1.38544,1.38554,1880
2026-08-28T09:00:00+00:00,1.38554,1.38574,1.38538,1.38563,1809
2026-08-28T09:15:00+00:00,1.38563,1.38583,1.38553,1.38573,1843
2026-08-28T09:30:00+00:00,1.38573,1.38574,1.38553,1.38567,1645
2026-08-28T09:45:00+00:00,1.38567,1.38589,1.38561,1.38583,1154
2026-08-28T10:00:00+00:00,1.38583,1.3859,1.38514,1.38516,1640
2026-08-28T10:15:00+00:00,1.38516,1.38536,1.38488,1.38516,1419
2026-08-28T10:30:00+00:00,1.38516,1.38518,1.38475,1.38477,1198
2026-08-28T10:45:00+00:00,1.38477,1.38487,1.38451,1.38452,1539
2026-08-28T11:00:00+00:00,1.38452,1.38476,1.38447,1.38459,1413
2026-08-28T11:15:00+00:00,1.38459,1.3853,1.38458,1.38524,1667
2026-08-28T11:30:00+00:00,1.38524,1.38524,1.38484,1.38489,1822
2026-08-28T11:45:00+00:00,1.38489,1.38515,1.38474,1.38514,2029
2026-08-28T12:00:00+00:00,1.38514,1.38543,1.38508,1.38524,1813
2026-08-28T12:15:00+00:00,1.38524,1.38537,1.38476,1.38536,1875
2026-08-28T12:30:00+00:00,1.38536,1.38605,1.38533,1.38541,2561
2026-08-28T12:45:00+00:00,1.38541,1.38567,1.38514,1.38535,3063
2026-08-28T13:00:00+00:00,1.38535,1.38541,1.38484,1.38508,3174
2026-08-28T13:15:00+00:00,1.38508,1.38538,1.38493,1.38536,2360
2026-08-28T13:30:00+00:00,1.38536,1.38558,1.3849,1.38553,2380
2026-08-28T13:45:00+00:00,1.38553,1.38615,1.38508,1.38606,3062
2026-08-28T14:00:00+00:00,1.38606,1.3889,1.38426,1.38857,8661
2026-08-28T14:15:00+00:00,1.38857,1.38968,1.38816,1.38886,8030
2026-08-28T14:30:00+00:00,1.38886,1.38898,1.38793,1.38846,6478
2026-08-28T14:45:00+00:00,1.38846,1.38911,1.3877,1.38816,5555
2026-08-28T15:00:00+00:00,1.38816,1.38923,1.38814,1.3891,4119
2026-08-28T15:15:00+00:00,1.3891,1.38961,1.389,1.38941,4230
2026-08-28T15:30:00+00:00,1.38941,1.38991,1.38928,1.38946,3491
2026-08-28T15:45:00+00:00,1.38946,1.38989,1.38936,1.3897,4480
2026-08-28T16:00:00+00:00,1.3897,1.39055,1.38969,1.39047,3445
2026-08-28T16:15:00+00:00,1.39047,1.39085,1.39025,1.39048,3415
2026-08-28T16:30:00+00:00,1.39048,1.39048,1.39,1.39032,2982
2026-08-28T16:45:00+00:00,1.39032,1.39036,1.38982,1.39019,2560
2026-08-28T17:00:00+00:00,1.39019,1.39057,1.39004,1.39015,2476
2026-08-28T17:15:00+00:00,1.39015,1.39031,1.38997,1.39015,1999
2026-08-28T17:30:00+00:00,1.39015,1.39082,1.39014,1.39066,1565
2026-08-28T17:45:00+00:00,1.39066,1.39075,1.39042,1.39057,1343
2026-08-28T18:00:00+00:00,1.39057,1.39088,1.39054,1.39085,1618
2026-08-28T18:15:00+00:00,1.39085,1.39088,1.39043,1.39061,1946
2026-08-28T18:30:00+00:00,1.39061,1.39099,1.39052,1.39085,1773
2026-08-28T18:45:00+00:00,1.39085,1.39098,1.39067,1.3907,2038
2026-08-28T19:00:00+00:00,1.3907,1.39078,1.39035,1.39054,1686
2026-08-28T19:15:00+00:00,1.39054,1.39063,1.39005,1.39013,1258
2026-08-28T19:30:00+00:00,1.39013,1.39032,1.38994,1.39008,1136
2026-08-28T19:45:00+00:00,1.39008,1.3903,1.38992,1.39028,1291
2026-08-28T20:00:00+00:00,1.39028,1.39075,1.39021,1.3905,835
2026-08-28T20:15:00+00:00,1.3905,1.39057,1.39015,1.39016,739
2026-08-28T20:30:00+00:00,1.39016,1.39095,1.39013,1.39092,692
2026-08-28T20:45:00+00:00,1.39092,1.39094,1.39001,1.39013,566
2026-08-30T21:00:00+00:00,1.39084,1.39096,1.39047,1.39096,18
2026-08-30T21:15:00+00:00,1.39096,1.39097,1.39078,1.39097,14
2026-08-30T21:30:00+00:00,1.39097,1.39098,1.39092,1.39098,13
2026-08-30T21:45:00+00:00,1.39098,1.39098,1.39078,1.39098,17
2026-08-30T22:00:00+00:00,1.39098,1.39099,1.39023,1.39066,446
2026-08-30T22:15:00+00:00,1.39066,1.39077,1.39053,1.39062,258
2026-08-30T22:30:00+00:00,1.39062,1.39064,1.39025,1.39035,290
2026-08-30T22:45:00+00:00,1.39035,1.39041,1.39034,1.3903999999999999,181
2026-08-30T23:00:00+00:00,1.3903999999999999,1.39041,1.3900599999999999,1.3901299999999999,571
2026-08-30T23:15:00+00:00,1.3901299999999999,1.3901899999999998,1.39,1.39015,571
2026-08-30T23:30:00+00:00,1.39015,1.39017,1.3898599999999999,1.3899,531
2026-08-30T23:45:00+00:00,1.3899,1.3900899999999998,1.38977,1.38997,1097
2026-08-31T00:00:00+00:00,1.38997,1.39008,1.38963,1.38979,2386
2026-08-31T00:15:00+00:00,1.38979,1.39075,1.38973,1.39064,2076
2026-08-31T00:30:00+00:00,1.39064,1.39065,1.38976,1.38981,1623
2026-08-31T00:45:00+00:00,1.38981,1.3899200000000003,1.3896600000000001,1.3898800000000002,2028
2026-08-31T01:00:00+00:00,1.3898800000000002,1.3903500000000004,1.3897000000000002,1.3901700000000003,3350
2026-08-31T01:15:00+00:00,1.3901700000000003,1.3902200000000002,1.3897900000000003,1.3898800000000004,3027
2026-08-31T01:30:00+00:00,1.3898800000000004,1.3898800000000004,1.3891400000000003,1.3892200000000003,3040
2026-08-31T01:45:00+00:00,1.3892200000000003,1.3893600000000004,1.3889700000000003,1.3891700000000002,2569
2026-08-31T02:00:00+00:00,1.3891700000000002,1.3893000000000004,1.3889000000000002,1.3891000000000007,3118
2026-08-31T02:15:00+00:00,1.3891000000000007,1.3893300000000006,1.3888700000000007,1.3889400000000007,2102
2026-08-31T02:30:00+00:00,1.3889400000000007,1.389560000000001,1.3888900000000008,1.389430000000001,2416
2026-08-31T02:45:00+00:00,1.389430000000001,1.389430000000001,1.389010000000001,1.389090000000001,2202
2026-08-31T03:00:00+00:00,1.389090000000001,1.3891700000000011,1.388950000000001,1.3890400000000012,1606
2026-08-31T03:15:00+00:00,1.3890400000000012,1.3891300000000013,1.3889100000000012,1.3891000000000013,1449
2026-08-31T03:30:00+00:00,1.3891000000000013,1.3892700000000013,1.3890500000000012,1.3891100000000012,1907
2026-08-31T03:45:00+00:00,1.3891100000000012,1.3891800000000012,1.3890300000000013,1.3890400000000012,1373
2026-08-31T04:00:00+00:00,1.3890400000000012,1.3890700000000011,1.388880000000001,1.388940000000001,1999
2026-08-31T04:15:00+00:00,1.388940000000001,1.389220000000001,1.388920000000001,1.3891800000000012,2532
2026-08-31T04:30:00+00:00,1.3891800000000012,1.3892000000000013,1.3890200000000013,1.3890400000000012,2128
2026-08-31T04:45:00+00:00,1.3890400000000012,1.3891000000000011,1.388940000000001,1.3890100000000007,1462
2026-08-31T05:00:00+00:00,1.3890100000000007,1.3895600000000004,1.3890000000000007,1.3894300000000004,1707
2026-08-31T05:15:00+00:00,1.3894300000000004,1.3894600000000004,1.3893000000000004,1.3893300000000004,1232
2026-08-31T05:30:00+00:00,1.3893300000000004,1.3896300000000004,1.3892300000000004,1.3894300000000004,1650
2026-08-31T05:45:00+00:00,1.3894300000000004,1.3896400000000004,1.3893400000000002,1.3893800000000003,2598
2026-08-31T06:00:00+00:00,1.3893800000000003,1.3898200000000005,1.3893300000000004,1.3895500000000005,2315
2026-08-31T06:15:00+00:00,1.3895500000000005,1.3897400000000006,1.3893600000000006,1.3896900000000005,1776
2026-08-31T06:30:00+00:00,1.3896900000000005,1.3897900000000005,1.3893900000000006,1.3897300000000006,1524
2026-08-31T06:45:00+00:00,1.3897300000000006,1.3898800000000007,1.3896900000000005,1.3897500000000005,1409
2026-08-31T07:00:00+00:00,1.3897500000000005,1.3900200000000005,1.3894600000000006,1.3898500000000005,2156
2026-08-31T07:15:00+00:00,1.3898500000000005,1.3900500000000007,1.3892000000000007,1.3893500000000005,2523
2026-08-31T07:30:00+00:00,1.3893500000000005,1.3901100000000006,1.3893400000000007,1.3898200000000005,2661
2026-08-31T07:45:00+00:00,1.3898200000000005,1.3898500000000005,1.3892500000000005,1.3893200000000006,2560
2026-08-31T08:00:00+00:00,1.3893200000000006,1.3898700000000004,1.3888600000000006,1.3897600000000003,2914
2026-08-31T08:15:00+00:00,1.3897600000000003,1.3901400000000004,1.3896700000000004,1.3900500000000005,2783
2026-08-31T08:30:00+00:00,1.3900500000000005,1.3901300000000003,1.3898200000000003,1.3899600000000003,2504
2026-08-31T08:45:00+00:00,1.3899600000000003,1.3902100000000002,1.3898800000000002,1.3898900000000003,3674
2026-08-31T09:00:00+00:00,1.3898900000000003,1.3899800000000002,1.3894900000000003,1.3895600000000004,2677
2026-08-31T09:15:00+00:00,1.3895600000000004,1.3897400000000004,1.3893700000000002,1.3895500000000005,2520
2026-08-31T09:30:00+00:00,1.3895500000000005,1.3897800000000005,1.3894400000000005,1.3894600000000006,3067
2026-08-31T09:45:00+00:00,1.3894600000000006,1.3894600000000006,1.3891300000000006,1.3892000000000007,2093
2026-08-31T10:00:00+00:00,1.3892000000000007,1.3892700000000007,1.3887700000000007,1.3888200000000008,1818
2026-08-31T10:15:00+00:00,1.3888200000000008,1.3889200000000008,1.3886800000000008,1.3887100000000008,1976
2026-08-31T10:30:00+00:00,1.3887100000000008,1.3891500000000008,1.3887100000000008,1.3891200000000008,1472
2026-08-31T10:45:00+00:00,1.3891200000000008,1.3896000000000008,1.3889100000000008,1.3895800000000007,1431
2026-08-31T11:00:00+00:00,1.3895800000000007,1.3896700000000008,1.3893300000000008,1.389390000000001,2052
2026-08-31T11:15:00+00:00,1.389390000000001,1.389410000000001,1.3885100000000008,1.3886800000000008,1819
2026-08-31T11:30:00+00:00,1.3886800000000008,1.3890300000000007,1.3884200000000009,1.3885200000000009,1850
2026-08-31T11:45:00+00:00,1.3885200000000009,1.388910000000001,1.3884800000000008,1.3888100000000008,1811
2026-08-31T12:00:00+00:00,1.3888100000000008,1.3889300000000007,1.3885400000000008,1.3885400000000008,2219
2026-08-31T12:15:00+00:00,1.3885400000000008,1.3889200000000008,1.3881700000000008,1.3883600000000007,3343
2026-08-31T12:30:00+00:00,1.3883600000000007,1.3888100000000008,1.3881200000000007,1.3884100000000008,3184
2026-08-31T12:45:00+00:00,1.3884100000000008,1.3886400000000008,1.3880800000000006,1.3881300000000008,2582
2026-08-31T13:00:00+00:00,1.3881300000000008,1.3884400000000008,1.3880100000000006,1.3883700000000008,2510
2026-08-31T13:15:00+00:00,1.3883700000000008,1.3884200000000007,1.3876500000000007,1.3876800000000007,2224
2026-08-31T13:30:00+00:00,1.3876800000000007,1.3881600000000007,1.3872400000000007,1.3881400000000008,3538
2026-08-31T13:45:00+00:00,1.3881400000000008,1.3882600000000007,1.3876500000000007,1.3877200000000007,4112
2026-08-31T14:00:00+00:00,1.3877200000000007,1.3879900000000007,1.3871900000000008,1.3872600000000008,3288
2026-08-31T14:15:00+00:00,1.3872600000000008,1.3874900000000008,1.3864700000000008,1.3871800000000007,3482
2026-08-31T14:30:00+00:00,1.3871800000000007,1.3872100000000007,1.3867800000000008,1.3870500000000008,3236
2026-08-31T14:45:00+00:00,1.3870500000000008,1.3870500000000008,1.3856700000000008,1.3864400000000008,6043
2026-08-31T15:00:00+00:00,1.3864400000000008,1.3869200000000008,1.3862500000000006,1.3865300000000007,3465
2026-08-31T15:15:00+00:00,1.3865300000000007,1.3868600000000006,1.3863400000000008,1.3864500000000006,2307
2026-08-31T15:30:00+00:00,1.3864500000000006,1.3865500000000008,1.3861300000000008,1.3863600000000007,2367
2026-08-31T15:45:00+00:00,1.3863600000000007,1.3864400000000008,1.3859400000000008,1.3862800000000008,2112
2026-08-31T16:00:00+00:00,1.3862800000000008,1.3863300000000007,1.3859600000000007,1.3861200000000007,2129
2026-08-31T16:15:00+00:00,1.3861200000000007,1.3863300000000007,1.3860100000000009,1.3861400000000008,1582
2026-08-31T16:30:00+00:00,1.3861400000000008,1.3863700000000008,1.3859500000000007,1.3862000000000008,2160
2026-08-31T16:45:00+00:00,1.3862000000000008,1.3863300000000007,1.3859900000000007,1.3860800000000006,2122
2026-08-31T17:00:00+00:00,1.3860800000000006,1.3863200000000007,1.3857300000000008,1.3857300000000008,1431
2026-08-31T17:15:00+00:00,1.3857300000000008,1.3860000000000008,1.3856200000000007,1.3859500000000007,1416
2026-08-31T17:30:00+00:00,1.3859500000000007,1.3859500000000007,1.3855400000000007,1.3856400000000006,1504
2026-08-31T17:45:00+00:00,1.3856400000000006,1.3857800000000007,1.3855100000000007,1.3857800000000007,1449
2026-08-31T18:00:00+00:00,1.3857800000000007,1.3860400000000008,1.3855800000000007,1.3855800000000007,1499
2026-08-31T18:15:00+00:00,1.3855800000000007,1.3858600000000008,1.3855800000000007,1.3858500000000007,1796
2026-08-31T18:30:00+00:00,1.3858500000000007,1.3858900000000007,1.3855500000000007,1.3858500000000007,1663
2026-08-31T18:45:00+00:00,1.3858500000000007,1.3858500000000007,1.3855200000000008,1.3856400000000006,1653
2026-08-31T19:00:00+00:00,1.3856400000000006,1.3858200000000007,1.3855500000000007,1.3856900000000008,1557
2026-08-31T19:15:00+00:00,1.3856900000000008,1.3858200000000007,1.3854700000000006,1.3857900000000007,1153
2026-08-31T19:30:00+00:00,1.3857900000000007,1.3859300000000008,1.3857300000000008,1.3858400000000008,1124
2026-08-31T19:45:00+00:00,1.3858400000000008,1.3860900000000007,1.3856500000000007,1.3860000000000008,1453
2026-08-31T20:00:00+00:00,1.3860000000000008,1.3860700000000008,1.3857600000000008,1.3860400000000008,800
2026-08-31T20:15:00+00:00,1.3860400000000008,1.3860600000000007,1.3859300000000008,1.3860300000000008,443
2026-08-31T20:30:00+00:00,1.3860300000000008,1.3860500000000007,1.3853500000000007,1.3856100000000007,628
2026-08-31T20:45:00+00:00,1.3856100000000007,1.3858200000000007,1.3854400000000007,1.3854400000000007,920
2026-08-31T21:00:00+00:00,1.3854400000000007,1.3854400000000007,1.3849,1.38515,57
2026-08-31T21:15:00+00:00,1.38515,1.38561,1.38501,1.38523,334
2026-08-31T21:30:00+00:00,1.38523,1.38541,1.38515,1.38516,248
2026-08-31T21:45:00+00:00,1.38516,1.38526,1.3851,1.38512,400
2026-08-31T22:00:00+00:00,1.38512,1.38572,1.38512,1.38554,244
2026-08-31T22:15:00+00:00,1.38554,1.38556,1.38537,1.38547,143
2026-08-31T22:30:00+00:00,1.38547,1.38554,1.38544,1.3855,179
2026-08-31T22:45:00+00:00,1.3855,1.38555,1.38543,1.38547,353
2026-08-31T23:00:00+00:00,1.38547,1.3857,1.38547,1.38567,470
2026-08-31T23:15:00+00:00,1.38567,1.3857,1.38531,1.38534,419
2026-08-31T23:30:00+00:00,1.38534,1.38544,1.38526,1.38529,594
2026-08-31T23:45:00+00:00,1.38529,1.38551,1.38521,1.38522,493
2026-09-01T00:00:00+00:00,1.38522,1.38531,1.38456,1.38469,2002
2026-09-01T00:15:00+00:00,1.38469,1.38477,1.38449,1.38458,2108
2026-09-01T00:30:00+00:00,1.38458,1.38505,1.38458,1.38504,2003
2026-09-01T00:45:00+00:00,1.38504,1.38545,1.38492,1.38543,2373
2026-09-01T01:00:00+00:00,1.38543,1.38611,1.38538,1.386,2675
2026-09-01T01:15:00+00:00,1.386,1.38634,1.38584,1.3863,1893
2026-09-01T01:30:00+00:00,1.3863,1.38634,1.38592,1.38596,2176
2026-09-01T01:45:00+00:00,1.38596,1.3864,1.38594,1.38613,2446
2026-09-01T02:00:00+00:00,1.38613,1.38661,1.38613,1.3864,2254
2026-09-01T02:15:00+00:00,1.3864,1.38641,1.38615,1.38623,1877
2026-09-01T02:30:00+00:00,1.38623,1.38648,1.38621,1.38628,1553
2026-09-01T02:45:00+00:00,1.38628,1.38637,1.38617,1.38622,1542
2026-09-01T03:00:00+00:00,1.38622,1.38644,1.38621,1.38625,2555
2026-09-01T03:15:00+00:00,1.38625,1.38667,1.3862,1.38658,1436
2026-09-01T03:30:00+00:00,1.38658,1.38664,1.38636,1.38662,2105
2026-09-01T03:45:00+00:00,1.38662,1.38681,1.38654,1.3868,1313
2026-09-01T04:00:00+00:00,1.3868,1.38685,1.38664,1.38684,837
2026-09-01T04:15:00+00:00,1.38684,1.38702,1.38683,1.38698,690
2026-09-01T04:30:00+00:00,1.38698,1.38704,1.38675,1.38679,1306
2026-09-01T04:45:00+00:00,1.38679,1.38688,1.38661,1.38665,974
2026-09-01T05:00:00+00:00,1.38665,1.38666,1.38633,1.38654,1277
2026-09-01T05:15:00+00:00,1.38654,1.38668,1.38647,1.38648,954
2026-09-01T05:30:00+00:00,1.38648,1.38661,1.38632,1.38652,2258
2026-09-01T05:45:00+00:00,1.38652,1.38669,1.38638,1.38663,1854
2026-09-01T06:00:00+00:00,1.38663,1.38669,1.38596,1.3862,2103
2026-09-01T06:15:00+00:00,1.3862,1.38677,1.38597,1.38671,1760
2026-09-01T06:30:00+00:00,1.38671,1.38694,1.38657,1.38675,2061
2026-09-01T06:45:00+00:00,1.38675,1.38702,1.38651,1.38669,1785
2026-09-01T07:00:00+00:00,1.38669,1.38678,1.38629,1.38668,3351
2026-09-01T07:15:00+00:00,1.38668,1.38698,1.38646,1.38692,2628
2026-09-01T07:30:00+00:00,1.38692,1.38749,1.38686,1.38744,2561
2026-09-01T07:45:00+00:00,1.38744,1.38744,1.38706,1.38724,2175
2026-09-01T08:00:00+00:00,1.38724,1.38756,1.38708,1.38754,2684
2026-09-01T08:15:00+00:00,1.38754,1.38756,1.38706,1.38731,1829
2026-09-01T08:30:00+00:00,1.38731,1.38767,1.38724,1.38735,2073
2026-09-01T08:45:00+00:00,1.38735,1.3874,1.38694,1.3871,2161
2026-09-01T09:00:00+00:00,1.3871,1.38725,1.38687,1.38696,2288
2026-09-01T09:15:00+00:00,1.38696,1.38724,1.38684,1.38686,2260
2026-09-01T09:30:00+00:00,1.38686,1.38717,1.38662,1.38677,2348
2026-09-01T09:45:00+00:00,1.38677,1.38695,1.3866,1.38693,2222
2026-09-01T10:00:00+00:00,1.38693,1.38758,1.38673,1.38727,3103
2026-09-01T10:15:00+00:00,1.38727,1.38746,1.38706,1.38711,2165
2026-09-01T10:30:00+00:00,1.38711,1.38748,1.38703,1.38733,1666
2026-09-01T10:45:00+00:00,1.38733,1.38745,1.38723,1.38735,1824
2026-09-01T11:00:00+00:00,1.38735,1.38757,1.38732,1.38755,1821
2026-09-01T11:15:00+00:00,1.38755,1.38778,1.38736,1.38761,2569
2026-09-01T11:30:00+00:00,1.38761,1.38825,1.38749,1.38806,2542
2026-09-01T11:45:00+00:00,1.38806,1.38814,1.38779,1.38807,2132
2026-09-01T12:00:00+00:00,1.38807,1.38879,1.38803,1.38856,2656
2026-09-01T12:15:00+00:00,1.38856,1.38871,1.38774,1.388,2999
2026-09-01T12:30:00+00:00,1.388,1.38833,1.3877,1.38813,2393
2026-09-01T12:45:00+00:00,1.38813,1.38846,1.3881,1.38833,2349
2026-09-01T13:00:00+00:00,1.38833,1.389,1.38814,1.389,2146
2026-09-01T13:15:00+00:00,1.389,1.38926,1.38848,1.38925,2253
2026-09-01T13:30:00+00:00,1.38925,1.3895,1.38877,1.38879,3541
2026-09-01T13:45:00+00:00,1.38879,1.38899,1.38832,1.38867,3321
2026-09-01T14:00:00+00:00,1.38867,1.38897,1.38803,1.38841,3753
2026-09-01T14:15:00+00:00,1.38841,1.38947,1.38834,1.38946,3279
2026-09-01T14:30:00+00:00,1.38946,1.38958,1.38889,1.38909,3161
2026-09-01T14:45:00+00:00,1.38909,1.39042,1.38898,1.39036,3790
2026-09-01T15:00:00+00:00,1.39036,1.39066,1.39006,1.39031,3588
2026-09-01T15:15:00+00:00,1.39031,1.39065,1.38986,1.39007,3561
2026-09-01T15:30:00+00:00,1.39007,1.39018,1.38969,1.38991,2899
2026-09-01T15:45:00+00:00,1.38991,1.39057,1.38983,1.39035,2299
2026-09-01T16:00:00+00:00,1.39035,1.39059,1.39025,1.39037,2393
2026-09-01T16:15:00+00:00,1.39037,1.39046,1.38978,1.39014,3101
2026-09-01T16:30:00+00:00,1.39014,1.39033,1.38985,1.39033,2282
2026-09-01T16:45:00+00:00,1.39033,1.39052,1.39023,1.39049,1790
2026-09-01T17:00:00+00:00,1.39049,1.39055,1.39031,1.39038,2462
2026-09-01T17:15:00+00:00,1.39038,1.39066,1.39025,1.39033,2103
2026-09-01T17:30:00+00:00,1.39033,1.39064,1.39005,1.39061,1988
2026-09-01T17:45:00+00:00,1.39061,1.39064,1.39041,1.3905,1689
2026-09-01T18:00:00+00:00,1.3905,1.39057,1.3903,1.39044,1508
2026-09-01T18:15:00+00:00,1.39044,1.39052,1.38982,1.38988,1445
2026-09-01T18:30:00+00:00,1.38988,1.3901,1.38983,1.39003,1875
2026-09-01T18:45:00+00:00,1.39003,1.39004,1.38936,1.38937,1735
2026-09-01T19:00:00+00:00,1.38937,1.38952,1.38925,1.3894,1739
2026-09-01T19:15:00+00:00,1.3894,1.38942,1.3892,1.38936,1171
2026-09-01T19:30:00+00:00,1.38936,1.38971,1.38932,1.3897,1362
2026-09-01T19:45:00+00:00,1.3897,1.38983,1.38946,1.38968,1456
2026-09-01T20:00:00+00:00,1.38968,1.38976,1.38953,1.38975,801
2026-09-01T20:15:00+00:00,1.38975,1.38979,1.38965,1.38978,558
2026-09-01T20:30:00+00:00,1.38978,1.38979,1.38957,1.3897,673
2026-09-01T20:45:00+00:00,1.3897,1.38979,1.38949,1.38949,655
2026-09-01T21:00:00+00:00,1.38949,1.38949,1.3889,1.38905,14
2026-09-01T21:15:00+00:00,1.38905,1.3898,1.38894,1.3898,241
2026-09-01T21:30:00+00:00,1.3898,1.38997,1.38974,1.38995,231
2026-09-01T21:45:00+00:00,1.38995,1.39001,1.38983,1.38998,447
2026-09-01T22:00:00+00:00,1.38998,1.39003,1.38952,1.38968,620
2026-09-01T22:15:00+00:00,1.38968,1.38969,1.38935,1.38958,252
2026-09-01T22:30:00+00:00,1.38958,1.38976,1.38948,1.38965,354
2026-09-01T22:45:00+00:00,1.38965,1.38969,1.38946,1.38948,423
2026-09-01T23:00:00+00:00,1.38948,1.38952,1.38944,1.38946,328
2026-09-01T23:15:00+00:00,1.38946,1.3896,1.38946,1.38959,157
2026-09-01T23:30:00+00:00,1.38959,1.38967,1.38947,1.38947,131
2026-09-01T23:45:00+00:00,1.38947,1.38959,1.38938,1.38959,558
2026-09-02T00:00:00+00:00,1.38959,1.38989,1.38954,1.38976,2040
2026-09-02T00:15:00+00:00,1.38976,1.3899,1.38956,1.38977,2635
2026-09-02T00:30:00+00:00,1.38977,1.38982,1.38944,1.38947,1829
2026-09-02T00:45:00+00:00,1.38947,1.38994,1.38947,1.3899,2857
2026-09-02T01:00:00+00:00,1.3899,1.39021,1.38986,1.39013,4148
2026-09-02T01:15:00+00:00,1.39013,1.39016,1.38962,1.38981,2942
2026-09-02T01:30:00+00:00,1.38981,1.39017,1.38964,1.39001,3956
2026-09-02T01:45:00+00:00,1.39001,1.39026,1.38997,1.39015,2481
2026-09-02T02:00:00+00:00,1.39015,1.39039,1.39014,1.39036,140
